personnel_id,rank,rank_tier,deployment_zone,tenure_months,overtime_hours,leave_deficit_days,deployment_risk_index,duty_rotation_cycle,peer_incident_count,shift_irregularity_score,sentiment_polarity,negative_affect_score,linguistic_fatigue_index,self_isolation_score,cognitive_overload_score,avg_sleep_hours,deep_sleep_ratio,hrv_rmssd,resting_heart_rate,daily_step_count,hydration_adherence_ratio,late_night_screen_minutes,screen_time_hours,stress_probability,burnout_probability,welfare_risk,risk_level
DEF-10000,Sepoy,1,Field Outpost,43,11.0,,0.45,2,,0.355,0.28,0.093,0.288,,0.04,7.3,0.325,50.3,67.0,10330.0,,29.0,2.7,0.0901,0.1343,0,LOW
DEF-10001,Major,4,High Altitude (Siachen/Ladakh),9,11.1,10.0,0.85,1,0.0,0.3,,0.434,0.636,,0.19,7.5,0.2,56.4,74.0,,,47.0,,0.1842,0.1673,0,LOW
DEF-10002,Havildar,2,High Altitude (Siachen/Ladakh),87,19.7,9.0,0.85,3,0.0,0.159,,0.632,,0.552,0.347,,0.185,58.4,65.0,9029.0,0.89,46.0,3.9,0.1073,0.133,0,LOW
DEF-10003,Naik,1,Field Outpost,82,20.7,10.0,0.45,2,0.0,0.709,,0.711,0.302,0.647,0.316,7.3,0.196,52.1,,7471.0,0.75,56.0,,0.3223,0.4485,1,MEDIUM
DEF-10004,Sepoy,1,Field Outpost,86,26.8,13.0,0.45,2,0.0,0.27,0.175,0.687,0.576,0.805,0.36,8.0,0.222,,,15501.0,0.67,72.0,4.2,0.4069,0.3383,1,MEDIUM
DEF-10005,Sepoy,1,High Altitude (Siachen/Ladakh),37,1.2,22.0,0.85,4,0.0,0.351,-0.153,0.245,0.226,0.348,0.0,6.8,,,69.0,12386.0,,34.0,2.6,0.1044,0.1336,0,LOW
DEF-10006,Sepoy,1,High Altitude (Siachen/Ladakh),44,10.4,16.0,0.85,3,0.0,0.254,-0.0,0.878,,0.643,0.403,,0.159,,71.0,3498.0,,67.0,3.2,0.2589,0.3277,0,LOW
DEF-10007,Subedar,3,Peace Station,43,24.4,17.0,0.15,2,2.0,0.486,0.058,0.468,0.332,0.311,0.41,6.1,0.28,47.5,71.0,,,57.0,2.7,0.173,0.1454,0,LOW
DEF-10008,Naik,1,Peace Station,119,0.0,6.0,0.15,4,0.0,0.619,0.33,,0.276,0.209,0.116,6.8,,64.0,66.0,10387.0,0.81,50.0,3.0,0.3793,0.3294,1,MEDIUM
DEF-10009,Havildar,2,Peace Station,72,4.0,10.0,0.15,2,0.0,0.477,0.28,0.28,0.278,0.348,0.16,6.9,0.322,67.4,63.0,12806.0,,54.0,3.2,0.0904,0.1328,0,LOW
DEF-10010,Sepoy,1,Peace Station,66,,11.0,0.15,3,2.0,0.381,-0.353,0.188,0.332,0.327,0.037,7.5,,,,2679.0,0.87,29.0,2.2,0.0505,0.0937,0,LOW
DEF-10011,Major,4,Peace Station,99,31.4,19.0,0.15,2,0.0,0.369,-0.429,0.84,0.4,0.42,,6.2,0.223,47.9,,,0.71,81.0,3.0,0.5428,0.5819,1,MEDIUM
DEF-10012,Havildar,2,Peace Station,43,5.7,,0.15,1,0.0,0.052,0.05,0.437,0.478,0.652,0.251,6.0,0.216,68.4,72.0,,0.77,63.0,3.2,0.3125,0.3631,0,LOW
DEF-10013,Sepoy,1,High Altitude (Siachen/Ladakh),79,23.2,17.0,0.85,4,0.0,0.2,-0.54,,0.835,0.532,0.576,5.5,0.186,,77.0,7076.0,,86.0,3.9,0.6475,0.6261,1,MEDIUM
DEF-10014,Sepoy,1,Field Outpost,180,13.8,10.0,0.45,1,0.0,0.357,,0.224,,0.271,0.164,7.4,,,66.0,14177.0,,55.0,2.0,0.2666,0.3363,0,LOW
DEF-10015,Sepoy,1,Peace Station,129,4.3,11.0,0.15,1,0.0,0.366,0.159,0.229,0.058,0.468,0.135,,,,73.0,11092.0,0.82,35.0,2.0,0.2744,0.3558,0,LOW
DEF-10016,Sepoy,1,Field Outpost,79,37.8,12.0,0.45,1,0.0,0.26,-0.312,0.616,0.421,0.509,0.721,,,55.7,73.0,13811.0,0.82,,4.0,0.8196,0.7147,2,HIGH
DEF-10017,Naik,1,High Altitude (Siachen/Ladakh),67,15.7,12.0,0.85,1,0.0,0.486,-0.52,0.233,0.582,0.471,,7.5,0.241,52.1,75.0,10667.0,0.67,,,0.3006,0.414,0,LOW
DEF-10018,Sepoy,1,Field Outpost,86,17.2,19.0,0.45,1,1.0,0.235,,,0.647,0.389,0.158,,0.301,68.0,,11990.0,0.77,57.0,3.1,0.0425,0.2112,0,LOW
DEF-10019,Sepoy,1,Field Outpost,139,18.5,17.0,0.45,2,0.0,0.335,0.077,0.457,0.352,0.21,0.377,7.1,0.3,56.7,71.0,11304.0,0.77,42.0,2.8,0.2161,0.4194,0,LOW
DEF-10020,Naik,1,Peace Station,134,17.9,15.0,0.15,4,0.0,0.243,,0.175,0.197,0.489,,,0.21,59.7,63.0,7477.0,,31.0,3.0,0.1738,0.3632,0,LOW
DEF-10021,Sepoy,1,Field Outpost,152,32.3,11.0,0.45,1,0.0,0.514,-0.329,,0.615,,0.633,,0.163,,81.0,4626.0,,104.0,3.3,0.7655,0.6771,2,HIGH
DEF-10022,Sepoy,1,Field Outpost,74,29.2,13.0,0.45,3,0.0,0.517,-0.779,,0.452,0.812,0.693,7.9,0.232,46.1,,7841.0,0.55,64.0,,0.3447,0.2978,0,LOW
DEF-10023,Sepoy,1,Field Outpost,12,6.1,13.0,0.45,1,0.0,0.162,-0.13,0.487,0.605,0.222,0.123,,0.262,55.1,59.0,11916.0,0.72,64.0,2.5,0.4231,0.1713,0,LOW
DEF-10024,Naik,1,Field Outpost,173,31.2,,0.45,1,0.0,0.147,,0.632,,,0.48,8.1,0.228,36.8,,11074.0,,122.0,1.9,0.6372,0.8058,2,HIGH
DEF-10025,Havildar,2,Field Outpost,38,8.0,9.0,0.45,2,0.0,0.372,-0.192,0.464,0.417,0.506,0.277,,0.15,40.9,69.0,8658.0,0.61,66.0,2.1,0.2293,0.192,0,LOW
DEF-10026,Sepoy,1,Field Outpost,98,16.7,16.0,0.45,3,2.0,0.278,-0.204,,0.803,1.0,0.647,4.9,0.209,,77.0,,0.33,148.0,,0.9075,0.7763,2,HIGH
DEF-10027,Naik,1,Field Outpost,12,1.7,12.0,0.45,1,0.0,0.166,0.083,0.616,0.204,0.24,0.061,7.2,,64.4,58.0,,0.98,22.0,3.0,0.1177,0.1133,0,LOW
DEF-10028,Naik,1,Peace Station,65,22.8,10.0,0.15,1,0.0,0.352,-0.012,,,0.56,0.339,6.0,0.235,50.5,70.0,7982.0,,94.0,2.6,0.6015,0.5274,1,MEDIUM
DEF-10029,Sepoy,1,Field Outpost,52,11.4,12.0,0.45,1,1.0,0.702,0.44,1.0,0.457,0.455,0.071,7.0,,,62.0,,,35.0,2.3,0.1393,0.0992,0,LOW
DEF-10030,Naik,1,Counter-Insurgency,152,4.2,10.0,0.9,4,0.0,0.156,0.016,0.573,0.7,0.342,0.179,,0.083,55.0,67.0,8106.0,0.73,101.0,3.6,0.1481,0.2818,0,LOW
DEF-10031,Sepoy,1,High Altitude (Siachen/Ladakh),79,24.1,10.0,0.85,1,0.0,0.161,0.541,0.261,0.292,0.254,0.335,6.6,0.299,,65.0,,0.7,,,0.2958,0.3392,0,LOW
DEF-10032,Sepoy,1,Counter-Insurgency,65,26.2,15.0,0.9,2,2.0,0.377,,,0.659,0.75,,6.1,0.227,,,10269.0,0.61,91.0,5.2,0.2872,0.385,0,LOW
DEF-10033,Major,4,Peace Station,84,26.5,7.0,0.15,3,0.0,,0.165,0.519,0.651,0.649,0.455,7.1,0.242,53.4,65.0,7916.0,0.74,53.0,3.5,0.4774,0.4005,1,MEDIUM
DEF-10034,Major,4,Peace Station,6,,13.0,0.15,2,0.0,0.444,-0.075,,0.451,0.22,0.169,6.6,,46.2,72.0,,0.84,47.0,3.4,0.2884,0.2308,0,LOW
DEF-10035,Havildar,2,Field Outpost,42,27.4,11.0,0.45,4,0.0,0.298,0.033,0.617,0.904,0.356,0.413,5.9,0.173,51.9,66.0,10276.0,0.72,48.0,,0.4679,0.3728,1,MEDIUM
DEF-10036,Sepoy,1,Peace Station,47,11.4,16.0,0.15,4,0.0,0.41,-0.456,0.38,,0.602,0.356,7.7,0.206,56.8,59.0,9857.0,,56.0,4.2,0.2318,0.2212,0,LOW
DEF-10037,Sepoy,1,Peace Station,92,31.4,13.0,0.15,2,0.0,0.825,0.338,0.482,0.692,,,7.4,0.25,,68.0,5629.0,0.6,,3.8,0.3843,0.4306,1,MEDIUM
DEF-10038,Naik,1,Field Outpost,33,19.3,9.0,0.45,2,0.0,0.406,-0.096,0.397,0.149,0.517,0.147,6.9,0.272,59.5,73.0,7303.0,0.88,,3.6,0.1429,0.0669,0,LOW
DEF-10039,Sepoy,1,Peace Station,72,16.1,7.0,0.15,1,,0.593,0.35,0.324,0.464,0.49,0.031,,0.306,60.4,63.0,,0.73,,2.0,0.0527,0.1426,0,LOW
DEF-10040,Sepoy,1,Peace Station,61,14.1,15.0,0.15,4,0.0,0.184,0.231,0.636,0.416,0.568,0.467,6.3,0.122,,89.0,2003.0,0.65,78.0,4.0,0.4096,0.427,1,MEDIUM
DEF-10041,Naik,1,Counter-Insurgency,44,13.9,5.0,0.9,1,1.0,0.114,-0.15,0.34,0.629,0.441,0.493,,0.165,53.1,,6894.0,0.81,,1.7,0.3086,0.382,0,LOW
DEF-10042,Sepoy,1,Peace Station,46,8.2,,0.15,3,0.0,0.719,0.387,0.583,,0.253,0.141,7.1,,,,10747.0,0.74,33.0,3.8,0.6943,0.5431,1,MEDIUM
DEF-10043,Subedar,3,Peace Station,61,4.9,14.0,0.15,1,0.0,0.426,-0.111,0.214,0.742,0.392,0.324,7.3,0.269,58.7,59.0,10451.0,,24.0,1.7,0.1884,0.2506,0,LOW
DEF-10044,Sepoy,1,Peace Station,15,10.9,7.0,0.15,1,2.0,0.261,,0.285,0.386,0.38,0.12,6.8,0.281,47.9,67.0,,,74.0,,0.4338,0.2899,1,MEDIUM
DEF-10045,Naik,1,High Altitude (Siachen/Ladakh),100,24.1,16.0,0.85,1,0.0,0.179,-0.234,0.513,0.607,1.0,0.773,6.0,0.217,46.5,65.0,6438.0,,78.0,4.1,0.7565,0.772,2,HIGH
DEF-10046,Sepoy,1,High Altitude (Siachen/Ladakh),38,2.1,9.0,0.85,2,0.0,0.161,-0.136,0.659,0.34,0.299,0.222,7.2,0.234,52.2,,4993.0,,53.0,2.3,0.1869,0.192,0,LOW
DEF-10047,Naik,1,Peace Station,54,25.4,8.0,0.15,1,,,-0.249,0.606,0.453,0.384,0.528,,0.231,56.7,68.0,,0.71,72.0,,0.2557,0.2899,0,LOW
DEF-10048,Naik,1,Peace Station,149,15.2,12.0,0.15,1,2.0,0.533,-0.291,0.472,0.464,,0.171,7.5,0.262,56.4,74.0,4915.0,0.83,72.0,,0.2209,0.3062,0,LOW
DEF-10049,Sepoy,1,High Altitude (Siachen/Ladakh),101,20.6,6.0,0.85,1,,0.569,0.096,0.624,0.6,0.247,0.196,7.2,0.268,,68.0,8569.0,0.7,64.0,3.2,0.3917,0.3326,1,MEDIUM
DEF-10050,Major,4,Peace Station,29,21.1,18.0,0.15,1,2.0,0.454,-0.187,,0.425,0.64,0.399,5.7,,52.3,74.0,,0.75,65.0,3.7,0.4996,0.4165,1,MEDIUM
DEF-10051,Havildar,2,Counter-Insurgency,6,21.9,12.0,0.9,2,0.0,0.706,,0.463,0.874,0.488,0.536,7.4,0.226,57.1,69.0,5301.0,0.69,63.0,3.8,0.0659,0.0569,0,LOW
DEF-10052,Major,4,Field Outpost,86,14.2,,0.45,1,0.0,0.724,0.095,0.212,0.353,0.607,0.234,7.6,,68.9,,5920.0,0.84,43.0,3.3,0.1524,0.1208,0,LOW
DEF-10053,Subedar,3,Peace Station,56,14.4,9.0,0.15,1,0.0,0.472,,0.519,0.299,0.322,0.102,7.1,,57.8,72.0,10572.0,,55.0,,0.2082,0.118,0,LOW
DEF-10054,Naik,1,Counter-Insurgency,72,21.6,11.0,0.9,2,2.0,0.303,-0.067,,0.581,0.857,0.53,4.8,0.157,61.3,78.0,6064.0,0.77,,3.6,0.6032,0.5194,1,MEDIUM
DEF-10055,Subedar,3,Peace Station,99,5.1,14.0,0.15,3,0.0,0.738,-0.247,0.276,0.486,,0.401,5.6,0.184,61.1,69.0,9748.0,,97.0,2.1,0.1107,0.2297,0,LOW
DEF-10056,Sepoy,1,Peace Station,108,,7.0,0.15,2,0.0,0.197,-0.369,0.494,0.496,0.517,0.176,6.9,0.252,,,9109.0,0.71,69.0,2.1,0.3481,0.4385,1,MEDIUM
DEF-10057,Sepoy,1,Peace Station,49,10.1,9.0,0.15,4,0.0,0.586,,0.437,0.419,0.261,0.105,6.9,0.235,,58.0,,0.75,,,0.02,0.1317,0,LOW
DEF-10058,Sepoy,1,High Altitude (Siachen/Ladakh),60,16.4,15.0,0.85,1,0.0,0.659,-0.313,,0.786,0.654,0.284,4.5,0.224,,77.0,12044.0,0.78,83.0,4.3,0.7727,0.6966,2,HIGH
DEF-10059,Sepoy,1,Peace Station,81,30.3,14.0,0.15,3,0.0,0.537,-0.191,0.506,0.346,0.477,0.486,6.3,0.215,50.6,66.0,6094.0,,40.0,2.7,0.3192,0.3268,0,LOW
DEF-10060,Sepoy,1,Field Outpost,84,14.4,8.0,0.45,2,0.0,0.311,-0.233,0.357,0.155,0.434,0.238,7.1,0.204,45.6,,10938.0,,36.0,2.7,0.3221,0.3132,0,LOW
DEF-10061,Sepoy,1,Peace Station,72,31.0,9.0,0.15,2,0.0,0.7,-0.637,0.495,0.975,0.607,0.679,,0.209,41.3,,10416.0,0.54,,3.6,0.649,0.5642,1,MEDIUM
DEF-10062,Havildar,2,High Altitude (Siachen/Ladakh),140,18.4,11.0,0.85,2,0.0,0.411,,,0.51,,0.271,6.7,0.275,52.3,,8034.0,0.7,73.0,3.5,0.4371,0.4448,1,MEDIUM
DEF-10063,Sepoy,1,Peace Station,83,10.1,13.0,0.15,1,0.0,0.112,-0.149,,,0.651,0.313,6.4,0.283,49.4,71.0,9141.0,,,3.3,0.233,0.2546,0,LOW
DEF-10064,Sepoy,1,Peace Station,98,23.8,9.0,0.15,1,0.0,0.407,-0.001,0.294,0.422,0.531,0.286,,0.276,57.2,,10881.0,0.72,75.0,,0.0757,0.1471,0,LOW
DEF-10065,Naik,1,Field Outpost,76,11.9,16.0,0.45,2,0.0,0.662,-0.055,0.823,,0.562,0.205,6.2,,50.9,74.0,10087.0,,,4.0,0.5789,0.5102,1,MEDIUM
DEF-10066,Sepoy,1,High Altitude (Siachen/Ladakh),32,16.1,10.0,0.85,1,0.0,0.46,0.013,0.283,0.423,0.224,0.262,7.8,0.242,,,6668.0,0.88,,1.9,0.6746,0.5337,1,MEDIUM
DEF-10067,Havildar,2,High Altitude (Siachen/Ladakh),42,,12.0,0.85,2,2.0,0.494,0.089,0.628,0.786,0.422,0.202,5.9,0.178,47.8,76.0,7518.0,0.75,76.0,2.4,0.1169,0.1241,0,LOW
DEF-10068,Sepoy,1,Peace Station,28,,18.0,0.15,3,0.0,0.419,0.355,,0.298,0.39,0.092,7.8,0.263,,,8096.0,0.93,25.0,2.1,0.0665,0.2044,0,LOW
DEF-10069,Colonel,4,High Altitude (Siachen/Ladakh),115,18.7,9.0,0.85,1,0.0,0.222,-0.485,,0.543,0.467,,7.1,,33.2,78.0,6358.0,0.7,62.0,3.4,0.4581,0.4833,1,MEDIUM
DEF-10070,Havildar,2,Field Outpost,21,23.4,14.0,0.45,1,0.0,0.216,0.554,0.581,0.369,0.373,0.269,6.7,0.252,56.2,69.0,14298.0,,,2.8,0.0592,0.2564,0,LOW
DEF-10071,Sepoy,1,Peace Station,58,30.5,13.0,0.15,1,0.0,0.082,-0.325,0.67,,0.579,0.407,6.3,0.244,,72.0,,,,3.0,0.4581,0.3446,1,MEDIUM
DEF-10072,Sepoy,1,High Altitude (Siachen/Ladakh),51,7.1,7.0,0.85,1,0.0,0.205,0.014,0.436,0.541,0.21,0.0,6.8,0.198,,68.0,10666.0,0.82,54.0,2.3,0.1157,0.1494,0,LOW
DEF-10073,Havildar,2,Field Outpost,50,26.4,12.0,0.45,1,1.0,0.799,-0.532,0.625,,0.572,,4.9,,22.7,,7292.0,,79.0,4.0,0.9528,0.7764,2,HIGH
DEF-10074,Havildar,2,Field Outpost,53,25.2,13.0,0.45,1,0.0,0.373,-0.137,0.484,,0.572,0.513,6.6,0.212,30.3,72.0,8805.0,0.54,72.0,2.0,0.6676,0.4687,1,MEDIUM
DEF-10075,Havildar,2,Counter-Insurgency,155,9.8,8.0,0.9,1,1.0,0.392,0.014,,0.672,0.667,0.379,4.7,0.159,42.9,79.0,12438.0,0.71,88.0,,0.6451,0.5829,1,MEDIUM
DEF-10076,Havildar,2,Field Outpost,15,25.8,8.0,0.45,1,1.0,0.556,0.262,0.603,,0.373,0.375,5.7,0.234,59.1,,,0.77,51.0,,0.5718,0.4551,1,MEDIUM
DEF-10077,Sepoy,1,Peace Station,130,22.0,11.0,0.15,1,0.0,0.161,0.084,0.058,,0.216,0.197,7.5,,,68.0,5839.0,0.83,29.0,2.2,0.1287,0.2373,0,LOW
DEF-10078,Sepoy,1,Counter-Insurgency,56,23.7,15.0,0.9,4,0.0,0.466,,0.803,0.82,,0.599,,0.207,32.6,,11886.0,0.53,76.0,3.3,0.6662,0.6417,1,MEDIUM
DEF-10079,Sepoy,1,Peace Station,104,32.4,14.0,0.15,4,0.0,0.339,0.456,0.638,0.346,0.525,0.353,7.4,0.217,,71.0,8219.0,0.72,42.0,1.6,0.1231,0.2277,0,LOW
DEF-10080,Subedar,3,Field Outpost,67,,13.0,0.45,1,0.0,0.079,0.081,0.684,0.512,0.896,0.573,5.0,,38.6,85.0,3868.0,0.71,69.0,3.0,0.6825,0.7458,2,HIGH
DEF-10081,Naik,1,Peace Station,30,0.0,13.0,0.15,1,0.0,0.792,-0.45,,0.253,0.399,,6.1,,54.6,62.0,8519.0,0.63,28.0,2.3,0.2786,0.2397,0,LOW
DEF-10082,Sepoy,1,Peace Station,137,16.7,11.0,0.15,2,0.0,0.708,-0.048,,0.39,0.396,0.243,8.0,0.212,57.4,73.0,6639.0,0.59,84.0,3.2,0.0642,0.111,0,LOW
DEF-10083,Sepoy,1,High Altitude (Siachen/Ladakh),126,0.7,6.0,0.85,1,0.0,0.453,-0.469,0.545,,0.474,0.28,6.3,,,,4934.0,0.83,101.0,4.0,0.546,0.4635,1,MEDIUM
DEF-10084,Sepoy,1,Field Outpost,31,15.3,11.0,0.45,2,0.0,0.577,-0.386,1.0,0.836,,,,,47.5,71.0,,0.67,74.0,,0.5771,0.4949,1,MEDIUM
DEF-10085,Sepoy,1,Field Outpost,90,14.8,12.0,0.45,1,0.0,0.476,-0.156,0.418,0.714,0.543,0.339,5.8,0.248,44.4,,8876.0,0.76,,3.8,0.4734,0.4047,1,MEDIUM
DEF-10086,Havildar,2,High Altitude (Siachen/Ladakh),44,,,0.85,1,0.0,0.096,-0.019,,0.485,0.531,0.394,6.0,0.14,43.3,76.0,2999.0,0.76,59.0,4.4,0.2908,0.2565,0,LOW
DEF-10087,Naik,1,Peace Station,21,,14.0,0.15,3,0.0,0.731,,0.288,0.566,0.508,0.435,7.1,,57.6,,,0.71,59.0,2.7,0.1074,0.2182,0,LOW
DEF-10088,Subedar,3,Field Outpost,38,9.5,12.0,0.45,3,1.0,0.509,0.274,0.622,0.324,0.715,0.424,7.4,0.291,38.2,71.0,7143.0,0.83,67.0,2.8,0.6293,0.4847,1,MEDIUM
DEF-10089,Naik,1,High Altitude (Siachen/Ladakh),133,11.1,9.0,0.85,4,0.0,0.433,-0.417,0.547,0.429,0.688,0.417,6.8,,48.2,71.0,10914.0,0.81,58.0,3.3,0.5419,0.6363,1,MEDIUM
DEF-10090,Sepoy,1,High Altitude (Siachen/Ladakh),105,12.9,8.0,0.85,1,0.0,0.125,-0.492,0.641,0.716,0.882,0.557,6.5,,,80.0,9272.0,0.52,91.0,3.5,0.4083,0.4118,1,MEDIUM
DEF-10091,Havildar,2,Field Outpost,53,14.9,15.0,0.45,3,0.0,0.083,-0.02,0.374,0.341,0.484,0.244,,,51.6,68.0,4417.0,0.82,93.0,,0.5664,0.4548,1,MEDIUM
DEF-10092,Havildar,2,Field Outpost,133,19.0,10.0,0.45,2,1.0,0.247,-0.252,,0.741,0.42,0.319,6.1,0.18,49.5,74.0,8182.0,0.6,52.0,2.0,0.2755,0.2719,0,LOW
DEF-10093,Naik,1,Field Outpost,120,11.3,9.0,0.45,2,1.0,0.756,0.164,0.306,0.472,0.22,0.247,6.1,,53.1,64.0,13430.0,,52.0,2.7,0.0944,0.2147,0,LOW
DEF-10094,Havildar,2,Field Outpost,38,24.9,6.0,0.45,3,1.0,,,,,0.565,,6.0,,34.4,78.0,5635.0,0.48,89.0,4.1,0.6096,0.4928,1,MEDIUM
DEF-10095,Naik,1,Peace Station,151,13.7,14.0,0.15,4,0.0,0.331,0.155,,0.47,0.434,0.415,7.0,0.235,36.6,74.0,11062.0,,61.0,3.2,0.5296,0.5476,1,MEDIUM
DEF-10096,Naik,1,High Altitude (Siachen/Ladakh),50,,13.0,0.85,3,0.0,0.227,-0.182,,,0.57,0.389,5.4,0.119,54.3,71.0,9982.0,0.71,67.0,3.2,0.48,0.4889,1,MEDIUM
DEF-10097,Sepoy,1,Peace Station,55,11.4,10.0,0.15,1,0.0,,,0.314,0.384,0.235,0.035,6.2,0.293,60.7,70.0,9511.0,0.76,,3.0,0.0763,0.0938,0,LOW
DEF-10098,Sepoy,1,Counter-Insurgency,15,,9.0,0.9,2,0.0,,-0.16,0.542,,0.625,0.496,6.1,0.166,,74.0,6331.0,0.83,71.0,,0.627,0.4641,1,MEDIUM
DEF-10099,Sepoy,1,High Altitude (Siachen/Ladakh),43,18.0,10.0,0.85,2,2.0,0.108,0.069,1.0,0.812,0.616,,,,,,,0.67,89.0,2.3,0.6935,0.52,1,MEDIUM
DEF-10100,Sepoy,1,Peace Station,59,27.9,10.0,0.15,3,0.0,,-0.248,0.719,0.478,0.483,0.261,6.3,0.285,,70.0,9606.0,,220.0,2.3,0.7259,0.6116,2,HIGH
DEF-10101,Naik,1,Peace Station,77,,9.0,0.15,2,0.0,,-0.099,0.575,,0.565,0.251,7.1,0.214,49.7,,,0.61,90.0,,0.1315,0.1783,0,LOW
DEF-10102,Sepoy,1,High Altitude (Siachen/Ladakh),30,10.2,12.0,0.85,1,1.0,0.371,0.033,,0.661,0.593,0.331,5.6,0.223,61.0,,5859.0,0.61,,2.3,0.5781,0.5423,1,MEDIUM
DEF-10103,Naik,1,High Altitude (Siachen/Ladakh),39,11.9,16.0,0.85,2,0.0,0.356,0.106,0.96,,0.518,,6.2,0.181,50.8,70.0,11640.0,,,3.1,0.5363,0.522,1,MEDIUM
DEF-10104,Subedar,3,Counter-Insurgency,153,35.0,17.0,0.9,1,0.0,0.682,-0.424,0.45,0.599,0.409,0.455,4.9,0.234,32.4,75.0,8112.0,0.56,66.0,4.9,0.9143,0.8687,2,HIGH
DEF-10105,Sepoy,1,Peace Station,116,12.2,11.0,0.15,4,0.0,0.586,-0.239,0.574,0.262,0.316,,6.5,,,66.0,,0.75,55.0,2.2,0.2957,0.298,0,LOW
DEF-10106,Sepoy,1,Peace Station,128,7.0,13.0,0.15,1,0.0,0.549,0.011,,0.291,0.48,0.178,6.0,0.292,56.6,,9880.0,,,2.4,0.1471,0.3073,0,LOW
DEF-10107,Havildar,2,Counter-Insurgency,62,25.1,,0.9,2,0.0,0.2,-0.173,,0.634,0.651,0.594,6.3,,43.0,89.0,7490.0,0.58,75.0,3.5,0.7692,0.5809,2,HIGH
DEF-10108,Sepoy,1,Peace Station,78,14.5,11.0,0.15,3,1.0,0.048,0.156,0.429,0.295,0.393,0.28,6.1,0.226,,71.0,6936.0,0.87,81.0,2.4,0.0795,0.1934,0,LOW
DEF-10109,Sepoy,1,High Altitude (Siachen/Ladakh),91,12.1,11.0,0.85,2,,,-0.563,,0.564,0.313,0.216,,0.311,,,9629.0,,90.0,,0.2889,0.3054,0,LOW
DEF-10110,Sepoy,1,Peace Station,152,8.8,16.0,0.15,3,0.0,0.227,-0.124,0.33,,0.311,0.344,6.0,0.301,60.2,63.0,13466.0,0.77,,2.8,0.2466,0.4825,0,LOW
DEF-10111,Sepoy,1,High Altitude (Siachen/Ladakh),21,18.2,,0.85,3,0.0,,,,,0.588,0.613,,0.179,,83.0,9050.0,0.44,69.0,,0.5862,0.5487,1,MEDIUM
DEF-10112,Subedar,3,Peace Station,46,23.0,10.0,0.15,1,0.0,0.275,-0.391,,0.326,0.555,0.17,6.1,0.195,44.0,68.0,8152.0,0.76,42.0,2.3,0.3772,0.3265,1,MEDIUM
DEF-10113,Havildar,2,High Altitude (Siachen/Ladakh),74,20.7,14.0,0.85,2,0.0,0.15,-0.102,0.906,0.401,0.567,0.388,5.7,0.209,40.0,,5059.0,0.66,,3.1,0.8511,0.8522,2,HIGH
DEF-10114,Naik,1,Field Outpost,67,9.9,19.0,0.45,2,1.0,0.483,,0.482,0.237,0.669,,,0.21,55.8,59.0,7824.0,,66.0,3.1,0.1894,0.2184,0,LOW
DEF-10115,Subedar,3,Counter-Insurgency,39,5.6,17.0,0.9,2,0.0,0.666,0.191,0.433,0.372,0.386,0.179,,0.254,46.7,68.0,9987.0,0.82,,,0.3445,0.3375,0,LOW
DEF-10116,Havildar,2,Peace Station,87,0.0,13.0,0.15,2,0.0,,0.11,0.059,0.251,0.445,,,0.302,69.2,64.0,11988.0,,25.0,2.4,0.02,0.166,0,LOW
DEF-10117,Sepoy,1,Peace Station,47,6.0,9.0,0.15,2,0.0,0.75,-0.075,0.65,0.844,0.235,0.521,6.3,0.202,,74.0,11328.0,0.69,66.0,3.8,0.2874,0.2372,0,LOW
DEF-10118,Subedar,3,Peace Station,65,10.8,10.0,0.15,1,0.0,0.537,,0.658,,0.628,0.326,,0.198,50.5,,,0.55,,2.9,0.468,0.352,1,MEDIUM
DEF-10119,Naik,1,Counter-Insurgency,85,13.5,10.0,0.9,2,0.0,0.373,0.104,0.786,0.506,0.418,,6.5,0.173,44.2,72.0,7349.0,0.57,68.0,,0.516,0.5511,1,MEDIUM
DEF-10120,Havildar,2,Field Outpost,48,11.7,,0.45,1,0.0,0.177,0.328,0.267,0.584,0.498,0.29,,0.243,55.7,61.0,9811.0,0.75,43.0,2.9,0.1647,0.1134,0,LOW
DEF-10121,Subedar,3,Field Outpost,100,37.8,11.0,0.45,1,0.0,0.541,,,,0.752,0.873,6.3,0.16,24.7,,8045.0,0.48,89.0,4.6,0.8403,0.7564,2,HIGH
DEF-10122,Sepoy,1,Peace Station,111,18.2,,0.15,2,0.0,0.404,-0.119,0.462,0.438,0.425,0.61,6.7,,42.3,71.0,14984.0,0.93,57.0,3.4,0.2048,0.2255,0,LOW
DEF-10123,Sepoy,1,Field Outpost,40,3.5,13.0,0.45,2,0.0,0.483,0.25,0.267,0.228,0.377,0.277,6.9,0.189,,57.0,10607.0,0.78,,2.5,0.4764,0.3586,1,MEDIUM
DEF-10124,Sepoy,1,Field Outpost,47,19.6,11.0,0.45,1,1.0,0.493,-0.032,0.556,0.457,0.48,,,0.24,,,14951.0,0.67,67.0,3.4,0.5738,0.5052,1,MEDIUM
DEF-10125,Sepoy,1,Peace Station,33,17.3,8.0,0.15,3,0.0,0.668,,0.694,0.766,0.493,0.206,7.7,0.189,59.2,72.0,,0.76,53.0,2.8,0.1284,0.1731,0,LOW
DEF-10126,Havildar,2,High Altitude (Siachen/Ladakh),64,5.1,9.0,0.85,1,0.0,0.232,,,0.068,0.144,0.098,7.4,0.273,63.4,71.0,10906.0,0.82,63.0,1.9,0.11,0.2116,0,LOW
DEF-10127,Subedar,3,Peace Station,77,16.5,9.0,0.15,4,0.0,0.57,-0.264,0.475,0.577,,,7.8,,49.1,67.0,,0.59,61.0,2.9,0.1879,0.2302,0,LOW
DEF-10128,Sepoy,1,Field Outpost,51,18.5,14.0,0.45,1,0.0,0.573,-0.263,0.462,0.523,,0.598,6.1,0.239,,87.0,4210.0,,65.0,3.5,0.5366,0.5847,1,MEDIUM
DEF-10129,Naik,1,High Altitude (Siachen/Ladakh),76,22.7,6.0,0.85,1,0.0,0.228,-0.324,0.902,0.625,0.745,0.571,5.6,0.229,51.9,68.0,7881.0,,66.0,,0.6417,0.6008,1,MEDIUM
DEF-10130,Sepoy,1,Counter-Insurgency,46,0.0,10.0,0.9,3,1.0,,0.483,0.337,0.174,0.156,0.011,9.2,0.264,65.2,68.0,6679.0,0.74,,2.1,0.2582,0.2738,0,LOW
DEF-10131,Sepoy,1,High Altitude (Siachen/Ladakh),47,19.5,14.0,0.85,2,1.0,0.3,-0.031,0.819,,0.469,0.609,5.2,0.243,,77.0,,0.66,,4.2,0.8816,0.7192,2,HIGH
DEF-10132,Sepoy,1,Peace Station,79,26.0,17.0,0.15,1,0.0,0.691,-0.192,0.486,0.738,0.649,0.68,6.1,,,84.0,9964.0,0.66,65.0,2.7,0.3526,0.4753,1,MEDIUM
DEF-10133,Sepoy,1,Field Outpost,49,30.0,14.0,0.45,1,0.0,,-0.086,0.779,0.611,0.824,,4.8,,42.2,,6671.0,0.82,68.0,3.5,0.8514,0.8141,2,HIGH
DEF-10134,Major,4,Peace Station,62,3.6,9.0,0.15,1,0.0,0.068,0.448,0.117,,0.298,0.08,,0.293,60.5,62.0,,,32.0,1.0,0.0446,0.0213,0,LOW
DEF-10135,Sepoy,1,Peace Station,81,12.8,10.0,0.15,1,0.0,,0.657,,,0.378,0.212,,0.25,78.5,,,,67.0,2.5,0.2476,0.2954,0,LOW
DEF-10136,Naik,1,Field Outpost,75,13.6,11.0,0.45,1,0.0,0.401,0.27,0.417,0.224,,0.171,,0.233,61.9,,9753.0,0.92,67.0,3.8,0.3988,0.3377,1,MEDIUM
DEF-10137,Havildar,2,Counter-Insurgency,46,19.7,12.0,0.9,2,1.0,0.351,-0.153,0.602,,0.764,0.581,5.5,,52.8,74.0,,0.69,79.0,4.0,0.7689,0.6596,2,HIGH
DEF-10138,Sepoy,1,Peace Station,117,12.6,14.0,0.15,3,0.0,0.612,,0.448,0.717,0.231,0.401,7.2,0.265,49.7,69.0,14205.0,0.68,54.0,,0.1123,0.2417,0,LOW
DEF-10139,Major,4,Peace Station,20,7.9,10.0,0.15,3,0.0,0.861,0.406,0.129,0.364,0.149,,6.3,0.292,38.9,68.0,8738.0,0.72,54.0,3.5,0.1626,0.0994,0,LOW
DEF-10140,Major,4,Field Outpost,6,15.8,9.0,0.45,1,0.0,0.847,0.056,0.759,0.391,0.385,0.203,,0.23,53.0,70.0,5972.0,,48.0,,0.2688,0.2852,0,LOW
DEF-10141,Sepoy,1,Peace Station,89,11.1,19.0,0.15,3,,0.24,-0.159,0.2,0.797,0.376,0.285,6.7,,55.6,70.0,,0.71,108.0,3.4,0.21,0.3304,0,LOW
DEF-10142,Naik,1,Field Outpost,74,18.8,4.0,0.45,2,0.0,0.499,-0.292,0.617,0.621,0.4,0.338,5.1,0.205,47.6,75.0,6968.0,0.74,61.0,,0.6235,0.5554,1,MEDIUM
DEF-10143,Sepoy,1,Peace Station,30,7.1,6.0,0.15,1,1.0,0.534,,0.712,0.36,0.318,0.476,7.3,0.211,55.0,75.0,7837.0,0.87,48.0,3.3,0.1348,0.1483,0,LOW
DEF-10144,Sepoy,1,Peace Station,68,,8.0,0.15,3,0.0,0.611,,,0.173,0.108,,8.4,0.313,61.7,60.0,8151.0,,21.0,2.6,0.02,0.01,0,LOW
DEF-10145,Sepoy,1,Field Outpost,42,25.2,11.0,0.45,1,0.0,0.231,-0.455,,0.84,0.425,0.516,6.2,0.179,,64.0,11501.0,,121.0,3.4,0.7862,0.6946,2,HIGH
DEF-10146,Naik,1,Counter-Insurgency,85,33.3,10.0,0.9,1,2.0,0.433,-0.06,0.614,0.497,0.717,0.75,5.4,0.205,51.4,83.0,7068.0,,68.0,4.6,0.7073,0.6181,1,MEDIUM
DEF-10147,Naik,1,High Altitude (Siachen/Ladakh),6,29.5,14.0,0.85,1,1.0,0.154,0.34,0.378,0.27,0.759,0.253,5.1,0.218,61.0,70.0,7501.0,0.88,,2.7,0.4197,0.3795,1,MEDIUM
DEF-10148,Sepoy,1,High Altitude (Siachen/Ladakh),54,13.4,15.0,0.85,2,1.0,0.583,0.275,0.627,0.398,0.557,0.514,6.4,0.22,,71.0,10231.0,,50.0,3.3,0.3761,0.3977,1,MEDIUM
DEF-10149,Sepoy,1,Peace Station,45,23.0,11.0,0.15,1,0.0,0.374,-0.395,0.425,,0.652,0.637,7.2,,69.7,,6740.0,,,3.5,0.3821,0.3897,1,MEDIUM
DEF-10150,Subedar,3,Counter-Insurgency,101,8.2,17.0,0.9,3,2.0,0.466,-0.22,0.425,,,0.26,5.9,0.275,60.9,70.0,,0.72,54.0,3.1,0.4575,0.5036,1,MEDIUM
DEF-10151,Sepoy,1,Field Outpost,15,18.3,12.0,0.45,2,,0.372,,0.904,0.851,0.733,0.42,6.3,,,67.0,,0.75,88.0,2.7,0.5973,0.5364,1,MEDIUM
DEF-10152,Sepoy,1,Counter-Insurgency,66,9.0,7.0,0.9,2,,0.244,0.074,0.561,0.528,0.854,0.297,6.1,0.156,,68.0,5780.0,0.79,74.0,3.6,0.5508,0.3737,1,MEDIUM
DEF-10153,Naik,1,Field Outpost,88,24.7,11.0,0.45,1,2.0,0.376,-0.176,0.567,0.534,0.69,0.318,,0.223,50.7,79.0,8601.0,0.68,86.0,3.8,0.4962,0.4824,1,MEDIUM
DEF-10154,Colonel,4,Peace Station,168,23.5,17.0,0.15,3,2.0,0.426,0.071,0.244,,0.26,0.393,7.2,0.204,57.6,64.0,6233.0,0.72,69.0,1.9,0.2618,0.3719,0,LOW
DEF-10155,Sepoy,1,Peace Station,47,31.6,7.0,0.15,2,0.0,,-0.407,0.951,0.69,0.658,0.33,5.2,0.203,,77.0,,0.59,84.0,3.2,0.9053,0.6418,2,HIGH
DEF-10156,Naik,1,Field Outpost,78,12.1,8.0,0.45,2,0.0,0.416,-0.321,0.558,,0.384,0.29,6.8,,51.0,70.0,4294.0,0.84,60.0,2.6,0.1158,0.2126,0,LOW
DEF-10157,Havildar,2,Peace Station,16,27.4,7.0,0.15,3,0.0,0.18,-0.273,0.58,0.405,0.69,0.281,8.5,0.26,53.6,67.0,8123.0,,83.0,1.5,0.0827,0.1503,0,LOW
DEF-10158,Sepoy,1,Counter-Insurgency,64,18.3,8.0,0.9,1,0.0,0.091,-0.232,0.594,0.506,0.484,0.465,6.5,0.215,,74.0,11214.0,0.78,66.0,2.9,0.4292,0.2804,1,MEDIUM
DEF-10159,Havildar,2,Peace Station,122,14.6,17.0,0.15,1,0.0,,-0.178,0.363,,0.255,0.073,6.5,,54.4,72.0,7325.0,0.78,60.0,3.5,0.2581,0.3933,0,LOW
DEF-10160,Sepoy,1,Peace Station,169,16.9,5.0,0.15,2,0.0,0.538,-0.076,,0.283,0.746,0.485,7.4,0.248,54.2,65.0,5360.0,0.81,,2.8,0.0477,0.128,0,LOW
DEF-10161,Naik,1,Peace Station,82,28.4,15.0,0.15,2,0.0,0.207,0.044,0.238,0.566,0.352,,5.9,,52.7,72.0,3755.0,0.73,60.0,2.1,0.4101,0.4417,1,MEDIUM
DEF-10162,Naik,1,Peace Station,20,12.9,,0.15,1,0.0,0.363,0.124,,0.463,,0.212,6.5,0.215,59.7,69.0,10447.0,0.87,40.0,3.2,0.1204,0.01,0,LOW
DEF-10163,Naik,1,High Altitude (Siachen/Ladakh),133,13.3,15.0,0.85,1,0.0,0.389,-0.295,,,,0.391,6.4,0.192,37.8,77.0,7474.0,,81.0,3.3,0.6731,0.7352,2,HIGH
DEF-10164,Sepoy,1,Field Outpost,20,0.0,12.0,0.45,1,0.0,0.49,0.193,0.539,0.322,0.478,0.154,6.8,,,62.0,11716.0,0.81,59.0,2.8,0.2055,0.3011,0,LOW
DEF-10165,Havildar,2,High Altitude (Siachen/Ladakh),28,12.8,13.0,0.85,4,0.0,0.37,0.105,0.597,0.544,0.205,0.053,,0.319,60.9,,8754.0,0.72,85.0,2.7,0.1803,0.1314,0,LOW
DEF-10166,Sepoy,1,Peace Station,140,16.2,11.0,0.15,1,2.0,0.66,0.069,0.467,0.406,0.365,0.103,7.7,,64.0,,7679.0,0.88,34.0,2.3,0.3701,0.4225,1,MEDIUM
DEF-10167,Sepoy,1,Counter-Insurgency,61,7.5,,0.9,1,0.0,0.239,-0.417,0.561,0.542,0.564,,6.0,,,,9575.0,,74.0,3.1,0.252,0.2598,0,LOW
DEF-10168,Sepoy,1,Peace Station,44,5.4,12.0,0.15,3,0.0,0.096,0.116,0.425,0.297,0.422,0.016,7.6,,,67.0,6319.0,0.87,57.0,2.9,0.0738,0.0465,0,LOW
DEF-10169,Naik,1,Counter-Insurgency,95,0.0,9.0,0.9,2,0.0,0.488,,0.46,0.71,0.572,0.208,6.5,0.246,56.8,72.0,9431.0,,112.0,2.9,0.1638,0.1389,0,LOW
DEF-10170,Naik,1,Peace Station,71,9.0,10.0,0.15,2,0.0,0.228,,0.692,0.671,0.355,0.271,7.1,0.307,57.4,,6155.0,0.83,78.0,,0.0667,0.1082,0,LOW
DEF-10171,Sepoy,1,High Altitude (Siachen/Ladakh),116,26.1,8.0,0.85,2,1.0,0.148,-0.271,0.996,1.0,0.503,0.642,,0.15,,,,,123.0,3.9,0.8773,0.7908,2,HIGH
DEF-10172,Naik,1,Field Outpost,73,1.4,14.0,0.45,2,0.0,0.392,,0.551,,0.333,0.274,7.0,,48.1,69.0,,,48.0,3.6,0.2383,0.296,0,LOW
DEF-10173,Sepoy,1,Field Outpost,74,20.7,14.0,0.45,2,,0.233,-0.046,0.656,0.498,0.58,0.447,6.2,,,78.0,,0.57,107.0,3.7,0.4665,0.4884,1,MEDIUM
DEF-10174,Naik,1,Peace Station,114,21.5,8.0,0.15,1,1.0,0.316,0.043,0.394,0.517,0.179,0.102,,0.341,61.8,63.0,13464.0,0.77,49.0,2.5,0.0896,0.1361,0,LOW
DEF-10175,Sepoy,1,Field Outpost,60,34.8,18.0,0.45,3,2.0,0.799,-0.216,1.0,0.73,0.672,0.746,,0.063,,82.0,,0.63,120.0,4.1,0.9503,0.8375,2,HIGH
DEF-10176,Naik,1,Peace Station,35,,14.0,0.15,1,0.0,0.59,,0.214,0.381,0.471,0.118,6.1,0.188,65.6,73.0,12765.0,0.74,46.0,2.6,0.3671,0.247,0,LOW
DEF-10177,Sepoy,1,Field Outpost,99,22.1,10.0,0.45,1,0.0,,-0.192,0.916,0.59,0.585,0.518,6.3,,42.2,71.0,,0.57,87.0,4.2,0.9204,0.7524,2,HIGH
DEF-10178,Major,4,Field Outpost,53,17.1,11.0,0.45,1,0.0,0.898,-0.727,0.324,0.298,,0.23,6.6,0.274,51.4,70.0,6991.0,0.7,64.0,2.8,0.1447,0.1114,0,LOW
DEF-10179,Sepoy,1,High Altitude (Siachen/Ladakh),76,14.0,14.0,0.85,3,0.0,0.19,-0.205,0.775,0.845,0.898,0.611,5.5,0.147,,,,0.64,82.0,4.1,0.5288,0.5106,1,MEDIUM
DEF-10180,Sepoy,1,Counter-Insurgency,13,21.2,14.0,0.9,2,1.0,0.236,0.066,0.682,0.816,0.686,0.599,4.9,0.176,38.5,,8484.0,0.54,,4.2,0.891,0.7269,2,HIGH
DEF-10181,Sepoy,1,Peace Station,59,24.6,11.0,0.15,3,2.0,,0.261,0.768,0.412,,0.518,5.4,0.288,,,10037.0,0.69,58.0,3.2,0.4446,0.4407,1,MEDIUM
DEF-10182,Subedar,3,Peace Station,46,15.4,14.0,0.15,2,0.0,0.16,,0.453,0.552,0.396,,6.5,,48.8,73.0,11575.0,0.83,50.0,3.4,0.1272,0.1833,0,LOW
DEF-10183,Subedar,3,Peace Station,13,25.0,20.0,0.15,1,1.0,0.628,0.235,0.61,,0.503,,6.2,0.248,59.9,76.0,9039.0,0.67,,4.3,0.5479,0.4872,1,MEDIUM
DEF-10184,Sepoy,1,High Altitude (Siachen/Ladakh),60,38.5,16.0,0.85,1,0.0,,,0.763,,0.741,0.774,6.1,0.179,37.2,,9599.0,0.79,86.0,4.8,0.7902,0.711,2,HIGH
DEF-10185,Naik,1,Counter-Insurgency,61,14.6,12.0,0.9,2,0.0,0.146,0.069,0.59,0.732,0.345,0.437,6.3,0.109,44.2,78.0,11662.0,0.6,63.0,4.1,0.192,0.2622,0,LOW
DEF-10186,Havildar,2,Counter-Insurgency,79,14.8,8.0,0.9,1,0.0,0.418,-0.169,0.628,0.794,0.676,0.442,5.8,0.277,51.3,78.0,,0.59,,,0.334,0.3217,0,LOW
DEF-10187,Naik,1,Counter-Insurgency,121,13.2,9.0,0.9,1,1.0,0.043,0.032,0.645,0.585,0.673,,7.0,0.211,67.5,73.0,8982.0,0.72,76.0,3.1,0.181,0.231,0,LOW
DEF-10188,Naik,1,Counter-Insurgency,110,15.1,13.0,0.9,3,1.0,0.135,,,0.484,0.577,0.319,,0.184,53.5,66.0,10107.0,0.78,56.0,2.9,0.1552,0.2423,0,LOW
DEF-10189,Sepoy,1,Counter-Insurgency,48,24.4,13.0,0.9,3,,0.499,-0.173,0.604,0.489,0.547,0.412,,0.254,,67.0,,0.74,77.0,2.6,0.491,0.4669,1,MEDIUM
DEF-10190,Sepoy,1,Field Outpost,72,14.7,10.0,0.45,1,0.0,0.314,0.123,0.435,0.372,0.817,0.353,6.6,0.153,,71.0,,0.47,79.0,2.7,0.1977,0.2216,0,LOW
DEF-10191,Subedar,3,Counter-Insurgency,86,15.6,17.0,0.9,3,0.0,0.529,,0.447,0.605,,0.541,5.4,0.208,39.4,,7607.0,0.77,128.0,3.2,0.7058,0.6841,2,HIGH
DEF-10192,Subedar,3,High Altitude (Siachen/Ladakh),49,11.9,13.0,0.85,2,1.0,0.362,0.035,0.861,0.737,0.512,0.365,,0.179,45.4,79.0,7171.0,,81.0,4.2,0.7142,0.5802,1,MEDIUM
DEF-10193,Naik,1,Peace Station,22,18.2,13.0,0.15,1,0.0,0.488,0.081,0.262,0.556,,0.209,7.1,0.255,50.1,66.0,2992.0,,108.0,,0.0769,0.0336,0,LOW
DEF-10194,Sepoy,1,Peace Station,56,9.7,14.0,0.15,1,0.0,0.681,-0.174,0.308,0.765,0.723,0.215,6.3,,61.4,70.0,9495.0,0.73,69.0,2.5,0.2168,0.2374,0,LOW
DEF-10195,Sepoy,1,Peace Station,124,3.6,12.0,0.15,1,0.0,0.708,0.243,0.335,,0.618,0.13,6.8,0.232,59.3,67.0,5206.0,0.84,62.0,1.9,0.6771,0.6802,1,MEDIUM
DEF-10196,Havildar,2,High Altitude (Siachen/Ladakh),21,17.8,15.0,0.85,1,0.0,0.304,,0.657,,0.36,0.314,8.8,0.287,63.5,70.0,11057.0,,34.0,1.6,0.4218,0.3809,1,MEDIUM
DEF-10197,Subedar,3,Field Outpost,33,30.8,12.0,0.45,1,0.0,0.22,-0.082,0.501,0.578,,0.326,5.3,,52.8,61.0,,0.62,43.0,4.0,0.3175,0.2827,0,LOW
DEF-10198,Subedar,3,Peace Station,38,11.5,6.0,0.15,4,1.0,0.127,0.07,0.478,0.638,0.203,0.287,6.6,0.221,46.5,66.0,11049.0,0.97,34.0,1.8,0.0233,0.01,0,LOW
DEF-10199,Havildar,2,High Altitude (Siachen/Ladakh),33,5.1,9.0,0.85,2,0.0,0.3,,0.92,0.462,0.48,0.344,7.4,0.2,49.9,69.0,11773.0,0.81,76.0,3.0,0.2565,0.1634,0,LOW
DEF-10200,Naik,1,Peace Station,96,30.3,,0.15,3,0.0,0.359,-0.187,0.414,,0.55,0.766,6.1,0.174,35.1,71.0,,0.79,77.0,3.6,0.8239,0.6381,2,HIGH
DEF-10201,Sepoy,1,High Altitude (Siachen/Ladakh),42,14.4,9.0,0.85,1,0.0,0.506,-0.146,0.794,0.343,0.314,0.466,,0.216,,75.0,7624.0,0.58,72.0,3.3,0.2505,0.0906,0,LOW
DEF-10202,Sepoy,1,High Altitude (Siachen/Ladakh),97,22.0,11.0,0.85,1,0.0,0.084,-0.028,0.697,,0.622,0.453,6.2,0.204,,70.0,6164.0,0.43,90.0,2.6,0.5209,0.4909,1,MEDIUM
DEF-10203,Subedar,3,Counter-Insurgency,66,7.8,8.0,0.9,3,0.0,0.527,-0.127,,0.735,,0.552,7.3,0.299,33.2,,,,79.0,3.1,0.7427,0.5945,2,HIGH
DEF-10204,Naik,1,Peace Station,17,14.1,12.0,0.15,2,,0.3,-0.179,0.206,0.55,0.835,,,0.228,65.1,57.0,5847.0,0.71,74.0,,0.306,0.264,0,LOW
DEF-10205,Sepoy,1,Counter-Insurgency,49,25.9,16.0,0.9,3,0.0,0.092,,0.792,,0.449,0.526,5.7,0.192,,73.0,6764.0,,,,0.4505,0.4758,1,MEDIUM
DEF-10206,Sepoy,1,Peace Station,112,15.1,9.0,0.15,1,0.0,0.389,,0.137,0.326,0.179,0.229,8.0,0.3,,60.0,8084.0,0.75,42.0,2.8,0.0964,0.1504,0,LOW
DEF-10207,Naik,1,Field Outpost,70,15.2,15.0,0.45,4,0.0,0.386,-0.183,0.44,0.801,0.456,,,0.238,43.5,70.0,10759.0,0.71,55.0,3.2,0.219,0.1485,0,LOW
DEF-10208,Sepoy,1,Field Outpost,52,1.3,13.0,0.45,2,0.0,0.498,-0.07,0.46,0.454,,0.242,,0.251,,,7423.0,0.93,73.0,3.5,0.0835,0.053,0,LOW
DEF-10209,Sepoy,1,Field Outpost,125,20.7,18.0,0.45,1,0.0,0.325,-0.347,0.258,0.424,0.463,0.227,7.4,,,,,0.73,52.0,3.4,0.2924,0.4256,0,LOW
DEF-10210,Naik,1,Counter-Insurgency,30,7.3,,0.9,2,0.0,0.717,-0.085,,0.517,0.8,0.525,5.9,0.249,44.8,79.0,13721.0,0.64,78.0,,0.5897,0.5224,1,MEDIUM
DEF-10211,Naik,1,Field Outpost,43,23.5,13.0,0.45,3,0.0,0.245,0.046,0.394,,0.425,0.349,5.7,,56.4,77.0,,,62.0,4.1,0.8424,0.68,2,HIGH
DEF-10212,Naik,1,Counter-Insurgency,106,15.7,6.0,0.9,1,0.0,0.629,-0.692,0.47,0.55,0.484,0.562,,0.163,36.9,78.0,5938.0,,78.0,,0.6536,0.6107,1,MEDIUM
DEF-10213,Sepoy,1,Peace Station,95,16.5,17.0,0.15,4,0.0,,0.037,0.324,0.32,0.556,,6.4,0.269,,,12887.0,0.62,62.0,2.5,0.2619,0.4388,0,LOW
DEF-10214,Havildar,2,Field Outpost,29,20.6,12.0,0.45,2,0.0,0.675,-0.375,0.296,0.485,0.834,0.433,6.5,0.185,57.6,72.0,7496.0,,75.0,2.2,0.2472,0.1272,0,LOW
DEF-10215,Sepoy,1,Field Outpost,84,17.2,12.0,0.45,1,0.0,0.233,-0.131,0.251,,0.746,0.224,6.5,0.234,,63.0,8895.0,,,3.2,0.4379,0.462,1,MEDIUM
DEF-10216,Sepoy,1,Peace Station,42,28.6,5.0,0.15,1,0.0,0.426,-0.081,0.4,,0.557,0.565,6.9,0.19,54.8,70.0,7974.0,0.78,,2.7,0.1876,0.1908,0,LOW
DEF-10217,Havildar,2,Counter-Insurgency,12,27.3,14.0,0.9,1,0.0,0.373,-0.254,0.903,0.819,0.664,,4.0,0.18,39.8,,12324.0,0.78,,2.9,0.9207,0.7242,2,HIGH
DEF-10218,Naik,1,High Altitude (Siachen/Ladakh),52,3.7,10.0,0.85,1,0.0,0.456,0.727,0.345,,0.287,0.0,7.1,,65.6,62.0,13445.0,0.72,69.0,1.8,0.3418,0.3151,0,LOW
DEF-10219,Havildar,2,Field Outpost,175,12.5,13.0,0.45,2,0.0,0.418,0.053,0.476,0.393,,0.236,,,54.9,70.0,2861.0,0.78,84.0,2.8,0.3307,0.3971,1,MEDIUM
DEF-10220,Naik,1,High Altitude (Siachen/Ladakh),113,21.1,11.0,0.85,3,0.0,0.282,,,0.649,,0.485,6.5,0.183,56.3,62.0,12028.0,0.77,54.0,3.1,0.4105,0.4742,1,MEDIUM
DEF-10221,Naik,1,Field Outpost,62,6.0,8.0,0.45,2,0.0,0.389,-0.221,0.744,0.595,,0.28,7.4,0.257,52.6,65.0,10160.0,1.0,71.0,3.6,0.061,0.0638,0,LOW
DEF-10222,Sepoy,1,Peace Station,20,0.7,,0.15,2,1.0,0.797,-0.12,0.464,0.633,0.236,,7.2,,,64.0,13400.0,0.7,38.0,3.2,0.125,0.1224,0,LOW
DEF-10223,Sepoy,1,Field Outpost,13,7.5,10.0,0.45,1,0.0,0.097,-0.032,0.891,0.613,0.585,0.373,6.3,0.309,57.1,71.0,7859.0,0.74,,2.4,0.4343,0.4203,1,MEDIUM
DEF-10224,Sepoy,1,Field Outpost,66,13.0,16.0,0.45,4,0.0,0.334,-0.671,0.776,0.502,0.745,0.468,,0.216,39.9,,11811.0,0.55,67.0,4.4,0.8997,0.8368,2,HIGH
DEF-10225,Sepoy,1,Counter-Insurgency,81,0.0,9.0,0.9,1,0.0,0.305,,,0.351,0.797,0.264,6.6,,,,9768.0,0.79,92.0,2.9,0.047,0.0381,0,LOW
DEF-10226,Major,4,Peace Station,96,4.5,9.0,0.15,1,0.0,0.654,0.209,0.546,,0.252,0.06,7.8,0.232,50.8,,6132.0,0.88,59.0,0.8,0.0713,0.0743,0,LOW
DEF-10227,Sepoy,1,Field Outpost,90,,11.0,0.45,2,1.0,,,,0.227,,0.039,8.1,0.216,66.7,58.0,,0.83,39.0,2.5,0.1425,0.2206,0,LOW
DEF-10228,Subedar,3,Peace Station,95,23.7,9.0,0.15,3,0.0,0.622,-0.005,0.424,,0.688,0.422,,,60.6,74.0,10182.0,0.53,118.0,3.5,0.2781,0.286,0,LOW
DEF-10229,Naik,1,Peace Station,75,21.9,13.0,0.15,4,0.0,0.343,,,0.574,,,6.0,0.205,44.9,81.0,10659.0,0.64,,3.2,0.7228,0.7442,2,HIGH
DEF-10230,Havildar,2,Field Outpost,123,16.4,,0.45,4,0.0,0.146,-0.088,0.781,0.348,,0.181,6.4,0.247,57.1,,9786.0,0.76,41.0,2.1,0.3178,0.3565,0,LOW
DEF-10231,Naik,1,Peace Station,46,14.9,16.0,0.15,4,1.0,,,0.872,,0.8,0.449,5.2,0.256,52.6,87.0,11304.0,,78.0,4.1,0.7169,0.5828,1,MEDIUM
DEF-10232,Naik,1,High Altitude (Siachen/Ladakh),65,18.6,6.0,0.85,2,0.0,0.759,,0.691,0.586,0.547,0.389,6.0,0.222,42.7,81.0,8667.0,,60.0,3.0,0.685,0.6417,1,MEDIUM
DEF-10233,Naik,1,Field Outpost,17,5.5,15.0,0.45,1,0.0,0.165,-0.494,0.463,0.64,0.71,0.235,6.6,0.269,41.2,68.0,9830.0,0.79,55.0,2.7,0.2016,0.1094,0,LOW
DEF-10234,Sepoy,1,Peace Station,45,24.6,,0.15,2,0.0,,-0.59,,0.56,0.378,0.61,6.2,0.212,,,7969.0,0.84,87.0,,0.2755,0.2871,0,LOW
DEF-10235,Havildar,2,Field Outpost,111,14.8,18.0,0.45,1,0.0,0.113,-0.238,0.506,0.416,0.187,0.117,7.3,,59.9,61.0,,0.86,,3.1,0.1053,0.3646,0,LOW
DEF-10236,Sepoy,1,Peace Station,93,21.8,9.0,0.15,1,0.0,0.36,-0.147,,,0.952,0.156,6.5,0.266,39.5,70.0,,0.74,67.0,2.1,0.5825,0.5089,1,MEDIUM
DEF-10237,Sepoy,1,Counter-Insurgency,9,21.4,10.0,0.9,1,0.0,0.528,0.123,0.55,0.718,0.623,0.248,6.3,0.212,,72.0,5686.0,0.76,67.0,2.7,0.158,0.069,0,LOW
DEF-10238,Naik,1,Peace Station,182,18.5,13.0,0.15,1,1.0,0.136,-0.156,0.385,0.149,0.37,,7.5,,70.2,55.0,12463.0,,,,0.0642,0.2309,0,LOW
DEF-10239,Sepoy,1,Peace Station,70,16.7,9.0,0.15,2,0.0,0.412,0.32,0.197,,0.281,,7.4,0.269,,,11598.0,0.8,,1.1,0.071,0.2232,0,LOW
DEF-10240,Major,4,Field Outpost,71,16.0,12.0,0.45,1,0.0,,-0.387,0.591,0.489,0.69,0.543,6.5,0.187,44.2,81.0,11630.0,0.56,75.0,3.0,0.4843,0.4162,1,MEDIUM
DEF-10241,Major,4,Counter-Insurgency,43,13.5,12.0,0.9,1,1.0,0.289,,,0.46,,0.16,7.0,0.21,51.5,65.0,9436.0,0.65,62.0,2.6,0.2625,0.2489,0,LOW
DEF-10242,Subedar,3,Counter-Insurgency,49,18.1,18.0,0.9,3,1.0,0.203,,0.711,1.0,0.8,0.518,6.4,0.145,56.5,82.0,9552.0,,107.0,3.1,0.541,0.4754,1,MEDIUM
DEF-10243,Sepoy,1,Peace Station,70,15.8,,0.15,2,0.0,0.619,0.115,0.697,0.576,0.366,0.156,6.1,0.296,53.4,66.0,11633.0,0.77,39.0,3.5,0.6205,0.5332,1,MEDIUM
DEF-10244,Sepoy,1,Peace Station,90,9.9,14.0,0.15,4,0.0,0.784,0.35,0.226,0.303,0.259,0.298,7.1,0.211,,,10077.0,,31.0,1.6,0.1523,0.1581,0,LOW
DEF-10245,Subedar,3,Field Outpost,78,19.2,11.0,0.45,2,1.0,0.242,-0.461,0.664,0.827,0.56,0.475,6.0,0.184,33.1,,8047.0,,91.0,3.7,0.5788,0.5857,1,MEDIUM
DEF-10246,Sepoy,1,High Altitude (Siachen/Ladakh),45,16.4,11.0,0.85,1,0.0,,0.139,0.993,0.355,0.287,0.342,,0.228,47.4,78.0,6146.0,0.64,90.0,2.3,0.6578,0.6723,1,MEDIUM
DEF-10247,Major,4,Field Outpost,35,24.3,9.0,0.45,1,0.0,0.316,0.106,,0.588,,,6.1,0.11,46.6,68.0,8027.0,0.87,70.0,2.8,0.6459,0.5677,1,MEDIUM
DEF-10248,Major,4,Field Outpost,33,0.0,12.0,0.45,2,0.0,0.594,-0.057,0.538,0.704,,0.101,7.0,0.21,51.1,74.0,12330.0,,67.0,3.0,0.0953,0.1017,0,LOW
DEF-10249,Subedar,3,Peace Station,116,14.3,,0.15,3,0.0,0.176,-0.231,0.29,,0.55,0.256,,0.323,47.4,73.0,10825.0,,123.0,3.3,0.5111,0.4712,1,MEDIUM
DEF-10250,Sepoy,1,Peace Station,109,7.8,17.0,0.15,1,,0.392,0.432,0.52,0.542,0.82,0.052,6.2,0.283,51.1,,10257.0,0.76,52.0,2.1,0.2667,0.4317,0,LOW
DEF-10251,Sepoy,1,Field Outpost,85,9.6,6.0,0.45,3,0.0,,0.131,0.295,0.187,0.068,0.039,6.1,0.303,73.2,70.0,7625.0,0.91,,,0.1222,0.1492,0,LOW
DEF-10252,Subedar,3,Peace Station,116,18.8,12.0,0.15,2,0.0,0.426,-0.233,0.555,0.415,0.487,0.367,,0.249,45.4,,5625.0,0.74,158.0,,0.4556,0.4891,1,MEDIUM
DEF-10253,Sepoy,1,Peace Station,59,1.8,11.0,0.15,1,0.0,,0.151,,0.61,0.227,0.033,7.4,,51.0,60.0,13889.0,0.8,55.0,2.3,0.1226,0.1316,0,LOW
DEF-10254,Sepoy,1,Peace Station,103,15.1,13.0,0.15,2,0.0,0.237,0.279,0.177,0.622,0.363,0.166,8.2,0.309,,65.0,6795.0,,35.0,,0.0782,0.1665,0,LOW
DEF-10255,Naik,1,Field Outpost,88,14.3,22.0,0.45,2,1.0,,,0.584,0.34,0.508,,,0.237,69.6,66.0,9137.0,0.69,73.0,4.4,0.1545,0.393,0,LOW
DEF-10256,Major,4,Peace Station,105,5.1,18.0,0.15,1,0.0,0.365,,0.813,0.54,0.452,0.45,6.0,,58.6,73.0,,0.67,80.0,3.2,0.2215,0.4125,0,LOW
DEF-10257,Naik,1,Field Outpost,31,15.3,9.0,0.45,1,0.0,0.429,-0.213,0.503,,0.517,0.669,5.5,0.249,23.6,,6985.0,0.59,65.0,2.6,0.2237,0.0479,0,LOW
DEF-10258,Naik,1,Counter-Insurgency,8,7.5,13.0,0.9,3,0.0,0.459,-0.011,,0.858,0.556,0.261,6.6,0.194,50.9,63.0,6278.0,,58.0,,0.5682,0.4478,1,MEDIUM
DEF-10259,Sepoy,1,Peace Station,75,32.7,14.0,0.15,2,,0.043,-0.655,,,0.821,0.706,,0.161,,85.0,12579.0,0.7,133.0,,0.9777,0.8028,2,HIGH
DEF-10260,Naik,1,Field Outpost,51,24.2,11.0,0.45,1,0.0,0.421,-0.218,0.771,0.737,0.595,0.584,5.6,,51.7,71.0,9952.0,0.8,,3.6,0.5925,0.5657,1,MEDIUM
DEF-10261,Colonel,4,High Altitude (Siachen/Ladakh),10,14.6,11.0,0.85,4,1.0,0.206,-0.302,,0.354,0.318,0.347,5.6,0.203,59.8,67.0,12179.0,,50.0,2.8,0.4598,0.3798,1,MEDIUM
DEF-10262,Sepoy,1,Peace Station,127,10.3,10.0,0.15,1,0.0,0.513,0.304,0.551,0.262,0.485,0.07,9.4,0.226,,67.0,11054.0,,38.0,2.2,0.1677,0.266,0,LOW
DEF-10263,Naik,1,Peace Station,109,18.3,8.0,0.15,1,0.0,0.56,-0.395,0.559,0.731,0.738,0.492,5.8,,59.1,71.0,10061.0,0.8,85.0,3.0,0.5326,0.455,1,MEDIUM
DEF-10264,Subedar,3,Peace Station,79,20.5,14.0,0.15,1,0.0,0.803,0.146,0.449,0.58,0.59,0.277,7.8,0.179,56.3,67.0,,0.62,103.0,2.7,0.3761,0.4013,1,MEDIUM
DEF-10265,Havildar,2,Field Outpost,36,16.2,9.0,0.45,3,0.0,0.061,,0.496,0.761,0.67,0.171,,0.27,36.3,68.0,,,77.0,,0.6654,0.599,1,MEDIUM
DEF-10266,Naik,1,Field Outpost,16,5.4,16.0,0.45,2,0.0,0.224,-0.31,0.515,,0.427,0.374,6.9,0.203,54.3,,2583.0,0.71,60.0,3.3,0.0399,0.01,0,LOW
DEF-10267,Havildar,2,Peace Station,10,12.2,18.0,0.15,2,0.0,0.476,-0.337,0.549,0.439,0.401,,5.2,0.173,42.3,70.0,11618.0,,78.0,4.4,0.1711,0.2134,0,LOW
DEF-10268,Sepoy,1,High Altitude (Siachen/Ladakh),45,14.7,11.0,0.85,4,0.0,0.503,-0.452,0.908,0.615,0.642,,6.7,0.238,56.1,68.0,11223.0,,66.0,3.8,0.4372,0.4201,1,MEDIUM
DEF-10269,Sepoy,1,High Altitude (Siachen/Ladakh),95,16.5,10.0,0.85,3,3.0,0.272,,0.837,0.773,0.768,0.348,6.0,0.193,50.8,,6220.0,0.64,71.0,3.4,0.1902,0.2378,0,LOW
DEF-10270,Havildar,2,Peace Station,52,16.7,18.0,0.15,1,0.0,0.47,,0.945,,0.551,0.276,6.1,,34.4,,4635.0,0.69,70.0,3.9,0.6024,0.484,1,MEDIUM
DEF-10271,Havildar,2,High Altitude (Siachen/Ladakh),86,20.2,11.0,0.85,3,0.0,0.243,0.196,0.667,0.511,0.649,0.416,6.7,,41.1,74.0,9314.0,0.7,59.0,3.7,0.4116,0.3877,1,MEDIUM
DEF-10272,Subedar,3,Peace Station,88,25.4,12.0,0.15,3,0.0,0.194,,0.482,0.148,0.831,0.265,7.6,0.27,60.7,54.0,9065.0,0.75,,2.7,0.2296,0.3199,0,LOW
DEF-10273,Subedar,3,High Altitude (Siachen/Ladakh),95,22.6,11.0,0.85,1,0.0,,-0.177,,0.67,0.528,0.372,,0.346,41.1,68.0,6493.0,0.87,99.0,3.2,0.5881,0.488,1,MEDIUM
DEF-10274,Naik,1,Peace Station,14,19.0,6.0,0.15,1,1.0,0.367,0.096,0.386,0.059,0.254,0.263,7.2,0.311,52.7,56.0,8022.0,0.89,48.0,,0.033,0.01,0,LOW
DEF-10275,Naik,1,High Altitude (Siachen/Ladakh),39,3.3,,0.85,3,2.0,0.325,0.316,0.166,0.262,0.257,0.004,6.6,,56.1,63.0,10497.0,0.79,36.0,,0.0568,0.1596,0,LOW
DEF-10276,Havildar,2,Peace Station,85,24.1,10.0,0.15,1,0.0,0.458,-0.17,0.713,0.774,0.824,0.531,5.3,,42.6,82.0,15033.0,0.63,65.0,3.0,0.6968,0.5366,1,MEDIUM
DEF-10277,Naik,1,Field Outpost,142,21.0,14.0,0.45,1,2.0,0.701,-0.261,,0.471,0.392,0.326,6.5,0.2,50.5,73.0,9096.0,0.64,49.0,3.7,0.2721,0.4366,0,LOW
DEF-10278,Havildar,2,Peace Station,120,11.8,5.0,0.15,3,0.0,0.835,-0.271,0.508,0.39,0.555,0.164,7.7,0.279,47.2,68.0,12553.0,,39.0,4.0,0.2735,0.3196,0,LOW
DEF-10279,Havildar,2,High Altitude (Siachen/Ladakh),76,14.3,,0.85,3,0.0,0.412,,0.518,0.792,0.556,0.407,4.7,0.177,48.1,70.0,,0.56,,,0.5471,0.6009,1,MEDIUM
DEF-10280,Subedar,3,Peace Station,128,,6.0,0.15,1,0.0,0.101,,0.457,0.59,,0.25,6.6,0.276,47.7,75.0,9887.0,0.68,,,0.2031,0.2575,0,LOW
DEF-10281,Sepoy,1,Peace Station,76,10.3,10.0,0.15,2,1.0,0.826,-0.045,0.395,,0.267,0.153,6.1,0.21,71.2,77.0,12198.0,0.71,41.0,3.1,0.0237,0.058,0,LOW
DEF-10282,Sepoy,1,Peace Station,20,0.0,10.0,0.15,2,0.0,0.12,0.491,0.143,0.068,0.407,,6.5,,59.7,62.0,9851.0,0.92,21.0,2.9,0.0866,0.0355,0,LOW
DEF-10283,Sepoy,1,Peace Station,94,4.5,17.0,0.15,2,1.0,0.684,,0.524,0.469,0.363,0.323,6.0,0.18,,70.0,19110.0,,57.0,1.9,0.0458,0.173,0,LOW
DEF-10284,Naik,1,High Altitude (Siachen/Ladakh),123,6.3,13.0,0.85,4,0.0,0.604,0.306,0.418,0.558,0.712,0.125,,0.274,40.4,79.0,7465.0,,77.0,3.0,0.4946,0.4967,1,MEDIUM
DEF-10285,Sepoy,1,Counter-Insurgency,167,0.0,11.0,0.9,2,0.0,0.57,-0.139,0.337,0.32,0.35,0.051,,0.254,,74.0,12070.0,,88.0,2.8,0.4099,0.4542,1,MEDIUM
DEF-10286,Naik,1,High Altitude (Siachen/Ladakh),44,4.5,,0.85,2,0.0,0.106,-0.353,0.543,0.593,0.497,0.397,6.6,0.244,62.3,64.0,13344.0,0.61,116.0,2.2,0.1136,0.1578,0,LOW
DEF-10287,Naik,1,Counter-Insurgency,29,23.7,7.0,0.9,4,0.0,0.548,0.069,0.36,0.506,,0.466,,,49.9,75.0,12835.0,0.67,79.0,,0.3923,0.3393,1,MEDIUM
DEF-10288,Sepoy,1,Peace Station,103,18.1,,0.15,1,0.0,0.556,-0.358,0.339,0.448,0.807,0.459,7.1,,51.0,69.0,8051.0,,58.0,,0.2888,0.4593,1,MEDIUM
DEF-10289,Naik,1,Peace Station,82,5.7,12.0,0.15,1,1.0,0.429,-0.015,0.702,,0.671,0.25,,0.202,55.6,64.0,12351.0,0.8,69.0,2.4,0.1837,0.2159,0,LOW
DEF-10290,Sepoy,1,Field Outpost,78,8.2,15.0,0.45,2,0.0,0.133,-0.431,0.41,0.641,0.694,0.278,6.7,0.17,,76.0,5109.0,,78.0,,0.1166,0.2658,0,LOW
DEF-10291,Sepoy,1,Counter-Insurgency,129,24.4,6.0,0.9,1,0.0,0.572,-0.236,0.41,0.666,0.425,0.439,,,,77.0,10326.0,,110.0,3.6,0.5457,0.4662,1,MEDIUM
DEF-10292,Havildar,2,High Altitude (Siachen/Ladakh),103,24.2,14.0,0.85,1,0.0,0.163,-0.184,,0.829,,0.503,6.8,,40.4,83.0,3979.0,0.53,103.0,3.2,0.368,0.4706,1,MEDIUM
DEF-10293,Sepoy,1,Field Outpost,86,14.6,21.0,0.45,1,1.0,0.494,-0.424,,0.74,0.751,,5.8,,35.5,81.0,7856.0,0.75,108.0,,0.574,0.593,1,MEDIUM
DEF-10294,Sepoy,1,Peace Station,48,24.0,13.0,0.15,2,0.0,0.116,0.134,0.58,0.43,0.354,,5.9,0.246,,68.0,9376.0,,66.0,2.0,0.1093,0.1909,0,LOW
DEF-10295,Naik,1,Peace Station,98,7.5,8.0,0.15,3,2.0,0.241,,0.357,0.216,0.278,0.283,6.2,,55.2,52.0,,,40.0,3.8,0.0613,0.1612,0,LOW
DEF-10296,Havildar,2,Field Outpost,28,15.9,12.0,0.45,1,2.0,0.375,-0.356,0.369,0.637,0.643,0.444,5.6,0.198,63.2,71.0,8085.0,0.81,81.0,2.8,0.3612,0.2728,0,LOW
DEF-10297,Sepoy,1,High Altitude (Siachen/Ladakh),76,1.5,8.0,0.85,2,0.0,0.057,-0.246,0.37,0.431,0.401,0.091,6.9,0.256,,66.0,9571.0,,85.0,3.8,0.3027,0.2746,0,LOW
DEF-10298,Naik,1,Peace Station,63,10.9,11.0,0.15,1,0.0,0.291,-0.371,0.488,0.605,0.666,0.335,,0.213,44.0,71.0,10396.0,0.65,89.0,3.9,0.2377,0.2358,0,LOW
DEF-10299,Sepoy,1,Counter-Insurgency,20,14.2,14.0,0.9,2,0.0,,,0.637,0.679,0.408,0.381,7.7,,,82.0,,0.84,72.0,3.7,0.6025,0.4952,1,MEDIUM
DEF-10300,Sepoy,1,Counter-Insurgency,82,0.0,7.0,0.9,2,0.0,0.595,0.071,0.479,,0.539,0.217,6.3,0.187,,72.0,14194.0,0.62,79.0,,0.2735,0.3547,0,LOW
DEF-10301,Naik,1,Counter-Insurgency,44,19.0,10.0,0.9,4,0.0,0.079,-0.632,0.533,0.662,,0.356,5.4,,60.5,65.0,7352.0,0.6,63.0,3.0,0.3588,0.3407,1,MEDIUM
DEF-10302,Naik,1,Counter-Insurgency,81,20.5,8.0,0.9,1,0.0,0.475,-0.335,0.96,0.946,0.903,0.79,,0.147,29.6,81.0,8084.0,0.47,84.0,4.4,0.8518,0.7823,2,HIGH
DEF-10303,Naik,1,Peace Station,33,22.6,13.0,0.15,2,2.0,0.502,0.647,0.374,0.347,0.565,0.183,6.3,0.215,58.8,63.0,,,46.0,2.5,0.2407,0.1438,0,LOW
DEF-10304,Havildar,2,Counter-Insurgency,104,33.8,16.0,0.9,1,0.0,0.537,-0.331,0.777,,0.635,0.524,5.5,0.194,47.8,75.0,6243.0,0.45,120.0,4.2,0.9114,0.8039,2,HIGH
DEF-10305,Major,4,Field Outpost,155,17.5,11.0,0.45,2,0.0,0.24,0.173,0.188,0.355,0.255,0.246,7.2,0.336,55.9,,15573.0,,66.0,2.1,0.0491,0.2765,0,LOW
DEF-10306,Naik,1,Counter-Insurgency,28,13.5,12.0,0.9,3,0.0,0.463,-0.275,0.404,0.536,,0.333,6.1,0.229,33.3,71.0,9282.0,0.69,56.0,2.5,0.4489,0.4071,1,MEDIUM
DEF-10307,Sepoy,1,Peace Station,33,0.4,16.0,0.15,4,0.0,0.207,-0.234,0.697,0.2,0.669,0.044,7.0,0.199,53.2,73.0,6618.0,0.67,40.0,2.2,0.2171,0.2111,0,LOW
DEF-10308,Havildar,2,Field Outpost,24,17.3,9.0,0.45,1,1.0,0.257,0.164,0.447,0.161,0.231,0.193,7.0,0.292,58.1,62.0,13103.0,0.87,32.0,,0.1031,0.1429,0,LOW
DEF-10309,Sepoy,1,Peace Station,56,18.8,14.0,0.15,3,0.0,0.277,-0.514,,0.652,0.458,,6.4,0.258,68.8,,8605.0,0.78,57.0,2.5,0.3452,0.3648,1,MEDIUM
DEF-10310,Sepoy,1,Peace Station,80,2.5,15.0,0.15,1,0.0,0.257,-0.482,0.504,,0.852,0.498,5.4,0.171,52.8,82.0,11135.0,0.5,78.0,3.7,0.3524,0.3945,1,MEDIUM
DEF-10311,Sepoy,1,Counter-Insurgency,95,12.0,11.0,0.9,1,0.0,0.387,-0.014,,0.599,0.184,0.295,6.2,0.266,,73.0,6618.0,,52.0,,0.1852,0.2634,0,LOW
DEF-10312,Sepoy,1,High Altitude (Siachen/Ladakh),75,,12.0,0.85,3,0.0,,0.097,,0.603,0.708,0.332,6.6,0.248,,,8693.0,0.74,,3.7,0.533,0.493,1,MEDIUM
DEF-10313,Major,4,Field Outpost,93,18.5,,0.45,1,0.0,0.451,-0.297,0.229,0.263,0.451,0.281,,0.33,45.2,,8252.0,0.77,33.0,2.7,0.2819,0.25,0,LOW
DEF-10314,Havildar,2,Field Outpost,61,21.3,9.0,0.45,1,0.0,0.515,-0.088,0.596,,,0.24,6.5,0.2,56.3,,9115.0,0.93,,3.3,0.8208,0.7112,2,HIGH
DEF-10315,Naik,1,High Altitude (Siachen/Ladakh),44,9.4,12.0,0.85,1,0.0,0.548,-0.004,0.843,0.498,0.636,0.594,5.3,0.185,50.3,68.0,,,60.0,2.6,0.4415,0.4788,1,MEDIUM
DEF-10316,Sepoy,1,Peace Station,34,15.7,14.0,0.15,1,0.0,0.242,-0.052,0.476,,0.64,0.331,6.7,0.25,59.8,,7667.0,,52.0,3.9,0.13,0.1027,0,LOW
DEF-10317,Sepoy,1,High Altitude (Siachen/Ladakh),57,18.9,8.0,0.85,1,,0.444,0.258,0.542,,0.309,0.318,7.7,0.226,,76.0,9022.0,,88.0,,0.3782,0.3853,1,MEDIUM
DEF-10318,Sepoy,1,Field Outpost,34,,12.0,0.45,3,0.0,,0.139,0.321,0.652,,0.156,8.1,,,71.0,,,74.0,,0.1469,0.1601,0,LOW
DEF-10319,Sepoy,1,Field Outpost,79,10.4,9.0,0.45,2,0.0,0.563,-0.357,0.462,,0.315,,,0.153,64.0,75.0,6563.0,0.74,99.0,,0.3487,0.3109,0,LOW
DEF-10320,Naik,1,Counter-Insurgency,35,20.1,10.0,0.9,2,2.0,0.592,-0.16,0.377,,0.551,0.383,6.8,0.232,51.3,75.0,10112.0,,82.0,3.3,0.3084,0.2921,0,LOW
DEF-10321,Havildar,2,Field Outpost,47,12.5,21.0,0.45,1,1.0,0.412,,0.413,0.778,0.692,,7.1,0.226,49.0,77.0,6510.0,,62.0,2.8,0.1156,0.1437,0,LOW
DEF-10322,Naik,1,Field Outpost,116,3.8,23.0,0.45,2,0.0,0.589,0.147,,,0.23,0.06,7.5,0.265,47.9,,6697.0,0.72,33.0,2.0,0.1476,0.4217,0,LOW
DEF-10323,Sepoy,1,Counter-Insurgency,122,25.7,9.0,0.9,3,0.0,0.654,-0.124,0.496,,0.365,,,0.204,47.6,76.0,9925.0,0.81,,3.3,0.5345,0.5041,1,MEDIUM
DEF-10324,Major,4,Counter-Insurgency,120,4.8,12.0,0.9,4,2.0,0.302,0.137,0.538,0.341,0.459,,,,59.1,73.0,8951.0,0.7,52.0,2.6,0.2256,0.4432,0,LOW
DEF-10325,Havildar,2,Counter-Insurgency,62,13.2,9.0,0.9,4,0.0,0.759,0.007,0.678,0.616,0.417,0.194,7.6,0.215,61.7,62.0,10329.0,0.81,45.0,,0.2891,0.2691,0,LOW
DEF-10326,Naik,1,Field Outpost,45,16.7,7.0,0.45,2,0.0,0.248,-0.341,,,0.372,0.214,6.4,,64.5,66.0,,,60.0,3.0,0.4305,0.3136,1,MEDIUM
DEF-10327,Naik,1,Peace Station,86,17.9,8.0,0.15,4,0.0,0.607,-0.47,0.435,0.586,0.278,0.312,7.9,,52.7,,7223.0,,39.0,2.7,0.5382,0.4772,1,MEDIUM
DEF-10328,Sepoy,1,Peace Station,35,15.4,17.0,0.15,1,0.0,0.621,-0.001,0.389,,0.771,0.446,5.9,0.235,47.6,65.0,4380.0,,55.0,2.8,0.606,0.4885,1,MEDIUM
DEF-10329,Sepoy,1,Peace Station,98,0.0,13.0,0.15,1,0.0,0.424,-0.559,0.41,0.435,,0.288,5.5,0.29,,78.0,9858.0,0.93,61.0,4.0,0.1019,0.0826,0,LOW
DEF-10330,Sepoy,1,High Altitude (Siachen/Ladakh),42,8.0,6.0,0.85,3,0.0,0.338,,,0.598,0.288,0.187,7.9,0.271,50.0,,13752.0,,41.0,,0.1064,0.0834,0,LOW
DEF-10331,Havildar,2,Peace Station,56,,11.0,0.15,1,1.0,,-0.401,0.413,0.888,,0.332,6.1,0.235,47.6,64.0,11262.0,0.79,80.0,,0.2433,0.2455,0,LOW
DEF-10332,Sepoy,1,Field Outpost,99,13.1,10.0,0.45,1,0.0,0.282,0.03,0.708,0.519,0.355,0.372,,,,67.0,7602.0,,58.0,,0.3575,0.3645,1,MEDIUM
DEF-10333,Sepoy,1,Counter-Insurgency,16,18.3,15.0,0.9,4,0.0,0.751,-0.262,0.808,0.46,,0.453,5.8,0.223,,82.0,5855.0,0.7,111.0,3.7,0.8615,0.7022,2,HIGH
DEF-10334,Sepoy,1,Counter-Insurgency,43,22.7,16.0,0.9,3,0.0,0.173,-0.015,0.657,,0.426,0.171,,0.23,,68.0,7985.0,0.87,61.0,4.1,0.5687,0.5486,1,MEDIUM
DEF-10335,Sepoy,1,Peace Station,80,18.3,9.0,0.15,1,0.0,0.632,0.007,0.201,0.653,0.461,0.38,7.7,0.294,,65.0,8679.0,0.91,138.0,3.4,0.1688,0.2476,0,LOW
DEF-10336,Subedar,3,Peace Station,90,7.8,9.0,0.15,3,0.0,0.732,0.041,,0.62,0.886,0.282,6.6,0.227,50.5,,8511.0,0.62,,2.6,0.3371,0.3203,0,LOW
DEF-10337,Havildar,2,High Altitude (Siachen/Ladakh),81,9.4,8.0,0.85,3,0.0,,-0.046,,0.44,0.302,0.207,7.4,0.262,47.1,76.0,,0.87,62.0,3.7,0.4643,0.4478,1,MEDIUM
DEF-10338,Naik,1,Field Outpost,55,27.9,13.0,0.45,4,0.0,0.128,0.122,0.809,0.438,0.456,0.609,7.1,0.264,45.1,74.0,5184.0,0.67,63.0,3.1,0.3327,0.2992,0,LOW
DEF-10339,Sepoy,1,High Altitude (Siachen/Ladakh),105,12.5,,0.85,2,0.0,0.203,,0.386,0.243,0.155,0.231,7.0,,,,10075.0,0.68,43.0,2.4,0.1696,0.2321,0,LOW
DEF-10340,Naik,1,Counter-Insurgency,33,13.2,,0.9,3,1.0,0.263,-0.396,0.388,0.767,,0.309,,0.208,53.7,69.0,8988.0,0.61,65.0,,0.229,0.1989,0,LOW
DEF-10341,Naik,1,Field Outpost,32,18.3,4.0,0.45,3,0.0,0.543,-0.008,0.465,0.907,0.35,0.008,7.0,0.251,40.7,66.0,7633.0,0.7,50.0,3.6,0.107,0.1097,0,LOW
DEF-10342,Sepoy,1,Field Outpost,79,24.5,5.0,0.45,2,0.0,0.487,-0.084,0.463,,0.58,0.309,,,,74.0,10658.0,0.58,78.0,,0.654,0.5395,1,MEDIUM
DEF-10343,Sepoy,1,Field Outpost,31,6.3,9.0,0.45,2,1.0,0.168,0.14,0.538,0.288,0.451,0.305,7.8,,56.9,,,0.66,37.0,,0.1807,0.1876,0,LOW
DEF-10344,Sepoy,1,High Altitude (Siachen/Ladakh),158,,11.0,0.85,2,0.0,0.189,-0.114,0.771,0.54,0.688,0.273,5.8,0.132,50.1,70.0,12426.0,,52.0,2.7,0.628,0.6623,1,MEDIUM
DEF-10345,Naik,1,Field Outpost,44,0.4,,0.45,2,0.0,0.783,0.302,,,0.536,,8.0,0.281,47.4,66.0,9628.0,,52.0,1.9,0.2019,0.1425,0,LOW
DEF-10346,Naik,1,High Altitude (Siachen/Ladakh),104,11.5,10.0,0.85,4,0.0,0.029,0.02,0.455,0.615,,0.304,5.8,,41.1,79.0,5400.0,0.64,55.0,3.3,0.2841,0.2975,0,LOW
DEF-10347,Sepoy,1,Counter-Insurgency,27,18.8,11.0,0.9,1,0.0,0.865,-0.637,0.747,,0.837,0.552,5.9,0.186,,74.0,,,116.0,2.9,0.4531,0.3713,1,MEDIUM
DEF-10348,Sepoy,1,Peace Station,139,10.9,9.0,0.15,1,0.0,0.551,0.054,0.339,0.493,0.152,0.115,7.2,0.29,62.3,65.0,9518.0,,150.0,,0.1472,0.2483,0,LOW
DEF-10349,Naik,1,Counter-Insurgency,65,29.0,10.0,0.9,3,0.0,0.54,,1.0,,0.841,0.875,5.3,0.106,35.7,85.0,9366.0,0.56,88.0,,0.9476,0.7836,2,HIGH
DEF-10350,Naik,1,Field Outpost,43,15.0,13.0,0.45,1,0.0,0.389,-0.152,0.543,0.455,0.565,0.319,6.8,0.213,63.8,,9648.0,0.94,101.0,3.4,0.2628,0.3277,0,LOW
DEF-10351,Subedar,3,Counter-Insurgency,53,13.1,9.0,0.9,2,2.0,0.027,-0.355,0.405,,0.462,0.372,6.0,0.173,38.2,68.0,8402.0,0.72,91.0,4.1,0.4292,0.2686,1,MEDIUM
DEF-10352,Naik,1,Peace Station,39,11.0,14.0,0.15,1,0.0,0.592,0.196,0.54,,0.454,0.431,,0.151,39.0,78.0,9956.0,0.77,62.0,2.3,0.2456,0.2412,0,LOW
DEF-10353,Sepoy,1,Peace Station,56,2.4,11.0,0.15,2,0.0,0.2,0.255,0.499,0.775,0.692,0.055,9.1,0.31,,61.0,6434.0,0.56,48.0,1.5,0.2552,0.3183,0,LOW
DEF-10354,Sepoy,1,Peace Station,28,13.2,12.0,0.15,4,,0.302,-0.184,0.211,0.245,0.682,0.309,6.6,0.28,,72.0,9500.0,0.92,50.0,2.7,0.1117,0.1182,0,LOW
DEF-10355,Naik,1,Peace Station,44,17.0,11.0,0.15,3,0.0,0.684,0.179,,0.267,0.332,0.406,,0.219,64.5,61.0,6287.0,,59.0,,0.2317,0.3109,0,LOW
DEF-10356,Sepoy,1,Peace Station,102,13.0,14.0,0.15,1,0.0,0.148,0.396,,0.097,,,7.8,,,60.0,5059.0,,34.0,2.0,0.2293,0.3511,0,LOW
DEF-10357,Naik,1,Counter-Insurgency,73,16.0,16.0,0.9,4,0.0,0.256,0.271,0.234,0.414,0.381,0.157,5.8,0.309,46.2,58.0,6274.0,0.79,,3.2,0.0815,0.1796,0,LOW
DEF-10358,Major,4,Field Outpost,33,8.3,11.0,0.45,1,0.0,0.664,-0.489,0.562,,0.56,0.21,,0.222,55.4,69.0,4676.0,0.57,72.0,3.2,0.464,0.4245,1,MEDIUM
DEF-10359,Naik,1,Counter-Insurgency,57,3.4,13.0,0.9,2,0.0,0.57,,,0.499,,0.302,7.0,0.278,49.9,75.0,8982.0,,45.0,,0.4315,0.4577,1,MEDIUM
DEF-10360,Sepoy,1,Field Outpost,123,13.1,11.0,0.45,2,0.0,0.108,-0.199,0.247,0.231,0.221,0.196,7.7,0.209,64.5,64.0,5274.0,0.72,42.0,3.8,0.0404,0.156,0,LOW
DEF-10361,Naik,1,Peace Station,48,15.9,13.0,0.15,4,0.0,0.39,,0.284,0.447,0.88,0.43,6.0,,54.4,,10636.0,0.73,47.0,2.7,0.4892,0.452,1,MEDIUM
DEF-10362,Naik,1,Field Outpost,30,12.6,14.0,0.45,1,0.0,0.116,0.234,0.758,0.52,0.66,0.546,7.4,0.226,49.4,,9432.0,0.64,,2.9,0.3017,0.2094,0,LOW
DEF-10363,Naik,1,Counter-Insurgency,88,15.7,8.0,0.9,2,0.0,0.279,-0.093,0.51,0.449,0.443,0.256,6.9,0.212,54.1,,10657.0,0.81,53.0,2.0,0.1923,0.1408,0,LOW
DEF-10364,Major,4,Field Outpost,11,20.6,9.0,0.45,1,2.0,0.568,-0.257,0.799,0.725,0.873,0.437,,0.249,50.1,82.0,,0.53,70.0,3.9,0.1609,0.1648,0,LOW
DEF-10365,Sepoy,1,Peace Station,54,20.6,12.0,0.15,1,1.0,0.337,-0.549,,0.554,0.472,0.636,5.5,0.175,40.8,,13338.0,0.69,,,0.8143,0.6823,2,HIGH
DEF-10366,Major,4,Counter-Insurgency,129,21.3,15.0,0.9,4,2.0,0.512,-0.222,0.781,,0.449,,5.5,0.161,46.2,79.0,10109.0,0.71,75.0,,0.7541,0.8466,2,HIGH
DEF-10367,Subedar,3,Peace Station,56,22.5,19.0,0.15,2,2.0,0.163,0.219,0.75,0.557,0.391,,5.4,0.146,46.6,71.0,7690.0,,77.0,,0.4114,0.386,1,MEDIUM
DEF-10368,Sepoy,1,High Altitude (Siachen/Ladakh),108,18.2,10.0,0.85,3,0.0,0.607,0.351,0.665,0.883,0.301,,6.7,0.215,,,,0.58,59.0,3.0,0.5632,0.5075,1,MEDIUM
DEF-10369,Sepoy,1,Field Outpost,30,17.0,15.0,0.45,1,0.0,0.098,,0.667,0.292,0.655,0.426,7.4,,,69.0,6923.0,0.68,67.0,3.5,0.4402,0.3235,1,MEDIUM
DEF-10370,Sepoy,1,Peace Station,55,30.5,15.0,0.15,3,0.0,0.461,-0.302,,0.522,0.507,,6.1,0.145,,,,0.8,84.0,4.5,0.7633,0.6762,2,HIGH
DEF-10371,Sepoy,1,Peace Station,51,20.7,14.0,0.15,3,0.0,0.281,0.103,0.512,0.612,0.497,0.338,6.8,0.293,,70.0,8683.0,0.67,46.0,2.8,0.3621,0.3834,1,MEDIUM
DEF-10372,Sepoy,1,Counter-Insurgency,85,6.8,5.0,0.9,2,0.0,0.167,-0.274,0.552,0.58,0.466,0.296,5.8,0.171,,65.0,9437.0,0.89,107.0,1.9,0.2736,0.2949,0,LOW
DEF-10373,Naik,1,Counter-Insurgency,67,0.0,4.0,0.9,2,,0.603,0.018,,0.487,0.292,0.275,6.7,0.269,61.4,65.0,6265.0,0.71,45.0,2.3,0.1891,0.2374,0,LOW
DEF-10374,Sepoy,1,Field Outpost,139,12.0,13.0,0.45,4,0.0,0.458,-0.019,0.922,0.761,0.467,0.354,6.3,0.216,,,8840.0,,58.0,3.1,0.7198,0.6454,2,HIGH
DEF-10375,Sepoy,1,Peace Station,46,19.3,11.0,0.15,3,0.0,0.542,-0.539,,,0.485,0.429,6.4,0.212,35.0,77.0,10240.0,0.63,62.0,3.5,0.4868,0.4936,1,MEDIUM
DEF-10376,Havildar,2,Peace Station,66,22.2,16.0,0.15,2,,,,0.434,,0.802,0.305,,0.289,56.2,71.0,13221.0,0.67,82.0,2.5,0.4588,0.381,1,MEDIUM
DEF-10377,Sepoy,1,Peace Station,53,3.4,10.0,0.15,2,2.0,0.113,0.156,0.167,0.487,0.151,0.166,6.8,0.304,,69.0,9428.0,0.74,37.0,2.6,0.1288,0.0301,0,LOW
DEF-10378,Havildar,2,Field Outpost,63,20.2,10.0,0.45,3,0.0,0.412,-0.369,0.598,,0.446,0.415,5.5,0.226,48.9,71.0,8855.0,0.86,72.0,3.1,0.754,0.6618,2,HIGH
DEF-10379,Sepoy,1,Peace Station,60,23.6,7.0,0.15,1,1.0,0.446,-0.563,0.394,,0.26,0.329,5.6,,52.3,64.0,8118.0,,,3.3,0.1652,0.2238,0,LOW
DEF-10380,Sepoy,1,Peace Station,35,19.2,19.0,0.15,2,0.0,0.243,0.008,,0.762,0.414,0.243,7.0,,,67.0,14022.0,,,3.4,0.185,0.2017,0,LOW
DEF-10381,Naik,1,Field Outpost,99,17.5,23.0,0.45,4,,0.404,0.001,1.0,0.46,0.604,0.372,6.3,0.204,53.0,74.0,9736.0,0.63,66.0,3.8,0.3981,0.504,1,MEDIUM
DEF-10382,Naik,1,High Altitude (Siachen/Ladakh),41,12.9,9.0,0.85,4,0.0,0.598,-0.36,0.622,,0.789,0.505,5.5,0.167,49.6,,7404.0,0.54,80.0,4.5,0.8323,0.6619,2,HIGH
DEF-10383,Subedar,3,Counter-Insurgency,39,10.1,14.0,0.9,3,0.0,0.182,0.074,,,0.557,0.013,6.5,,58.4,64.0,9985.0,,25.0,,0.3178,0.2174,0,LOW
DEF-10384,Havildar,2,Field Outpost,21,20.7,10.0,0.45,1,4.0,0.608,-0.058,0.388,,0.777,0.713,5.8,0.178,52.1,74.0,10246.0,0.69,74.0,4.6,0.473,0.3977,1,MEDIUM
DEF-10385,Havildar,2,High Altitude (Siachen/Ladakh),45,19.0,11.0,0.85,4,0.0,0.288,-0.359,0.51,,0.571,0.395,,0.203,48.1,82.0,9828.0,0.72,106.0,3.1,0.7983,0.6056,2,HIGH
DEF-10386,Sepoy,1,Field Outpost,41,11.2,9.0,0.45,2,0.0,0.796,0.207,0.581,,0.319,0.294,,0.164,49.5,65.0,5996.0,0.97,78.0,,0.2697,0.2714,0,LOW
DEF-10387,Sepoy,1,Field Outpost,13,35.6,11.0,0.45,1,,0.753,-0.407,,0.945,0.624,,4.6,0.145,,92.0,11903.0,0.75,75.0,4.7,0.9489,0.737,2,HIGH
DEF-10388,Havildar,2,High Altitude (Siachen/Ladakh),56,1.2,13.0,0.85,2,0.0,0.536,0.152,0.364,,0.308,0.163,7.4,0.24,65.8,56.0,11319.0,0.94,44.0,3.1,0.1195,0.2226,0,LOW
DEF-10389,Havildar,2,High Altitude (Siachen/Ladakh),135,12.0,14.0,0.85,3,3.0,0.513,-0.008,0.922,0.649,0.517,0.232,6.4,0.21,44.3,72.0,,0.72,51.0,2.9,0.3409,0.4809,1,MEDIUM
DEF-10390,Colonel,4,Field Outpost,23,,13.0,0.45,1,0.0,0.361,,0.542,0.59,0.653,0.516,4.8,,59.6,,6343.0,,75.0,3.0,0.7549,0.6124,2,HIGH
DEF-10391,Sepoy,1,Field Outpost,63,17.3,14.0,0.45,4,0.0,0.524,,0.232,0.278,0.197,0.193,8.9,0.346,60.1,50.0,,0.69,40.0,2.3,0.0392,0.0744,0,LOW
DEF-10392,Sepoy,1,Counter-Insurgency,55,0.0,17.0,0.9,4,0.0,0.206,-0.357,0.555,,0.371,0.24,6.1,0.258,57.3,74.0,5977.0,0.72,76.0,2.7,0.3234,0.3572,0,LOW
DEF-10393,Havildar,2,Field Outpost,92,24.8,17.0,0.45,1,0.0,0.339,-0.485,0.65,0.755,0.772,0.648,5.0,0.243,42.3,88.0,9872.0,0.69,89.0,,0.6047,0.5941,1,MEDIUM
DEF-10394,Sepoy,1,Field Outpost,96,22.5,7.0,0.45,4,0.0,0.36,-0.373,,0.817,0.653,0.676,,0.209,39.8,78.0,,0.56,76.0,3.4,0.7812,0.5865,2,HIGH
DEF-10395,Major,4,High Altitude (Siachen/Ladakh),191,16.3,11.0,0.85,4,0.0,0.211,-0.078,0.42,0.569,0.496,0.278,5.7,0.251,38.2,77.0,3604.0,0.72,69.0,4.6,0.4877,0.5247,1,MEDIUM
DEF-10396,Subedar,3,Peace Station,74,11.4,11.0,0.15,1,0.0,0.426,0.121,0.16,0.245,0.115,,7.4,,55.4,65.0,,0.88,28.0,3.4,0.1474,0.1403,0,LOW
DEF-10397,Sepoy,1,Field Outpost,37,20.1,10.0,0.45,1,0.0,0.507,-0.214,0.454,0.402,0.455,0.502,6.5,0.191,55.4,72.0,6341.0,0.8,85.0,2.9,0.2634,0.2664,0,LOW
DEF-10398,Havildar,2,Counter-Insurgency,44,16.8,11.0,0.9,1,0.0,0.399,0.2,0.469,0.456,,0.358,6.5,0.214,60.6,73.0,13834.0,0.74,54.0,4.0,0.2031,0.1519,0,LOW
DEF-10399,Havildar,2,Field Outpost,47,22.1,14.0,0.45,1,0.0,0.615,0.097,0.827,0.652,0.407,0.548,6.7,0.238,38.0,76.0,8635.0,0.77,86.0,3.2,0.6308,0.4771,1,MEDIUM
DEF-10400,Sepoy,1,Peace Station,42,13.0,18.0,0.15,3,0.0,0.339,-0.095,,0.382,,0.191,,,,74.0,15613.0,0.66,50.0,,0.3882,0.3966,1,MEDIUM
DEF-10401,Subedar,3,Field Outpost,154,12.5,5.0,0.45,1,0.0,,,0.46,0.165,0.599,0.181,7.7,0.223,61.8,,8259.0,0.89,50.0,2.1,0.1931,0.1117,0,LOW
DEF-10402,Naik,1,Peace Station,93,23.2,7.0,0.15,4,0.0,0.554,0.356,0.499,0.574,1.0,0.586,,0.176,44.5,79.0,7032.0,,,,0.6437,0.4713,1,MEDIUM
DEF-10403,Havildar,2,Field Outpost,19,19.4,12.0,0.45,4,0.0,0.598,-0.309,0.459,0.476,0.445,0.357,,,36.8,,6975.0,0.75,,2.3,0.3773,0.312,1,MEDIUM
DEF-10404,Sepoy,1,Peace Station,85,12.5,17.0,0.15,1,0.0,0.729,-0.145,0.493,,0.507,0.297,7.3,0.27,71.8,65.0,10590.0,0.82,71.0,2.9,0.31,0.3172,0,LOW
DEF-10405,Subedar,3,Field Outpost,31,17.1,10.0,0.45,2,0.0,0.357,-0.277,0.491,0.428,0.639,0.232,,0.197,57.0,72.0,7337.0,0.61,,4.1,0.3585,0.3566,1,MEDIUM
DEF-10406,Sepoy,1,Field Outpost,95,15.6,8.0,0.45,2,0.0,0.489,0.38,0.398,0.701,0.875,0.265,6.4,0.293,62.0,75.0,6915.0,,38.0,1.6,0.4472,0.3919,1,MEDIUM
DEF-10407,Sepoy,1,Field Outpost,118,18.0,,0.45,2,1.0,0.405,-0.386,,0.554,0.428,0.453,6.6,0.234,,78.0,5622.0,0.62,73.0,3.8,0.5116,0.5948,1,MEDIUM
DEF-10408,Subedar,3,Field Outpost,55,24.8,14.0,0.45,1,0.0,0.111,-0.365,,,0.52,0.578,6.8,0.198,42.3,75.0,7246.0,0.73,72.0,4.0,0.4468,0.3854,1,MEDIUM
DEF-10409,Sepoy,1,Peace Station,44,11.0,17.0,0.15,1,0.0,0.456,0.233,,0.891,,,,0.221,,82.0,7839.0,0.44,88.0,4.3,0.7511,0.6104,2,HIGH
DEF-10410,Sepoy,1,Peace Station,141,8.5,10.0,0.15,1,0.0,0.351,0.324,0.198,0.38,0.669,0.232,7.8,0.236,64.8,69.0,11338.0,,39.0,2.3,0.0909,0.1164,0,LOW
DEF-10411,Major,4,Field Outpost,40,16.3,9.0,0.45,1,0.0,0.469,-0.083,0.363,0.562,,0.22,5.6,0.291,54.3,71.0,8762.0,0.78,57.0,2.4,0.3097,0.3825,0,LOW
DEF-10412,Major,4,Peace Station,38,9.4,16.0,0.15,4,0.0,,-0.131,0.904,0.605,,0.455,7.7,0.135,61.5,74.0,5532.0,0.84,99.0,3.7,0.3305,0.3355,0,LOW
DEF-10413,Naik,1,High Altitude (Siachen/Ladakh),34,6.3,10.0,0.85,1,1.0,0.45,-0.617,0.509,,0.364,0.34,6.1,,54.0,75.0,6383.0,0.73,59.0,3.1,0.4227,0.2884,1,MEDIUM
DEF-10414,Naik,1,High Altitude (Siachen/Ladakh),61,22.4,15.0,0.85,1,3.0,,-0.211,0.484,0.762,0.518,0.494,5.5,,34.0,73.0,5599.0,0.69,,3.5,0.9131,0.7386,2,HIGH
DEF-10415,Sepoy,1,Peace Station,74,11.6,10.0,0.15,2,0.0,0.471,0.039,0.221,0.307,0.367,0.307,7.3,0.22,59.4,69.0,11939.0,,,3.0,0.2384,0.1967,0,LOW
DEF-10416,Sepoy,1,Peace Station,109,0.0,11.0,0.15,1,0.0,0.512,-0.345,0.773,0.384,0.376,0.157,6.5,0.205,42.7,,11580.0,0.67,49.0,,0.1553,0.238,0,LOW
DEF-10417,Sepoy,1,Peace Station,87,21.2,9.0,0.15,1,0.0,0.705,0.152,0.253,0.705,0.457,,,0.295,47.2,74.0,8328.0,0.79,40.0,2.1,0.1036,0.1451,0,LOW
DEF-10418,Naik,1,Field Outpost,86,10.3,3.0,0.45,2,0.0,0.56,0.614,0.795,0.388,0.403,0.016,6.6,0.314,62.0,67.0,6826.0,0.9,36.0,2.5,0.071,0.1557,0,LOW
DEF-10419,Havildar,2,Peace Station,128,18.9,15.0,0.15,2,0.0,0.202,0.255,0.668,0.359,0.353,0.39,5.8,0.214,48.0,73.0,8338.0,0.59,55.0,2.6,0.4511,0.4993,1,MEDIUM
DEF-10420,Havildar,2,Peace Station,32,23.2,15.0,0.15,1,1.0,0.326,0.38,,0.241,0.321,0.37,,,54.4,65.0,9013.0,0.69,48.0,2.4,0.4928,0.4423,1,MEDIUM
DEF-10421,Havildar,2,Field Outpost,22,15.6,17.0,0.45,2,0.0,0.594,-0.104,0.36,0.394,0.595,0.379,6.5,0.299,34.1,66.0,4607.0,1.0,60.0,3.5,0.3023,0.2353,0,LOW
DEF-10422,Sepoy,1,Counter-Insurgency,89,0.0,15.0,0.9,2,0.0,0.836,-0.305,,0.959,0.668,0.246,6.2,0.204,,83.0,8860.0,0.74,,4.2,0.8283,0.7407,2,HIGH
DEF-10423,Naik,1,High Altitude (Siachen/Ladakh),59,0.0,10.0,0.85,2,,,0.073,,0.715,0.68,0.062,6.7,0.221,63.1,62.0,4846.0,,58.0,2.6,0.2304,0.2757,0,LOW
DEF-10424,Sepoy,1,Counter-Insurgency,109,8.3,12.0,0.9,3,0.0,0.188,,0.513,0.457,0.648,,6.3,0.175,,73.0,6255.0,0.79,62.0,2.8,0.4532,0.472,1,MEDIUM
DEF-10425,Naik,1,Peace Station,62,13.5,8.0,0.15,1,0.0,0.623,,,,0.284,0.144,5.2,0.265,55.8,70.0,8233.0,,39.0,2.2,0.1091,0.0606,0,LOW
DEF-10426,Sepoy,1,Peace Station,43,24.2,,0.15,2,1.0,0.179,,,0.467,0.483,0.543,6.8,0.262,44.2,75.0,8385.0,,115.0,2.8,0.1669,0.1653,0,LOW
DEF-10427,Subedar,3,Peace Station,90,16.5,,0.15,3,0.0,0.547,,,0.692,0.405,0.311,5.9,,51.0,,,,58.0,2.5,0.8329,0.6485,2,HIGH
DEF-10428,Sepoy,1,Counter-Insurgency,67,36.2,9.0,0.9,4,0.0,,-0.491,,0.786,0.824,0.371,,0.221,50.5,77.0,,0.65,64.0,,0.6474,0.575,1,MEDIUM
DEF-10429,Sepoy,1,Peace Station,63,1.3,12.0,0.15,3,0.0,0.261,0.463,0.202,0.331,,0.092,7.4,0.313,,65.0,,0.9,,2.5,0.0358,0.1889,0,LOW
DEF-10430,Sepoy,1,Field Outpost,211,15.0,12.0,0.45,2,2.0,0.345,,0.458,0.642,0.727,0.371,,0.239,,67.0,8262.0,0.8,,3.4,0.5313,0.632,1,MEDIUM
DEF-10431,Havildar,2,Field Outpost,123,10.2,14.0,0.45,2,0.0,0.14,0.4,0.512,0.473,0.53,0.287,,,66.1,71.0,13975.0,,44.0,2.8,0.1217,0.2683,0,LOW
DEF-10432,Naik,1,High Altitude (Siachen/Ladakh),97,16.0,16.0,0.85,2,0.0,0.449,0.006,0.823,0.354,0.631,,6.2,0.221,42.8,77.0,6294.0,0.75,54.0,3.8,0.3221,0.3921,1,MEDIUM
DEF-10433,Sepoy,1,Peace Station,68,28.9,16.0,0.15,3,0.0,0.169,,0.331,,0.381,0.342,6.1,,,71.0,8903.0,0.66,,2.8,0.7025,0.576,1,MEDIUM
DEF-10434,Sepoy,1,Field Outpost,65,,10.0,0.45,3,0.0,0.278,-0.029,0.69,,0.639,0.705,7.0,0.204,,80.0,5072.0,0.68,75.0,4.4,0.6102,0.5234,1,MEDIUM
DEF-10435,Havildar,2,Counter-Insurgency,53,14.5,14.0,0.9,1,3.0,0.242,-0.012,0.548,0.787,0.603,0.583,5.9,0.224,53.6,,12017.0,,72.0,3.7,0.3937,0.4035,1,MEDIUM
DEF-10436,Sepoy,1,Field Outpost,73,21.3,10.0,0.45,1,,0.382,,,,0.989,0.374,6.7,,,74.0,12669.0,,57.0,,0.3764,0.38,1,MEDIUM
DEF-10437,Havildar,2,Field Outpost,47,15.8,,0.45,1,0.0,0.382,,0.65,,0.801,0.232,6.3,0.178,61.8,,11227.0,,50.0,3.1,0.7514,0.6511,2,HIGH
DEF-10438,Havildar,2,Field Outpost,28,4.9,10.0,0.45,1,0.0,0.554,-0.033,0.288,0.425,0.455,0.134,7.5,,78.6,60.0,,0.94,,2.4,0.103,0.1472,0,LOW
DEF-10439,Sepoy,1,High Altitude (Siachen/Ladakh),62,14.1,11.0,0.85,4,0.0,0.386,-0.03,,0.414,0.414,0.066,7.2,0.183,,,,0.79,105.0,3.1,0.1631,0.2417,0,LOW
DEF-10440,Sepoy,1,Peace Station,76,9.7,21.0,0.15,1,0.0,0.078,0.323,0.23,0.615,0.244,0.239,6.3,0.185,,69.0,,0.62,56.0,1.8,0.3992,0.4538,1,MEDIUM
DEF-10441,Colonel,4,Peace Station,109,13.5,18.0,0.15,1,0.0,0.619,0.401,0.399,0.267,0.337,0.234,6.9,,54.7,,6761.0,0.74,43.0,2.1,0.1215,0.2745,0,LOW
DEF-10442,Sepoy,1,High Altitude (Siachen/Ladakh),38,6.8,11.0,0.85,3,0.0,0.55,-0.544,,,0.401,0.368,5.0,,54.3,65.0,2064.0,0.52,,3.7,0.7183,0.5962,1,MEDIUM
DEF-10443,Sepoy,1,Field Outpost,65,15.3,13.0,0.45,1,0.0,0.592,0.118,0.876,0.554,,,7.4,0.204,64.1,75.0,1805.0,0.67,94.0,3.5,0.3865,0.4326,1,MEDIUM
DEF-10444,Havildar,2,Counter-Insurgency,87,16.6,12.0,0.9,1,0.0,0.507,0.009,0.56,,0.482,,6.8,,35.1,72.0,10767.0,0.43,60.0,3.3,0.2272,0.3358,0,LOW
DEF-10445,Major,4,Field Outpost,85,,11.0,0.45,2,0.0,0.925,-0.381,0.46,0.55,,0.485,5.8,,54.7,69.0,6081.0,,64.0,2.9,0.4356,0.4451,1,MEDIUM
DEF-10446,Colonel,4,Field Outpost,150,16.6,11.0,0.45,2,1.0,0.631,-0.681,,0.767,0.618,0.337,5.1,0.244,42.1,77.0,,0.62,76.0,2.7,0.4257,0.5014,1,MEDIUM
DEF-10447,Havildar,2,Peace Station,53,27.9,6.0,0.15,1,0.0,0.35,,,0.332,0.085,0.309,7.8,0.342,64.2,66.0,,0.85,30.0,1.5,0.0814,0.0924,0,LOW
DEF-10448,Sepoy,1,High Altitude (Siachen/Ladakh),36,32.6,16.0,0.85,2,0.0,0.324,-0.411,0.594,,0.621,0.762,4.2,0.106,41.6,87.0,8016.0,,,4.0,0.9622,0.7785,2,HIGH
DEF-10449,Sepoy,1,High Altitude (Siachen/Ladakh),68,10.6,9.0,0.85,1,1.0,0.277,-0.15,,,0.51,0.473,5.9,,,72.0,11518.0,0.64,70.0,4.0,0.637,0.5646,1,MEDIUM
DEF-10450,Havildar,2,Field Outpost,55,22.2,15.0,0.45,2,1.0,0.451,0.172,,0.481,0.715,0.316,5.3,0.243,46.0,67.0,8174.0,0.8,111.0,3.6,0.8503,0.6379,2,HIGH
DEF-10451,Naik,1,Peace Station,49,32.0,8.0,0.15,2,0.0,0.128,-0.617,0.99,0.969,0.695,0.59,5.4,,36.1,75.0,6524.0,0.59,79.0,3.6,0.9017,0.7308,2,HIGH
DEF-10452,Sepoy,1,Counter-Insurgency,45,22.5,11.0,0.9,3,0.0,0.081,,,0.318,0.553,0.341,6.0,,48.7,66.0,16356.0,0.83,70.0,2.4,0.086,0.0773,0,LOW
DEF-10453,Subedar,3,Peace Station,76,20.1,13.0,0.15,2,1.0,0.453,,0.778,,0.329,,6.0,0.112,50.3,83.0,7085.0,0.73,74.0,2.8,0.6802,0.6415,1,MEDIUM
DEF-10454,Sepoy,1,Peace Station,41,0.0,7.0,0.15,2,0.0,0.488,0.379,0.513,0.685,0.263,0.272,7.3,0.252,,,10805.0,,42.0,2.2,0.0712,0.1217,0,LOW
DEF-10455,Naik,1,Counter-Insurgency,97,9.3,8.0,0.9,2,2.0,0.132,0.127,0.484,,0.567,0.256,6.5,,54.4,72.0,8682.0,,50.0,3.6,0.1934,0.2589,0,LOW
DEF-10456,Sepoy,1,High Altitude (Siachen/Ladakh),94,10.5,11.0,0.85,1,1.0,0.752,-0.147,0.693,0.584,0.533,0.402,5.7,0.188,,71.0,,0.81,61.0,4.6,0.6444,0.6734,1,MEDIUM
DEF-10457,Naik,1,Field Outpost,80,25.8,14.0,0.45,1,0.0,0.209,,0.72,,0.776,0.438,5.5,0.214,24.7,,12325.0,0.78,82.0,3.9,0.8451,0.6587,2,HIGH
DEF-10458,Sepoy,1,Counter-Insurgency,32,7.8,5.0,0.9,3,0.0,0.625,-0.006,0.313,0.394,0.586,0.215,,0.207,,72.0,6801.0,,38.0,1.9,0.237,0.2102,0,LOW
DEF-10459,Sepoy,1,Peace Station,74,13.3,20.0,0.15,1,0.0,0.251,0.105,0.149,0.31,0.15,,7.1,0.248,,64.0,9144.0,0.8,22.0,2.7,0.02,0.1745,0,LOW
DEF-10460,Sepoy,1,Peace Station,113,21.1,,0.15,2,4.0,0.427,0.251,0.439,0.544,0.673,0.324,7.3,0.283,,,3630.0,0.75,80.0,3.2,0.1746,0.3124,0,LOW
DEF-10461,Naik,1,High Altitude (Siachen/Ladakh),101,7.4,11.0,0.85,1,1.0,0.503,0.478,0.467,0.397,0.235,0.316,6.8,,45.8,76.0,,,111.0,2.9,0.3282,0.4552,1,MEDIUM
DEF-10462,Havildar,2,Peace Station,93,16.4,12.0,0.15,3,0.0,0.329,-0.346,,,,,7.5,,50.6,68.0,11643.0,0.66,,2.9,0.1115,0.1509,0,LOW
DEF-10463,Naik,1,Counter-Insurgency,65,15.3,9.0,0.9,4,,0.237,-0.084,,0.614,0.761,0.181,7.0,0.282,52.7,77.0,,0.75,38.0,2.4,0.3145,0.3162,0,LOW
DEF-10464,Major,4,High Altitude (Siachen/Ladakh),63,,10.0,0.85,1,,0.191,-0.302,0.768,0.836,0.54,,,0.234,38.2,76.0,13525.0,0.52,93.0,4.7,0.2394,0.204,0,LOW
DEF-10465,Sepoy,1,Peace Station,124,19.6,5.0,0.15,2,3.0,0.151,-0.692,0.593,0.521,,0.358,6.1,0.255,50.1,69.0,,0.53,60.0,3.1,0.4125,0.3088,1,MEDIUM
DEF-10466,Sepoy,1,Counter-Insurgency,76,19.3,19.0,0.9,2,0.0,0.163,-0.263,1.0,0.804,0.757,0.6,4.5,0.144,28.0,84.0,6608.0,,118.0,4.8,0.8219,0.7767,2,HIGH
DEF-10467,Subedar,3,Peace Station,76,15.7,15.0,0.15,3,0.0,0.331,-0.058,0.554,0.491,0.606,0.285,5.7,0.204,40.5,67.0,8433.0,0.87,,2.7,0.1764,0.1522,0,LOW
DEF-10468,Sepoy,1,Field Outpost,244,0.0,14.0,0.45,1,0.0,0.69,0.299,0.335,0.112,0.361,,7.6,0.298,,67.0,6935.0,0.87,47.0,1.8,0.1966,0.3655,0,LOW
DEF-10469,Major,4,Counter-Insurgency,53,15.2,14.0,0.9,2,0.0,,-0.461,0.626,0.74,1.0,0.577,6.5,0.262,49.2,81.0,,0.68,103.0,4.0,0.657,0.5663,1,MEDIUM
DEF-10470,Sepoy,1,Counter-Insurgency,12,14.5,6.0,0.9,2,2.0,0.878,0.081,0.438,0.596,0.32,,5.7,0.227,,,12508.0,,58.0,3.7,0.2551,0.1306,0,LOW
DEF-10471,Major,4,Field Outpost,58,20.5,6.0,0.45,1,0.0,0.205,-0.006,0.332,0.334,0.34,0.255,6.2,0.262,45.6,62.0,,0.81,106.0,3.4,0.1278,0.1742,0,LOW
DEF-10472,Sepoy,1,Peace Station,60,10.4,9.0,0.15,1,0.0,0.05,0.08,,0.565,,,7.8,,,68.0,8520.0,0.76,41.0,,0.1623,0.2492,0,LOW
DEF-10473,Subedar,3,Peace Station,75,14.4,7.0,0.15,1,0.0,0.788,,0.236,0.679,0.379,,,0.194,56.4,,,0.67,,3.9,0.4419,0.3543,1,MEDIUM
DEF-10474,Naik,1,Field Outpost,85,14.6,7.0,0.45,3,0.0,0.554,0.081,,0.398,0.424,0.396,5.9,,58.8,69.0,9285.0,0.86,42.0,2.5,0.1605,0.0996,0,LOW
DEF-10475,Colonel,4,Field Outpost,14,,15.0,0.45,1,0.0,0.561,-0.408,0.808,0.454,,0.34,8.3,0.249,52.7,,7490.0,0.76,76.0,3.8,0.2032,0.1716,0,LOW
DEF-10476,Sepoy,1,Peace Station,86,4.2,14.0,0.15,2,1.0,0.136,0.149,0.382,0.177,0.584,0.147,7.0,0.337,,59.0,6322.0,,39.0,2.5,0.0639,0.1589,0,LOW
DEF-10477,Naik,1,Field Outpost,62,17.3,12.0,0.45,1,0.0,0.315,0.347,0.374,0.414,0.273,,,0.252,52.1,72.0,7259.0,0.91,44.0,2.5,0.1673,0.1879,0,LOW
DEF-10478,Major,4,High Altitude (Siachen/Ladakh),54,22.6,,0.85,1,0.0,0.483,-0.283,0.513,,0.472,0.438,4.8,0.22,31.9,79.0,7047.0,0.64,65.0,2.6,0.858,0.7136,2,HIGH
DEF-10479,Naik,1,Field Outpost,20,8.7,15.0,0.45,2,0.0,0.711,0.333,0.306,,0.514,0.333,7.4,0.235,71.2,,8163.0,,49.0,,0.4935,0.4368,1,MEDIUM
DEF-10480,Naik,1,Peace Station,138,12.1,18.0,0.15,3,1.0,0.432,,0.521,,0.278,,7.3,0.223,63.2,63.0,11945.0,,56.0,,0.0937,0.3186,0,LOW
DEF-10481,Naik,1,Counter-Insurgency,49,21.1,9.0,0.9,2,0.0,0.118,0.063,0.418,0.743,0.385,0.55,7.0,0.249,57.6,68.0,,,,3.2,0.3229,0.3778,0,LOW
DEF-10482,Naik,1,Peace Station,93,21.9,,0.15,3,0.0,0.097,0.025,,0.426,0.959,0.355,7.4,0.281,38.7,68.0,3767.0,,77.0,3.4,0.2034,0.2725,0,LOW
DEF-10483,Naik,1,High Altitude (Siachen/Ladakh),37,16.0,,0.85,2,0.0,0.778,-0.081,0.456,0.416,0.355,0.496,6.9,0.231,36.4,68.0,1200.0,0.72,56.0,3.0,0.465,0.4135,1,MEDIUM
DEF-10484,Naik,1,Peace Station,77,17.5,12.0,0.15,2,1.0,0.394,-0.052,,0.323,0.293,0.37,,0.223,54.8,75.0,16057.0,,79.0,3.0,0.2776,0.2808,0,LOW
DEF-10485,Subedar,3,Field Outpost,55,18.5,13.0,0.45,2,,0.312,0.015,0.388,,,0.243,7.0,0.221,47.4,67.0,9903.0,0.66,39.0,2.3,0.1515,0.2528,0,LOW
DEF-10486,Sepoy,1,Field Outpost,92,20.0,9.0,0.45,4,0.0,,,0.92,0.372,0.269,0.22,,,,67.0,10250.0,0.74,62.0,,0.3539,0.445,1,MEDIUM
DEF-10487,Sepoy,1,Field Outpost,54,4.9,21.0,0.45,2,4.0,0.755,0.158,0.511,0.829,0.39,0.109,6.3,0.247,42.7,,11549.0,0.68,73.0,3.4,0.3716,0.3892,1,MEDIUM
DEF-10488,Major,4,Field Outpost,36,30.3,9.0,0.45,2,0.0,0.682,-0.268,0.943,,0.439,0.544,4.7,0.118,30.5,75.0,4633.0,0.8,,3.7,0.9207,0.7886,2,HIGH
DEF-10489,Subedar,3,Peace Station,63,16.3,13.0,0.15,2,0.0,0.701,,0.151,0.311,0.212,0.115,6.1,0.207,51.5,66.0,8847.0,0.68,,,0.0521,0.01,0,LOW
DEF-10490,Naik,1,Field Outpost,62,20.2,13.0,0.45,1,1.0,0.542,0.007,0.588,,,0.374,6.3,,48.5,70.0,11218.0,0.71,48.0,2.6,0.2236,0.2039,0,LOW
DEF-10491,Naik,1,Field Outpost,74,7.5,13.0,0.45,1,0.0,0.384,0.208,0.135,0.535,0.371,0.215,,0.312,56.9,,,,34.0,2.6,0.129,0.202,0,LOW
DEF-10492,Sepoy,1,Peace Station,107,12.4,13.0,0.15,1,3.0,0.572,,0.356,0.861,0.188,0.444,7.5,0.24,51.7,73.0,,0.81,67.0,,0.1936,0.3242,0,LOW
DEF-10493,Sepoy,1,Counter-Insurgency,31,17.2,21.0,0.9,3,0.0,0.224,,0.708,0.72,0.785,0.578,,0.165,,75.0,5979.0,0.58,73.0,3.1,0.6532,0.4958,1,MEDIUM
DEF-10494,Naik,1,Counter-Insurgency,104,0.0,14.0,0.9,1,0.0,0.462,0.095,0.283,0.354,0.485,0.052,5.0,0.143,57.1,67.0,11349.0,,54.0,2.7,0.2328,0.2859,0,LOW
DEF-10495,Sepoy,1,Counter-Insurgency,28,6.3,9.0,0.9,1,0.0,0.329,-0.123,0.35,0.505,,0.266,,0.256,51.6,72.0,10441.0,0.75,101.0,2.9,0.2328,0.1006,0,LOW
DEF-10496,Naik,1,High Altitude (Siachen/Ladakh),90,7.8,13.0,0.85,4,0.0,0.457,-0.202,0.677,,0.925,0.284,6.6,0.208,56.1,72.0,9370.0,0.58,62.0,3.0,0.6415,0.5941,1,MEDIUM
DEF-10497,Sepoy,1,Peace Station,91,3.1,13.0,0.15,2,0.0,0.044,0.04,,,0.095,0.213,6.4,0.29,,,,,61.0,3.4,0.0573,0.1414,0,LOW
DEF-10498,Major,4,Field Outpost,47,14.9,18.0,0.45,1,0.0,0.274,-0.329,0.548,,,0.286,6.0,0.176,45.1,,7009.0,0.64,124.0,,0.4497,0.3819,1,MEDIUM
DEF-10499,Colonel,4,High Altitude (Siachen/Ladakh),39,13.4,9.0,0.85,3,0.0,0.168,0.054,0.371,0.751,0.642,0.378,,0.246,48.0,76.0,13111.0,0.7,67.0,4.2,0.3593,0.342,1,MEDIUM
DEF-10500,Naik,1,Peace Station,37,26.1,11.0,0.15,1,1.0,0.776,-0.037,0.67,0.545,0.822,0.486,,0.254,44.6,74.0,6864.0,0.56,114.0,4.5,0.4016,0.4122,1,MEDIUM
DEF-10501,Naik,1,Field Outpost,67,4.5,4.0,0.45,2,0.0,0.2,0.271,0.24,0.491,0.211,0.128,,,56.5,66.0,8404.0,0.96,63.0,,0.1952,0.1544,0,LOW
DEF-10502,Sepoy,1,Field Outpost,95,16.0,7.0,0.45,2,1.0,0.606,-0.187,0.545,0.439,0.633,0.516,6.7,,42.0,77.0,,0.59,,3.0,0.6363,0.5728,1,MEDIUM
DEF-10503,Havildar,2,Peace Station,59,6.5,9.0,0.15,1,0.0,0.186,-0.212,0.306,0.38,0.241,0.188,6.2,0.179,58.8,65.0,6279.0,,42.0,3.0,0.0319,0.0604,0,LOW
DEF-10504,Naik,1,Field Outpost,11,0.0,13.0,0.45,1,0.0,0.541,0.108,0.34,0.503,0.477,0.124,6.7,0.218,55.8,67.0,4488.0,0.87,42.0,,0.0517,0.1298,0,LOW
DEF-10505,Sepoy,1,Counter-Insurgency,45,19.0,10.0,0.9,1,0.0,0.549,0.383,,0.497,0.854,0.327,6.5,,,74.0,4821.0,0.7,,3.6,0.6817,0.5272,1,MEDIUM
DEF-10506,Subedar,3,High Altitude (Siachen/Ladakh),44,19.7,7.0,0.85,1,0.0,0.491,-0.269,0.857,0.648,,0.601,7.6,0.171,50.8,75.0,7019.0,0.58,,3.1,0.3557,0.362,1,MEDIUM
DEF-10507,Havildar,2,Peace Station,85,18.7,13.0,0.15,1,1.0,0.138,-0.2,0.258,0.163,0.037,,8.3,0.259,60.3,59.0,,,54.0,,0.1599,0.1424,0,LOW
DEF-10508,Major,4,Field Outpost,87,2.8,12.0,0.45,4,3.0,0.256,0.355,0.127,0.148,0.28,,7.7,0.307,56.1,65.0,11392.0,,32.0,,0.0946,0.1546,0,LOW
DEF-10509,Havildar,2,Peace Station,70,14.7,12.0,0.15,2,0.0,0.174,,0.147,0.306,0.181,0.051,8.0,0.212,53.8,,8132.0,0.86,32.0,,0.1843,0.2122,0,LOW
DEF-10510,Naik,1,Field Outpost,105,19.1,18.0,0.45,3,0.0,0.052,-0.623,1.0,0.582,0.776,0.543,,,46.9,80.0,,0.54,103.0,,0.7803,0.7676,2,HIGH
DEF-10511,Sepoy,1,Counter-Insurgency,109,22.1,12.0,0.9,2,0.0,0.52,-0.41,0.718,1.0,0.508,0.681,6.2,0.177,37.4,70.0,11713.0,0.63,95.0,3.6,0.7894,0.7928,2,HIGH
DEF-10512,Major,4,Field Outpost,47,19.3,13.0,0.45,2,4.0,0.743,0.133,0.41,0.385,0.714,0.426,6.3,0.226,39.8,71.0,4629.0,0.94,56.0,3.4,0.6541,0.5087,1,MEDIUM
DEF-10513,Subedar,3,High Altitude (Siachen/Ladakh),37,22.2,6.0,0.85,1,1.0,0.935,-0.089,0.491,0.394,0.482,,7.7,0.221,42.6,70.0,9232.0,0.75,,3.9,0.3912,0.2612,0,LOW
DEF-10514,Sepoy,1,Field Outpost,61,23.1,14.0,0.45,1,0.0,0.709,-0.229,0.725,,0.476,0.273,7.8,,,70.0,11591.0,,54.0,3.2,0.2642,0.2337,0,LOW
DEF-10515,Sepoy,1,Field Outpost,70,14.9,14.0,0.45,2,0.0,,-0.156,0.517,0.431,,0.39,7.1,0.315,,,12827.0,,44.0,2.5,0.3322,0.3365,0,LOW
DEF-10516,Sepoy,1,High Altitude (Siachen/Ladakh),46,18.2,11.0,0.85,3,0.0,0.197,-0.526,0.451,0.613,0.665,0.635,5.5,0.176,51.3,,5136.0,0.54,70.0,4.0,0.5447,0.404,1,MEDIUM
DEF-10517,Havildar,2,High Altitude (Siachen/Ladakh),276,22.5,12.0,0.85,1,1.0,0.429,-0.357,0.935,0.436,0.78,0.443,6.5,0.186,31.6,75.0,13414.0,0.63,67.0,3.9,0.8424,0.8201,2,HIGH
DEF-10518,Colonel,4,High Altitude (Siachen/Ladakh),133,17.3,15.0,0.85,2,1.0,0.673,-0.35,,0.876,0.879,0.684,7.8,,50.1,80.0,6339.0,0.72,,3.4,0.5879,0.6926,1,MEDIUM
DEF-10519,Sepoy,1,Counter-Insurgency,43,24.2,13.0,0.9,1,2.0,,-0.294,0.736,0.623,0.9,,6.3,0.229,,75.0,8097.0,0.46,,4.8,0.7571,0.5891,2,HIGH
DEF-10520,Naik,1,High Altitude (Siachen/Ladakh),32,21.4,13.0,0.85,2,0.0,0.165,-0.105,0.842,0.714,0.489,0.549,6.2,0.208,41.1,,11346.0,0.64,,3.2,0.5881,0.4597,1,MEDIUM
DEF-10521,Sepoy,1,High Altitude (Siachen/Ladakh),41,8.6,,0.85,2,0.0,0.636,0.039,0.699,0.727,0.4,0.197,6.9,0.167,53.2,72.0,6009.0,,42.0,2.1,0.3896,0.3765,1,MEDIUM
DEF-10522,Major,4,High Altitude (Siachen/Ladakh),110,,13.0,0.85,3,0.0,0.337,-0.265,,0.297,0.921,0.154,7.1,0.241,67.7,73.0,,,44.0,2.5,0.1986,0.406,0,LOW
DEF-10523,Havildar,2,Peace Station,111,14.2,18.0,0.15,1,0.0,0.133,,0.517,0.553,0.529,0.192,7.1,0.249,63.7,74.0,10334.0,0.82,48.0,,0.1951,0.3143,0,LOW
DEF-10524,Havildar,2,Field Outpost,134,4.0,19.0,0.45,1,0.0,0.193,-0.227,,0.779,0.416,0.185,7.1,0.177,61.0,70.0,10545.0,0.77,66.0,5.3,0.1155,0.3886,0,LOW
DEF-10525,Naik,1,Field Outpost,36,14.7,16.0,0.45,2,0.0,0.147,0.44,0.429,0.625,0.361,0.388,7.4,,54.3,,,,106.0,3.4,0.5161,0.4705,1,MEDIUM
DEF-10526,Sepoy,1,Field Outpost,84,13.9,8.0,0.45,4,0.0,,0.023,,0.343,0.567,0.299,7.2,0.274,74.3,69.0,7247.0,,30.0,2.5,0.0588,0.0452,0,LOW
DEF-10527,Sepoy,1,High Altitude (Siachen/Ladakh),38,,14.0,0.85,1,0.0,0.474,-0.228,0.927,0.491,0.577,0.684,,,36.1,75.0,9840.0,0.59,112.0,3.1,0.3331,0.3197,0,LOW
DEF-10528,Sepoy,1,Peace Station,150,18.3,11.0,0.15,2,0.0,0.414,-0.477,0.78,0.927,0.435,0.364,6.2,0.225,,72.0,9299.0,,82.0,3.7,0.4777,0.5555,1,MEDIUM
DEF-10529,Subedar,3,Peace Station,37,22.3,8.0,0.15,2,2.0,0.254,-0.059,,0.432,0.499,0.358,,0.212,71.8,63.0,10316.0,0.9,48.0,2.8,0.193,0.0618,0,LOW
DEF-10530,Havildar,2,Counter-Insurgency,27,9.8,13.0,0.9,1,0.0,0.373,0.065,,0.789,,0.289,6.9,0.203,41.5,,6440.0,,109.0,3.3,0.7048,0.5869,1,MEDIUM
DEF-10531,Colonel,4,Peace Station,31,27.0,12.0,0.15,3,0.0,0.097,,0.555,0.482,0.561,0.369,6.5,,59.7,60.0,7119.0,0.71,45.0,2.3,0.0881,0.1284,0,LOW
DEF-10532,Colonel,4,Peace Station,64,21.6,9.0,0.15,1,1.0,0.183,,,0.633,0.698,0.434,5.3,0.134,61.1,79.0,5735.0,0.71,57.0,3.3,0.4538,0.3299,1,MEDIUM
DEF-10533,Naik,1,Field Outpost,94,17.6,,0.45,3,0.0,0.487,-0.234,0.662,0.903,0.588,0.479,,0.222,42.9,,12589.0,,104.0,,0.4736,0.5304,1,MEDIUM
DEF-10534,Havildar,2,High Altitude (Siachen/Ladakh),91,0.0,15.0,0.85,2,0.0,0.413,0.117,0.57,,,0.296,5.6,,55.8,76.0,6816.0,0.57,63.0,3.6,0.2166,0.2379,0,LOW
DEF-10535,Major,4,Field Outpost,32,24.0,14.0,0.45,2,2.0,0.308,,,0.444,0.246,0.153,6.3,,46.3,75.0,11150.0,0.61,,2.7,0.4261,0.4775,1,MEDIUM
DEF-10536,Havildar,2,Counter-Insurgency,50,29.1,21.0,0.9,1,2.0,0.197,,,,,0.599,4.9,,51.7,72.0,,0.61,127.0,4.9,0.9351,0.7211,2,HIGH
DEF-10537,Sepoy,1,Peace Station,46,14.1,17.0,0.15,3,0.0,0.084,,0.538,0.716,0.486,0.368,,0.23,,75.0,8871.0,0.74,56.0,2.7,0.3709,0.2805,0,LOW
DEF-10538,Naik,1,Counter-Insurgency,29,14.3,13.0,0.9,1,,0.204,-0.532,0.572,0.59,,0.362,5.7,0.201,36.2,76.0,,0.65,117.0,,0.6592,0.5964,1,MEDIUM
DEF-10539,Sepoy,1,Peace Station,46,9.6,7.0,0.15,2,1.0,0.369,,0.343,0.522,0.241,0.0,6.6,0.338,,69.0,13238.0,0.85,43.0,1.8,0.119,0.1353,0,LOW
DEF-10540,Major,4,Peace Station,131,0.1,10.0,0.15,3,0.0,0.008,0.045,0.42,0.195,0.541,0.0,,,66.9,55.0,11612.0,0.86,35.0,1.9,0.1157,0.2333,0,LOW
DEF-10541,Naik,1,Field Outpost,26,9.2,13.0,0.45,2,0.0,0.233,0.08,,0.254,0.252,0.142,7.5,0.19,52.7,71.0,,0.75,36.0,1.5,0.2552,0.2775,0,LOW
DEF-10542,Sepoy,1,Peace Station,73,28.1,8.0,0.15,1,0.0,0.268,0.308,0.403,0.551,,0.2,7.2,0.246,,,8097.0,0.78,64.0,2.0,0.1542,0.2692,0,LOW
DEF-10543,Naik,1,Field Outpost,133,23.2,8.0,0.45,4,3.0,0.424,0.192,0.612,0.546,,0.391,6.8,0.157,47.7,67.0,,0.68,74.0,1.9,0.5575,0.532,1,MEDIUM
DEF-10544,Naik,1,Field Outpost,129,7.4,15.0,0.45,1,0.0,0.666,-0.262,,0.722,0.535,0.309,6.4,0.263,49.2,69.0,3528.0,,98.0,4.5,0.116,0.3021,0,LOW
DEF-10545,Sepoy,1,Peace Station,154,9.1,8.0,0.15,4,0.0,0.549,,,0.367,0.211,0.159,7.2,,61.1,67.0,13131.0,,54.0,2.6,0.1301,0.1536,0,LOW
DEF-10546,Sepoy,1,Counter-Insurgency,77,32.1,11.0,0.9,1,0.0,0.373,-0.245,0.618,0.801,0.6,0.334,7.5,,,85.0,4129.0,,79.0,3.3,0.2426,0.2905,0,LOW
DEF-10547,Naik,1,Field Outpost,83,,13.0,0.45,1,0.0,0.251,0.107,0.241,0.124,,0.11,8.5,,63.8,65.0,,0.82,34.0,2.3,0.02,0.0104,0,LOW
DEF-10548,Naik,1,Counter-Insurgency,46,7.9,5.0,0.9,1,0.0,0.478,0.013,0.737,0.288,0.285,0.524,5.6,0.21,59.7,,8622.0,0.59,,2.4,0.4411,0.3739,1,MEDIUM
DEF-10549,Havildar,2,Counter-Insurgency,26,10.3,11.0,0.9,1,0.0,0.204,0.092,0.656,0.587,0.277,0.19,,,43.3,73.0,9373.0,0.63,67.0,3.5,0.0504,0.1373,0,LOW
DEF-10550,Naik,1,Peace Station,59,2.5,13.0,0.15,1,0.0,0.238,,,,0.349,0.013,8.1,0.238,59.5,57.0,10880.0,,63.0,2.0,0.1977,0.2243,0,LOW
DEF-10551,Subedar,3,Field Outpost,117,9.4,11.0,0.45,1,1.0,0.268,0.198,0.54,0.527,0.59,0.513,4.2,0.203,47.3,79.0,4413.0,,92.0,3.5,0.063,0.2255,0,LOW
DEF-10552,Naik,1,Field Outpost,11,9.6,8.0,0.45,4,0.0,0.284,0.369,,0.237,0.296,0.102,6.9,0.235,50.1,,,0.89,40.0,3.2,0.1283,0.1456,0,LOW
DEF-10553,Naik,1,High Altitude (Siachen/Ladakh),48,6.3,12.0,0.85,3,0.0,0.428,-0.101,0.877,0.484,0.377,,6.2,0.208,49.0,,6848.0,0.65,56.0,3.1,0.3449,0.3165,0,LOW
DEF-10554,Subedar,3,Counter-Insurgency,88,25.3,14.0,0.9,1,0.0,0.678,-0.555,1.0,,0.765,0.513,6.7,0.178,38.2,77.0,6163.0,,,3.7,0.6778,0.5851,1,MEDIUM
DEF-10555,Sepoy,1,Field Outpost,64,4.1,12.0,0.45,1,0.0,0.269,0.315,0.157,0.525,0.124,0.0,8.0,0.258,69.9,58.0,3900.0,0.99,56.0,1.5,0.102,0.2093,0,LOW
DEF-10556,Sepoy,1,Peace Station,125,12.8,13.0,0.15,2,0.0,0.61,,0.383,0.161,0.228,0.172,,,,69.0,10277.0,0.89,47.0,2.4,0.0599,0.2053,0,LOW
DEF-10557,Sepoy,1,Field Outpost,111,6.5,9.0,0.45,1,0.0,0.855,0.177,0.39,,0.37,0.0,7.1,0.242,,73.0,9716.0,0.87,69.0,,0.1034,0.0811,0,LOW
DEF-10558,Havildar,2,Counter-Insurgency,23,12.2,12.0,0.9,3,,0.62,0.047,0.474,0.283,0.527,0.303,6.1,0.254,50.2,64.0,,0.76,51.0,3.7,0.5209,0.4532,1,MEDIUM
DEF-10559,Naik,1,High Altitude (Siachen/Ladakh),67,6.2,11.0,0.85,2,0.0,,,,1.0,0.695,0.373,6.1,0.126,45.2,72.0,,0.49,122.0,3.8,0.6476,0.5022,1,MEDIUM
DEF-10560,Havildar,2,Counter-Insurgency,39,14.6,12.0,0.9,2,,0.222,0.247,0.577,0.163,0.463,0.094,,0.231,74.0,61.0,,0.8,66.0,2.5,0.1333,0.2022,0,LOW
DEF-10561,Sepoy,1,High Altitude (Siachen/Ladakh),39,16.7,10.0,0.85,2,0.0,0.331,0.255,0.169,0.416,0.264,0.201,6.8,0.248,,67.0,,,,,0.2151,0.1071,0,LOW
DEF-10562,Sepoy,1,Peace Station,25,25.9,10.0,0.15,2,,0.487,-0.272,0.562,,0.578,0.559,,0.195,,70.0,7313.0,0.62,94.0,3.2,0.7604,0.6983,2,HIGH
DEF-10563,Sepoy,1,Counter-Insurgency,74,9.0,7.0,0.9,1,1.0,0.83,-0.05,,0.746,,0.166,6.1,0.241,,74.0,7245.0,0.71,60.0,1.4,0.5607,0.4878,1,MEDIUM
DEF-10564,Sepoy,1,Counter-Insurgency,127,27.8,14.0,0.9,1,1.0,0.324,-0.144,1.0,0.796,0.965,,,0.207,39.1,83.0,13402.0,0.55,79.0,,0.9224,0.9611,2,HIGH
DEF-10565,Naik,1,Peace Station,78,7.1,11.0,0.15,1,1.0,0.551,0.474,,0.3,0.5,0.233,6.6,,53.3,64.0,9456.0,0.67,87.0,3.1,0.2336,0.2713,0,LOW
DEF-10566,Sepoy,1,Peace Station,24,12.0,11.0,0.15,2,0.0,0.47,0.058,0.363,0.288,0.475,0.237,6.3,0.215,63.6,73.0,5531.0,,72.0,2.4,0.1818,0.2246,0,LOW
DEF-10567,Sepoy,1,Field Outpost,62,29.0,17.0,0.45,2,2.0,0.109,,,0.428,0.678,,5.1,0.169,42.3,84.0,5273.0,0.61,,2.3,0.8129,0.6461,2,HIGH
DEF-10568,Subedar,3,High Altitude (Siachen/Ladakh),86,38.7,9.0,0.85,3,1.0,0.165,-0.011,0.591,0.323,0.584,0.315,6.1,0.253,54.9,,2994.0,0.66,94.0,2.1,0.5416,0.5037,1,MEDIUM
DEF-10569,Sepoy,1,Field Outpost,59,28.3,14.0,0.45,1,0.0,0.692,-0.014,,0.424,0.636,0.276,5.0,0.204,61.4,63.0,5828.0,0.86,74.0,3.7,0.7083,0.6094,1,MEDIUM
DEF-10570,Naik,1,Peace Station,77,12.1,14.0,0.15,2,,0.596,,0.715,,0.478,0.328,6.4,0.252,43.6,71.0,5937.0,0.46,69.0,2.5,0.4035,0.4045,1,MEDIUM
DEF-10571,Havildar,2,Field Outpost,42,18.4,,0.45,1,0.0,0.342,-0.091,0.539,0.825,0.582,0.404,6.1,,49.9,81.0,,0.89,84.0,,0.6065,0.4726,1,MEDIUM
DEF-10572,Sepoy,1,Peace Station,55,19.8,13.0,0.15,2,0.0,0.19,,0.733,0.413,0.609,0.459,5.5,0.225,43.7,68.0,,,64.0,,0.6343,0.4884,1,MEDIUM
DEF-10573,Naik,1,Field Outpost,53,16.9,10.0,0.45,3,0.0,0.168,-0.131,0.403,0.395,0.447,0.324,6.5,0.183,52.3,,4642.0,0.77,,4.0,0.4419,0.4248,1,MEDIUM
DEF-10574,Subedar,3,Field Outpost,139,5.4,11.0,0.45,3,0.0,0.103,0.0,,0.532,0.296,0.17,5.8,0.247,48.4,,10073.0,,70.0,,0.1995,0.2506,0,LOW
DEF-10575,Major,4,Counter-Insurgency,32,16.0,8.0,0.9,4,0.0,0.467,,0.609,,0.679,0.375,5.7,,40.8,71.0,12061.0,,79.0,4.4,0.6279,0.5075,1,MEDIUM
DEF-10576,Sepoy,1,Field Outpost,12,9.7,13.0,0.45,4,0.0,0.114,0.074,0.261,0.505,0.263,0.14,6.8,0.292,,61.0,8524.0,,,1.9,0.0869,0.1913,0,LOW
DEF-10577,Subedar,3,High Altitude (Siachen/Ladakh),135,5.8,8.0,0.85,3,0.0,0.181,-0.07,,0.895,0.457,0.399,6.0,0.177,45.9,88.0,9132.0,,,2.7,0.3679,0.3599,1,MEDIUM
DEF-10578,Naik,1,High Altitude (Siachen/Ladakh),69,11.4,9.0,0.85,1,,0.374,,0.992,0.635,0.883,0.447,,0.156,41.6,75.0,8025.0,0.67,81.0,3.0,0.7064,0.6073,1,MEDIUM
DEF-10579,Sepoy,1,Field Outpost,28,16.7,,0.45,1,0.0,0.664,-0.106,0.736,,0.61,0.448,7.1,0.149,27.2,81.0,8816.0,0.7,93.0,3.5,0.6299,0.5063,1,MEDIUM
DEF-10580,Naik,1,Peace Station,105,22.5,14.0,0.15,2,1.0,0.508,-0.008,0.467,,0.299,0.415,5.2,,64.9,72.0,7652.0,,58.0,3.4,0.4591,0.4615,1,MEDIUM
DEF-10581,Colonel,4,Field Outpost,89,11.8,9.0,0.45,4,0.0,0.689,-0.006,0.204,0.711,0.301,,7.7,0.192,57.0,64.0,11201.0,0.86,88.0,3.4,0.2795,0.3479,0,LOW
DEF-10582,Naik,1,Peace Station,152,13.3,3.0,0.15,2,0.0,0.482,0.286,0.277,0.29,0.757,0.385,6.9,0.175,49.8,66.0,6431.0,,55.0,2.4,0.22,0.3041,0,LOW
DEF-10583,Sepoy,1,Counter-Insurgency,72,20.8,14.0,0.9,1,0.0,0.741,-0.56,,,0.708,,6.4,0.228,47.1,76.0,9824.0,0.53,80.0,3.5,0.6628,0.5849,1,MEDIUM
DEF-10584,Naik,1,High Altitude (Siachen/Ladakh),211,14.6,13.0,0.85,4,1.0,0.122,,1.0,,0.703,0.634,5.7,0.168,44.1,,12704.0,0.68,103.0,4.5,0.9386,0.9635,2,HIGH
DEF-10585,Sepoy,1,Field Outpost,60,17.2,11.0,0.45,1,0.0,0.317,,,0.379,0.707,0.352,6.9,,,75.0,8069.0,0.68,101.0,2.5,0.1379,0.1685,0,LOW
DEF-10586,Sepoy,1,Counter-Insurgency,89,14.7,14.0,0.9,2,1.0,0.344,-0.111,0.5,0.875,,0.231,,0.225,,71.0,3912.0,,68.0,3.6,0.6668,0.6271,1,MEDIUM
DEF-10587,Sepoy,1,Counter-Insurgency,96,15.7,9.0,0.9,3,0.0,,-0.569,0.682,0.679,,,5.3,0.111,,81.0,12728.0,0.59,76.0,3.3,0.5496,0.4961,1,MEDIUM
DEF-10588,Sepoy,1,Counter-Insurgency,280,,14.0,0.9,3,0.0,0.677,0.495,0.399,0.571,0.339,0.38,7.9,0.186,,,2225.0,,68.0,3.2,0.3502,0.5128,1,MEDIUM
DEF-10589,Sepoy,1,Peace Station,49,15.0,16.0,0.15,3,0.0,0.312,-0.164,0.796,0.525,,,,0.19,,,16309.0,0.8,87.0,1.7,0.3344,0.3556,0,LOW
DEF-10590,Sepoy,1,High Altitude (Siachen/Ladakh),48,26.1,12.0,0.85,3,0.0,,,0.82,,,0.579,6.7,0.161,,71.0,10416.0,0.68,62.0,,0.7118,0.5587,1,MEDIUM
DEF-10591,Naik,1,Field Outpost,97,15.4,15.0,0.45,2,0.0,0.325,-0.024,0.081,0.628,,0.083,7.1,0.271,58.2,68.0,15366.0,0.72,40.0,2.0,0.0709,0.2157,0,LOW
DEF-10592,Sepoy,1,High Altitude (Siachen/Ladakh),26,,19.0,0.85,2,1.0,0.188,-0.042,0.436,0.413,0.409,,6.4,,,61.0,12415.0,0.95,49.0,2.9,0.511,0.4233,1,MEDIUM
DEF-10593,Sepoy,1,Peace Station,39,26.6,14.0,0.15,2,0.0,0.315,-0.145,0.765,0.496,0.355,0.345,6.1,0.199,48.6,72.0,6691.0,0.61,72.0,3.9,0.0627,0.1342,0,LOW
DEF-10594,Subedar,3,High Altitude (Siachen/Ladakh),59,20.1,7.0,0.85,3,0.0,0.729,-0.434,0.724,0.766,0.706,0.356,5.7,0.168,53.7,,,0.72,87.0,2.9,0.9007,0.7905,2,HIGH
DEF-10595,Naik,1,Field Outpost,149,20.5,11.0,0.45,1,0.0,0.507,,1.0,0.626,0.422,0.51,6.6,0.187,43.0,82.0,,0.69,89.0,4.2,0.3725,0.4739,1,MEDIUM
DEF-10596,Naik,1,High Altitude (Siachen/Ladakh),97,20.3,17.0,0.85,1,0.0,0.168,-0.021,0.702,0.761,,0.491,5.6,0.197,38.7,,9909.0,,79.0,4.4,0.8179,0.7327,2,HIGH
DEF-10597,Sepoy,1,High Altitude (Siachen/Ladakh),67,4.4,6.0,0.85,1,0.0,0.525,-0.36,0.747,0.684,0.792,0.413,6.1,0.158,,82.0,6819.0,0.67,80.0,4.6,0.5751,0.5802,1,MEDIUM
DEF-10598,Sepoy,1,Peace Station,46,19.5,9.0,0.15,2,0.0,0.665,,0.271,0.253,0.422,0.434,,0.26,,65.0,9437.0,,45.0,3.4,0.1962,0.207,0,LOW
DEF-10599,Sepoy,1,Peace Station,182,25.8,10.0,0.15,1,0.0,0.296,0.132,0.299,0.342,,,5.7,0.258,,66.0,9733.0,,,2.6,0.3157,0.3498,0,LOW
DEF-10600,Sepoy,1,High Altitude (Siachen/Ladakh),62,9.9,12.0,0.85,3,0.0,0.335,0.038,0.373,0.421,0.35,0.397,,0.205,,70.0,12952.0,,58.0,,0.2318,0.3041,0,LOW
DEF-10601,Sepoy,1,Field Outpost,39,0.0,9.0,0.45,1,0.0,,-0.468,,0.492,0.275,0.231,5.1,0.215,61.7,74.0,6735.0,0.64,45.0,2.4,0.2293,0.2429,0,LOW
DEF-10602,Sepoy,1,Field Outpost,201,17.1,15.0,0.45,1,0.0,0.337,-0.205,0.625,0.775,0.604,0.79,5.2,,,84.0,1320.0,0.54,94.0,4.6,0.8638,0.8661,2,HIGH
DEF-10603,Sepoy,1,High Altitude (Siachen/Ladakh),27,14.3,15.0,0.85,1,2.0,0.563,-0.042,0.691,,0.428,0.432,6.0,0.157,,75.0,4788.0,,85.0,3.8,0.3312,0.2965,0,LOW
DEF-10604,Sepoy,1,Counter-Insurgency,129,0.8,9.0,0.9,2,3.0,0.336,-0.074,0.546,0.62,0.515,,7.5,,,68.0,9251.0,0.76,,2.9,0.3904,0.3881,1,MEDIUM
DEF-10605,Naik,1,Peace Station,65,19.1,16.0,0.15,1,0.0,0.518,0.303,,,0.52,0.365,7.9,0.236,40.2,68.0,11103.0,0.81,65.0,2.5,0.7528,0.6765,2,HIGH
DEF-10606,Sepoy,1,Field Outpost,97,18.5,9.0,0.45,1,0.0,0.418,0.173,0.874,0.452,0.401,0.525,7.1,0.217,,65.0,,0.64,80.0,3.0,0.467,0.4903,1,MEDIUM
DEF-10607,Sepoy,1,High Altitude (Siachen/Ladakh),88,1.5,11.0,0.85,4,0.0,0.364,-0.085,,0.748,0.46,0.217,5.9,0.25,43.6,80.0,,0.74,113.0,2.5,0.3609,0.4273,1,MEDIUM
DEF-10608,Naik,1,Counter-Insurgency,96,30.1,12.0,0.9,3,0.0,0.768,,0.618,0.898,0.76,,5.0,0.192,24.2,79.0,6522.0,0.67,115.0,5.2,0.9479,0.8264,2,HIGH
DEF-10609,Naik,1,Peace Station,211,20.4,6.0,0.15,3,1.0,0.082,,0.4,0.387,0.563,0.379,7.2,0.227,48.5,66.0,9395.0,0.79,,3.8,0.4095,0.3931,1,MEDIUM
DEF-10610,Sepoy,1,Peace Station,194,0.0,13.0,0.15,2,0.0,0.751,,,0.197,0.417,0.009,6.4,,,70.0,3124.0,,40.0,2.6,0.1957,0.2956,0,LOW
DEF-10611,Havildar,2,Peace Station,41,21.0,11.0,0.15,3,1.0,0.615,,0.417,0.86,0.49,0.33,6.8,0.239,51.9,70.0,9451.0,0.78,50.0,3.7,0.7181,0.625,2,HIGH
DEF-10612,Naik,1,Counter-Insurgency,86,20.7,7.0,0.9,3,0.0,,-0.327,0.784,0.538,0.624,0.63,,0.126,43.6,76.0,5938.0,0.76,79.0,4.4,0.7662,0.6125,2,HIGH
DEF-10613,Sepoy,1,Field Outpost,18,26.0,15.0,0.45,4,0.0,0.527,-0.334,0.951,0.92,0.678,0.739,5.2,,,75.0,9660.0,,119.0,,0.8486,0.6174,2,HIGH
DEF-10614,Subedar,3,Field Outpost,102,8.7,8.0,0.45,1,0.0,0.492,-0.192,0.266,0.185,0.729,0.093,6.9,0.274,66.0,66.0,8271.0,,40.0,3.3,0.2917,0.3505,0,LOW
DEF-10615,Subedar,3,Peace Station,116,21.1,10.0,0.15,1,0.0,,0.255,0.505,0.575,0.524,0.309,7.3,0.275,47.6,62.0,,0.92,36.0,2.7,0.1209,0.1888,0,LOW
DEF-10616,Sepoy,1,Peace Station,12,12.0,10.0,0.15,1,3.0,0.155,0.371,0.554,0.595,,0.077,7.5,0.254,,66.0,12044.0,,36.0,2.1,0.0484,0.0738,0,LOW
DEF-10617,Sepoy,1,High Altitude (Siachen/Ladakh),63,9.3,11.0,0.85,4,0.0,0.385,-0.296,0.765,0.539,0.431,0.262,6.1,,49.1,83.0,8624.0,,63.0,3.9,0.546,0.5387,1,MEDIUM
DEF-10618,Havildar,2,Field Outpost,97,6.6,,0.45,2,0.0,0.126,-0.06,0.221,,0.394,0.249,,0.25,54.6,62.0,9230.0,0.96,,2.9,0.143,0.2897,0,LOW
DEF-10619,Havildar,2,Field Outpost,79,0.0,14.0,0.45,2,3.0,0.32,,0.552,0.489,0.468,0.375,,,52.2,65.0,8470.0,0.63,65.0,,0.2691,0.3502,0,LOW
DEF-10620,Sepoy,1,Peace Station,27,18.6,13.0,0.15,2,0.0,0.568,,,0.144,0.196,0.029,6.8,,,66.0,9088.0,0.88,28.0,2.9,0.083,0.0723,0,LOW
DEF-10621,Sepoy,1,Field Outpost,29,11.7,12.0,0.45,3,0.0,0.436,0.166,0.462,0.406,0.212,0.136,7.2,0.158,,72.0,10720.0,0.84,65.0,2.1,0.0402,0.1192,0,LOW
DEF-10622,Sepoy,1,High Altitude (Siachen/Ladakh),59,,14.0,0.85,4,0.0,0.318,-0.068,0.784,0.519,,0.13,6.5,0.253,40.6,75.0,10616.0,0.64,52.0,2.0,0.3932,0.4446,1,MEDIUM
DEF-10623,Naik,1,Peace Station,49,14.6,6.0,0.15,3,0.0,0.313,,0.326,0.312,,0.125,7.1,0.305,53.2,73.0,10819.0,0.81,57.0,,0.1587,0.1226,0,LOW
DEF-10624,Naik,1,Counter-Insurgency,52,23.8,14.0,0.9,3,0.0,,-0.483,1.0,0.676,0.682,0.565,4.8,,46.2,79.0,5465.0,,82.0,2.5,0.9282,0.8227,2,HIGH
DEF-10625,Sepoy,1,Peace Station,25,2.9,11.0,0.15,1,0.0,0.378,0.156,0.331,,0.344,0.032,5.8,0.194,51.6,68.0,,,91.0,2.8,0.3677,0.258,0,LOW
DEF-10626,Naik,1,Peace Station,65,7.9,16.0,0.15,2,0.0,0.664,,0.684,0.245,0.381,0.043,7.9,0.26,62.4,73.0,5457.0,0.75,49.0,,0.2789,0.3291,0,LOW
DEF-10627,Havildar,2,Field Outpost,150,17.7,11.0,0.45,3,0.0,0.336,-0.026,0.517,,,0.373,6.2,0.126,38.5,74.0,8232.0,0.88,64.0,3.0,0.4408,0.5015,1,MEDIUM
DEF-10628,Sepoy,1,Counter-Insurgency,28,0.0,9.0,0.9,3,0.0,0.123,0.151,0.735,0.495,,0.248,6.3,0.213,,78.0,9048.0,0.67,68.0,3.2,0.2901,0.1995,0,LOW
DEF-10629,Sepoy,1,Peace Station,56,,10.0,0.15,2,0.0,0.48,-0.103,0.309,0.362,0.277,0.001,8.4,,66.0,,13137.0,0.84,29.0,2.3,0.0621,0.1916,0,LOW
DEF-10630,Havildar,2,High Altitude (Siachen/Ladakh),91,16.9,19.0,0.85,1,1.0,0.634,-0.395,0.717,0.401,0.447,0.317,6.2,0.226,37.9,77.0,8471.0,,72.0,3.8,0.6209,0.6486,1,MEDIUM
DEF-10631,Subedar,3,Field Outpost,20,9.2,16.0,0.45,1,2.0,,,0.033,0.497,0.432,0.0,6.8,0.21,48.9,72.0,10397.0,1.0,20.0,2.2,0.076,0.0759,0,LOW
DEF-10632,Naik,1,Peace Station,66,3.0,8.0,0.15,1,0.0,0.498,,0.208,0.335,0.088,0.029,7.4,,68.8,62.0,7082.0,0.68,,1.6,0.0968,0.1473,0,LOW
DEF-10633,Naik,1,Peace Station,114,3.4,15.0,0.15,2,0.0,0.563,,0.247,,0.54,0.085,7.4,,62.8,67.0,5955.0,0.66,115.0,3.4,0.2506,0.3542,0,LOW
DEF-10634,Sepoy,1,Counter-Insurgency,32,,14.0,0.9,2,0.0,0.382,,,0.348,0.848,0.0,6.4,,,80.0,,0.75,86.0,2.3,0.1141,0.1529,0,LOW
DEF-10635,Sepoy,1,Peace Station,69,8.6,17.0,0.15,4,0.0,0.445,0.163,,0.566,0.449,0.31,6.2,,61.7,,9601.0,0.64,44.0,3.5,0.1819,0.227,0,LOW
DEF-10636,Naik,1,High Altitude (Siachen/Ladakh),109,23.0,7.0,0.85,2,1.0,0.214,-0.095,0.316,,0.512,0.333,7.8,0.271,61.1,73.0,9076.0,0.73,44.0,2.4,0.2965,0.2531,0,LOW
DEF-10637,Sepoy,1,Counter-Insurgency,205,34.1,13.0,0.9,1,0.0,0.819,-0.132,0.423,0.357,0.667,0.445,7.7,0.307,,,7501.0,0.8,75.0,,0.6753,0.686,1,MEDIUM
DEF-10638,Sepoy,1,Peace Station,67,14.3,14.0,0.15,1,0.0,,0.05,,0.563,0.462,,7.3,,85.2,70.0,12734.0,,,2.5,0.2418,0.2037,0,LOW
DEF-10639,Sepoy,1,Field Outpost,40,20.5,9.0,0.45,3,0.0,0.292,0.25,0.294,0.307,0.604,0.365,6.2,,51.3,70.0,,,45.0,2.6,0.3593,0.2572,0,LOW
DEF-10640,Sepoy,1,Peace Station,16,6.0,9.0,0.15,2,0.0,0.764,,0.373,0.255,0.338,0.143,7.2,0.277,,73.0,15932.0,,36.0,2.8,0.1856,0.1753,0,LOW
DEF-10641,Sepoy,1,Peace Station,40,0.0,10.0,0.15,2,0.0,0.73,-0.086,0.641,0.624,0.884,0.302,6.4,0.3,57.4,77.0,7014.0,,,2.7,0.1938,0.1604,0,LOW
DEF-10642,Sepoy,1,Peace Station,23,29.7,14.0,0.15,2,1.0,0.073,0.262,0.22,0.329,,0.122,5.7,0.2,,67.0,,0.76,50.0,2.3,0.2902,0.1875,0,LOW
DEF-10643,Sepoy,1,Field Outpost,157,8.9,3.0,0.45,1,2.0,0.208,-0.042,0.363,0.214,0.389,0.24,7.5,0.239,69.8,67.0,,1.0,30.0,1.9,0.1534,0.1493,0,LOW
DEF-10644,Sepoy,1,High Altitude (Siachen/Ladakh),106,20.1,21.0,0.85,1,,0.748,-0.542,,0.721,0.562,0.434,6.8,0.21,,72.0,,0.75,107.0,3.0,0.6063,0.6501,1,MEDIUM
DEF-10645,Subedar,3,High Altitude (Siachen/Ladakh),29,15.3,16.0,0.85,1,0.0,0.222,-0.428,0.617,0.791,0.508,,,0.221,37.3,74.0,6410.0,0.69,58.0,3.4,0.7094,0.5572,1,MEDIUM
DEF-10646,Naik,1,Counter-Insurgency,38,22.5,14.0,0.9,1,0.0,0.452,,0.613,0.97,0.769,0.579,6.8,,37.6,84.0,,0.48,85.0,3.7,0.5439,0.4061,1,MEDIUM
DEF-10647,Naik,1,Peace Station,67,22.1,9.0,0.15,2,0.0,,-0.069,,0.747,0.534,0.365,6.4,0.248,40.9,75.0,9513.0,,46.0,1.8,0.7451,0.6602,2,HIGH
DEF-10648,Havildar,2,Peace Station,113,16.4,13.0,0.15,2,,0.76,-0.599,0.384,0.46,0.442,0.493,6.8,0.28,64.0,,,0.64,,,0.4407,0.5506,1,MEDIUM
DEF-10649,Naik,1,Peace Station,86,17.3,15.0,0.15,4,1.0,0.048,-0.314,0.428,0.708,,0.431,6.9,0.191,38.4,,5717.0,0.61,,4.5,0.5622,0.5984,1,MEDIUM
DEF-10650,Sepoy,1,Peace Station,81,24.3,16.0,0.15,3,0.0,0.238,0.376,0.485,0.495,0.328,0.217,7.3,0.231,,,1970.0,0.82,,2.9,0.1819,0.2165,0,LOW
DEF-10651,Naik,1,Peace Station,72,10.5,14.0,0.15,2,,0.093,-0.139,0.959,0.325,,0.48,5.5,0.249,49.9,82.0,4151.0,0.71,65.0,4.0,0.3011,0.3476,0,LOW
DEF-10652,Naik,1,Field Outpost,30,27.2,15.0,0.45,2,,0.333,-0.02,0.477,0.521,0.619,0.408,6.1,,42.9,83.0,7284.0,,61.0,3.8,0.6945,0.5928,1,MEDIUM
DEF-10653,Havildar,2,High Altitude (Siachen/Ladakh),67,8.0,15.0,0.85,2,0.0,,,0.769,0.558,0.297,0.091,6.1,0.129,47.2,64.0,6161.0,0.73,57.0,2.5,0.317,0.3692,0,LOW
DEF-10654,Sepoy,1,Counter-Insurgency,62,14.7,10.0,0.9,1,0.0,0.283,0.035,0.709,0.748,0.757,0.316,7.6,,45.2,68.0,8253.0,0.57,60.0,3.9,0.4603,0.4904,1,MEDIUM
DEF-10655,Sepoy,1,Peace Station,23,19.3,4.0,0.15,4,0.0,0.841,0.092,0.5,0.353,0.343,0.325,5.5,,,69.0,5850.0,0.62,62.0,3.2,0.3302,0.1722,0,LOW
DEF-10656,Sepoy,1,High Altitude (Siachen/Ladakh),155,0.2,11.0,0.85,2,1.0,,,0.199,0.177,,0.032,6.6,0.254,74.1,58.0,,0.92,30.0,2.4,0.18,0.2936,0,LOW
DEF-10657,Sepoy,1,High Altitude (Siachen/Ladakh),44,25.7,12.0,0.85,4,0.0,0.125,-0.273,0.817,0.653,0.51,0.33,5.4,0.267,45.2,71.0,10993.0,0.75,58.0,2.0,0.7018,0.6306,1,MEDIUM
DEF-10658,Naik,1,Field Outpost,24,18.0,17.0,0.45,4,0.0,0.52,0.047,0.317,0.734,0.511,0.314,6.4,0.28,59.6,77.0,8708.0,,118.0,,0.0823,0.1224,0,LOW
DEF-10659,Naik,1,Peace Station,48,,9.0,0.15,2,0.0,0.57,-0.633,0.997,0.637,0.733,0.654,6.3,0.088,33.5,81.0,,,,3.3,0.7285,0.4354,1,MEDIUM
DEF-10660,Sepoy,1,Counter-Insurgency,54,31.7,9.0,0.9,1,0.0,0.634,-0.312,,0.748,0.999,0.67,6.1,,42.7,80.0,12533.0,0.37,92.0,4.5,0.8969,0.6698,2,HIGH
DEF-10661,Colonel,4,High Altitude (Siachen/Ladakh),61,13.9,9.0,0.85,2,,,,0.439,,0.554,0.355,,,59.3,,8298.0,,,2.7,0.5849,0.5349,1,MEDIUM
DEF-10662,Naik,1,Counter-Insurgency,54,29.2,11.0,0.9,2,0.0,0.399,-0.499,0.586,0.62,0.644,0.639,5.6,0.149,34.0,76.0,4207.0,0.46,88.0,3.4,0.9411,0.7385,2,HIGH
DEF-10663,Sepoy,1,Field Outpost,63,21.2,17.0,0.45,3,0.0,0.627,-0.414,0.448,,0.56,0.482,4.7,0.2,,68.0,4512.0,,69.0,3.0,0.5448,0.4896,1,MEDIUM
DEF-10664,Sepoy,1,Field Outpost,70,16.0,16.0,0.45,1,0.0,0.045,0.104,0.73,0.543,,0.235,6.5,0.249,,71.0,10335.0,0.75,55.0,,0.4384,0.456,1,MEDIUM
DEF-10665,Sepoy,1,Peace Station,68,0.0,5.0,0.15,2,0.0,0.364,0.203,0.363,0.267,0.417,0.044,,0.298,,68.0,11241.0,0.72,22.0,2.3,0.0571,0.16,0,LOW
DEF-10666,Sepoy,1,Counter-Insurgency,81,1.9,17.0,0.9,4,1.0,0.076,-0.146,0.793,0.792,0.334,0.237,,0.274,,73.0,10007.0,,,2.5,0.3641,0.3671,1,MEDIUM
DEF-10667,Sepoy,1,Peace Station,83,14.0,,0.15,4,2.0,0.896,0.14,0.575,,0.801,0.149,7.3,0.167,,,13676.0,0.79,32.0,3.3,0.1904,0.3039,0,LOW
DEF-10668,Sepoy,1,Peace Station,85,9.8,16.0,0.15,1,0.0,0.467,,0.461,0.377,,,7.5,,,63.0,9381.0,0.76,81.0,2.3,0.2996,0.3272,0,LOW
DEF-10669,Sepoy,1,Field Outpost,97,15.9,15.0,0.45,3,2.0,0.35,-0.59,0.72,0.667,,,,0.233,46.6,,8909.0,0.7,97.0,2.6,0.7438,0.737,2,HIGH
DEF-10670,Sepoy,1,Field Outpost,41,25.7,15.0,0.45,1,1.0,0.576,-0.267,0.622,0.558,0.572,0.487,5.6,0.176,,74.0,,0.7,53.0,3.3,0.8721,0.7672,2,HIGH
DEF-10671,Subedar,3,Peace Station,41,21.4,15.0,0.15,3,0.0,0.166,-0.106,0.415,,0.669,0.547,6.0,0.247,51.9,67.0,12204.0,,52.0,2.3,0.1755,0.2016,0,LOW
DEF-10672,Sepoy,1,Field Outpost,114,8.1,7.0,0.45,1,0.0,0.272,-0.03,0.489,0.73,0.352,0.231,7.2,0.204,,,12721.0,0.86,,2.7,0.3982,0.3377,1,MEDIUM
DEF-10673,Naik,1,Field Outpost,49,21.9,12.0,0.45,4,0.0,0.264,-0.702,0.577,0.78,0.906,0.442,,0.22,45.9,76.0,1200.0,0.55,90.0,3.7,0.7019,0.6507,2,HIGH
DEF-10674,Sepoy,1,Field Outpost,59,6.2,11.0,0.45,2,0.0,0.219,0.134,0.19,,0.227,0.011,,0.324,73.5,63.0,7869.0,0.77,22.0,1.6,0.0563,0.0809,0,LOW
DEF-10675,Colonel,4,Peace Station,56,4.3,12.0,0.15,1,0.0,0.515,0.4,0.785,0.284,0.329,0.101,7.1,,65.8,62.0,,0.7,46.0,3.4,0.1927,0.2547,0,LOW
DEF-10676,Sepoy,1,Field Outpost,201,17.2,9.0,0.45,1,0.0,0.536,0.067,0.602,0.677,,0.024,6.3,0.269,,69.0,7646.0,,41.0,2.6,0.144,0.2516,0,LOW
DEF-10677,Sepoy,1,Peace Station,36,7.1,13.0,0.15,1,0.0,0.609,0.404,0.42,0.14,0.415,,7.4,,54.3,65.0,,,38.0,2.3,0.3317,0.2427,0,LOW
DEF-10678,Major,4,Peace Station,36,8.5,13.0,0.15,2,0.0,0.188,0.255,0.343,0.467,,0.098,,0.209,57.8,69.0,10292.0,0.78,37.0,,0.1699,0.0888,0,LOW
DEF-10679,Subedar,3,High Altitude (Siachen/Ladakh),64,22.4,11.0,0.85,3,0.0,0.331,,0.738,0.864,0.607,0.225,6.4,,42.5,67.0,,0.76,54.0,3.4,0.7443,0.6007,2,HIGH
DEF-10680,Havildar,2,Peace Station,57,19.6,16.0,0.15,3,0.0,0.514,-0.25,0.339,0.514,0.393,0.465,5.1,,45.6,72.0,9584.0,0.68,57.0,3.2,0.1962,0.2633,0,LOW
DEF-10681,Sepoy,1,Peace Station,29,10.8,18.0,0.15,3,2.0,,,0.15,0.174,0.54,0.183,6.7,0.247,50.6,,5790.0,,,2.1,0.3376,0.2732,0,LOW
DEF-10682,Sepoy,1,Field Outpost,60,,5.0,0.45,3,1.0,0.212,-0.123,0.46,0.307,,0.0,7.1,0.31,,,12511.0,,48.0,2.2,0.1033,0.2245,0,LOW
DEF-10683,Naik,1,Peace Station,65,7.8,18.0,0.15,4,0.0,0.866,,0.311,,0.568,0.107,7.6,,61.0,54.0,14246.0,,45.0,1.6,0.0989,0.2072,0,LOW
DEF-10684,Subedar,3,Peace Station,46,30.5,6.0,0.15,3,,0.359,-0.31,0.848,0.933,,0.507,6.8,,51.4,76.0,12745.0,0.72,74.0,4.2,0.1434,0.2076,0,LOW
DEF-10685,Naik,1,Field Outpost,58,22.2,12.0,0.45,1,0.0,0.314,0.262,0.193,0.453,0.245,,8.7,0.167,62.5,68.0,8942.0,0.82,36.0,2.0,0.1736,0.2576,0,LOW
DEF-10686,Naik,1,High Altitude (Siachen/Ladakh),38,26.1,12.0,0.85,3,2.0,0.131,-0.196,0.583,1.0,0.665,0.458,4.1,0.195,36.4,79.0,7464.0,0.62,72.0,3.6,0.98,0.8006,2,HIGH
DEF-10687,Sepoy,1,High Altitude (Siachen/Ladakh),29,16.2,17.0,0.85,1,1.0,0.285,0.026,,0.83,0.454,0.377,,0.226,42.8,,9190.0,,61.0,,0.6015,0.5015,1,MEDIUM
DEF-10688,Havildar,2,Field Outpost,49,,8.0,0.45,4,0.0,0.419,,0.873,0.511,0.466,,7.2,,58.8,64.0,12227.0,,,1.9,0.1374,0.1568,0,LOW
DEF-10689,Sepoy,1,Field Outpost,32,21.7,13.0,0.45,1,0.0,0.193,0.243,0.731,0.53,0.494,0.303,6.7,0.235,,68.0,8067.0,0.7,49.0,2.5,0.08,0.1441,0,LOW
DEF-10690,Sepoy,1,High Altitude (Siachen/Ladakh),25,24.9,7.0,0.85,1,0.0,0.113,,0.353,0.295,0.594,0.368,6.8,,62.6,,9773.0,0.68,51.0,4.1,0.2919,0.2553,0,LOW
DEF-10691,Sepoy,1,Peace Station,15,9.9,7.0,0.15,1,1.0,0.288,,0.117,,0.293,,,,51.5,65.0,4979.0,0.84,50.0,1.6,0.1694,0.2085,0,LOW
DEF-10692,Naik,1,Peace Station,73,7.9,8.0,0.15,2,2.0,0.244,0.435,0.389,0.239,0.307,0.0,7.4,0.272,66.9,55.0,10390.0,0.83,74.0,2.1,0.0776,0.1405,0,LOW
DEF-10693,Sepoy,1,High Altitude (Siachen/Ladakh),48,1.1,13.0,0.85,1,0.0,0.647,0.124,0.415,0.252,0.607,0.109,,0.399,,,10085.0,0.79,40.0,2.7,0.0634,0.0739,0,LOW
DEF-10694,Sepoy,1,Field Outpost,114,7.7,11.0,0.45,4,0.0,0.3,,0.414,0.673,0.42,0.159,6.8,0.207,,62.0,5466.0,,44.0,1.6,0.1447,0.2778,0,LOW
DEF-10695,Naik,1,High Altitude (Siachen/Ladakh),51,19.7,7.0,0.85,1,,0.072,-0.396,0.558,0.348,0.358,0.568,4.9,0.19,46.6,75.0,9989.0,,72.0,,0.6082,0.4602,1,MEDIUM
DEF-10696,Sepoy,1,Peace Station,73,8.9,19.0,0.15,1,2.0,0.364,,0.295,0.687,0.564,,7.4,0.261,62.4,65.0,8857.0,0.97,48.0,2.4,0.1484,0.326,0,LOW
DEF-10697,Naik,1,Peace Station,42,21.9,11.0,0.15,1,0.0,0.29,-0.306,,0.869,,0.397,6.3,0.2,41.5,81.0,10891.0,0.7,62.0,3.2,0.3949,0.3323,1,MEDIUM
DEF-10698,Sepoy,1,Counter-Insurgency,62,30.7,14.0,0.9,1,0.0,0.655,-0.446,,,0.312,0.554,5.2,0.228,,62.0,3341.0,0.5,,1.4,0.6405,0.591,1,MEDIUM
DEF-10699,Naik,1,Field Outpost,15,14.2,16.0,0.45,2,,,0.353,0.639,0.136,0.47,0.237,8.3,0.36,62.2,66.0,8660.0,1.0,43.0,3.3,0.0857,0.0863,0,LOW
DEF-10700,Naik,1,Field Outpost,49,13.9,11.0,0.45,1,1.0,0.398,-0.153,0.726,0.808,,,,0.224,48.2,76.0,13631.0,0.72,58.0,,0.347,0.4056,1,MEDIUM
DEF-10701,Sepoy,1,Peace Station,36,18.7,13.0,0.15,1,0.0,0.498,0.093,,0.358,,0.259,6.7,0.198,,,1200.0,,43.0,3.2,0.0865,0.1905,0,LOW
DEF-10702,Sepoy,1,Peace Station,108,9.1,11.0,0.15,1,0.0,0.711,-0.485,0.394,0.403,0.515,0.474,,0.228,50.3,79.0,7341.0,0.65,70.0,4.1,0.2069,0.1983,0,LOW
DEF-10703,Sepoy,1,Peace Station,70,8.5,14.0,0.15,1,0.0,0.58,0.5,,0.445,0.471,0.001,7.3,0.291,,,7668.0,0.75,22.0,2.2,0.0663,0.1711,0,LOW
DEF-10704,Sepoy,1,Field Outpost,99,8.8,15.0,0.45,3,0.0,0.651,-0.213,0.476,0.348,0.348,0.427,,0.264,,75.0,9086.0,0.73,60.0,,0.1114,0.2189,0,LOW
DEF-10705,Colonel,4,Counter-Insurgency,121,4.3,,0.9,2,0.0,0.449,0.36,0.59,0.289,0.327,0.021,6.8,0.185,43.4,63.0,7552.0,0.66,95.0,2.2,0.2382,0.3093,0,LOW
DEF-10706,Sepoy,1,Counter-Insurgency,46,21.6,,0.9,1,0.0,0.36,-0.001,0.603,0.591,0.541,0.436,6.3,0.186,50.4,75.0,9354.0,0.76,69.0,3.1,0.6633,0.5512,1,MEDIUM
DEF-10707,Havildar,2,Field Outpost,68,9.8,16.0,0.45,1,0.0,0.313,-0.227,0.872,0.52,0.28,,6.7,,39.9,,12511.0,,39.0,2.9,0.4046,0.3892,1,MEDIUM
DEF-10708,Sepoy,1,Counter-Insurgency,30,23.4,13.0,0.9,2,2.0,0.179,-0.306,0.922,0.981,0.588,0.582,5.4,0.206,46.7,73.0,10303.0,0.55,93.0,5.1,0.6991,0.524,1,MEDIUM
DEF-10709,Naik,1,Field Outpost,79,18.5,7.0,0.45,1,3.0,0.665,0.118,0.254,0.331,0.432,0.397,,0.239,60.2,69.0,8650.0,0.72,30.0,1.8,0.105,0.229,0,LOW
DEF-10710,Havildar,2,Field Outpost,86,13.8,8.0,0.45,2,0.0,0.326,-0.083,0.079,,0.278,0.215,7.0,,55.7,,17130.0,0.92,37.0,,0.0706,0.1135,0,LOW
DEF-10711,Naik,1,Peace Station,76,20.9,15.0,0.15,4,2.0,,-0.418,0.425,0.327,,0.52,6.8,0.201,59.3,75.0,11904.0,,,,0.4759,0.4844,1,MEDIUM
DEF-10712,Naik,1,High Altitude (Siachen/Ladakh),46,6.0,11.0,0.85,1,0.0,0.594,,0.641,,0.881,0.404,6.3,0.184,46.7,,4981.0,,127.0,4.8,0.462,0.3863,1,MEDIUM
DEF-10713,Sepoy,1,Peace Station,163,7.4,14.0,0.15,1,0.0,0.586,0.426,,0.339,0.208,0.207,6.3,0.311,56.5,70.0,8420.0,,39.0,2.2,0.1162,0.2462,0,LOW
DEF-10714,Sepoy,1,Field Outpost,65,20.1,15.0,0.45,1,0.0,0.266,-0.522,,0.71,0.84,0.541,4.7,0.078,48.8,,,0.74,117.0,,0.9325,0.7485,2,HIGH
DEF-10715,Subedar,3,High Altitude (Siachen/Ladakh),262,0.0,7.0,0.85,2,0.0,0.782,,0.678,0.571,0.636,0.352,,0.267,54.1,71.0,8363.0,0.74,53.0,3.3,0.3099,0.3275,0,LOW
DEF-10716,Havildar,2,Peace Station,30,,9.0,0.15,1,1.0,,-0.394,0.297,0.282,0.569,0.198,6.6,,64.6,,,,46.0,2.5,0.1234,0.1642,0,LOW
DEF-10717,Major,4,Peace Station,91,19.0,16.0,0.15,2,1.0,0.468,0.12,0.55,,0.335,0.405,,0.188,47.1,75.0,6008.0,0.81,53.0,3.0,0.0204,0.1425,0,LOW
DEF-10718,Sepoy,1,Peace Station,109,25.1,10.0,0.15,4,0.0,0.114,-0.019,0.568,0.388,0.475,,,,,70.0,12318.0,0.79,45.0,4.1,0.234,0.3878,0,LOW
DEF-10719,Havildar,2,Field Outpost,31,26.9,11.0,0.45,1,0.0,0.14,-0.605,0.725,0.522,0.656,0.487,5.3,,52.4,79.0,7594.0,0.71,86.0,3.9,0.7503,0.6432,2,HIGH
DEF-10720,Major,4,Peace Station,54,12.9,8.0,0.15,1,0.0,0.676,,,0.675,0.738,0.294,7.0,,68.3,67.0,5189.0,,63.0,3.1,0.1649,0.1983,0,LOW
DEF-10721,Sepoy,1,Field Outpost,23,20.5,7.0,0.45,3,1.0,0.212,-0.159,0.293,0.254,0.341,0.216,7.1,0.263,,,5750.0,,60.0,2.8,0.1417,0.0845,0,LOW
DEF-10722,Sepoy,1,Peace Station,124,7.2,14.0,0.15,1,0.0,0.181,-0.015,0.216,0.394,0.615,,8.2,0.293,,59.0,6081.0,,26.0,2.8,0.1616,0.2275,0,LOW
DEF-10723,Havildar,2,Field Outpost,60,10.2,9.0,0.45,1,0.0,0.661,0.312,0.347,0.639,0.342,,6.9,,50.0,,8819.0,0.82,54.0,2.8,0.3177,0.2676,0,LOW
DEF-10724,Naik,1,Peace Station,36,25.6,15.0,0.15,2,1.0,0.077,-0.197,0.8,0.395,0.36,0.597,7.4,,48.8,63.0,,0.81,40.0,3.2,0.4098,0.3638,1,MEDIUM
DEF-10725,Havildar,2,Counter-Insurgency,110,,13.0,0.9,1,2.0,0.278,,,0.8,0.761,0.299,6.3,0.216,40.9,,6591.0,,60.0,2.6,0.4821,0.4368,1,MEDIUM
DEF-10726,Sepoy,1,Field Outpost,63,,15.0,0.45,3,0.0,0.238,0.065,0.56,0.43,0.651,0.323,5.6,,,78.0,5930.0,,115.0,3.0,0.3784,0.3027,0,LOW
DEF-10727,Havildar,2,High Altitude (Siachen/Ladakh),102,5.2,21.0,0.85,1,1.0,0.154,-0.253,0.572,,0.577,0.279,7.1,,40.9,69.0,14872.0,,,3.4,0.3632,0.525,1,MEDIUM
DEF-10728,Sepoy,1,High Altitude (Siachen/Ladakh),82,17.6,10.0,0.85,2,0.0,0.06,0.352,,,,0.526,,,,78.0,4065.0,,,,0.4777,0.4515,1,MEDIUM
DEF-10729,Sepoy,1,Field Outpost,33,20.4,8.0,0.45,3,0.0,0.406,-0.211,,0.573,0.421,0.481,7.1,0.223,,69.0,8176.0,0.8,122.0,3.9,0.1406,0.1887,0,LOW
DEF-10730,Sepoy,1,Peace Station,45,20.1,14.0,0.15,1,1.0,0.461,-0.409,0.46,,0.387,0.427,7.1,0.244,,61.0,11036.0,0.71,79.0,2.6,0.2367,0.155,0,LOW
DEF-10731,Havildar,2,Field Outpost,37,3.7,8.0,0.45,1,,0.64,0.294,0.354,0.422,0.427,0.054,7.1,0.291,57.7,70.0,10133.0,0.74,,2.6,0.1138,0.1382,0,LOW
DEF-10732,Naik,1,High Altitude (Siachen/Ladakh),29,22.5,,0.85,1,0.0,0.374,-0.609,,0.815,,0.673,5.3,0.159,45.0,81.0,11362.0,0.27,142.0,4.2,0.7987,0.5904,2,HIGH
DEF-10733,Naik,1,Field Outpost,19,5.5,10.0,0.45,3,0.0,0.451,,,0.691,0.466,,7.3,0.267,54.8,72.0,10828.0,0.83,37.0,2.9,0.0693,0.0594,0,LOW
DEF-10734,Sepoy,1,Peace Station,180,13.8,11.0,0.15,3,1.0,0.446,-0.319,0.772,0.395,0.413,0.133,6.7,0.269,51.2,76.0,13778.0,,50.0,2.9,0.2975,0.4343,1,MEDIUM
DEF-10735,Subedar,3,Peace Station,75,0.2,17.0,0.15,1,0.0,0.573,-0.012,,0.088,,,6.4,0.291,63.9,64.0,6595.0,0.66,24.0,1.8,0.1275,0.2333,0,LOW
DEF-10736,Sepoy,1,Peace Station,82,12.5,14.0,0.15,3,0.0,0.363,-0.074,,0.794,0.43,0.255,7.8,0.233,52.1,61.0,12012.0,0.83,61.0,2.2,0.2546,0.2736,0,LOW
DEF-10737,Havildar,2,Peace Station,117,5.5,8.0,0.15,3,0.0,0.608,0.262,0.122,0.522,0.342,,7.8,0.231,61.0,65.0,,,66.0,3.0,0.578,0.5346,1,MEDIUM
DEF-10738,Sepoy,1,Counter-Insurgency,45,10.2,14.0,0.9,4,0.0,0.376,-0.4,0.87,0.671,0.804,0.62,4.8,,34.9,79.0,3850.0,0.7,108.0,,0.9394,0.8207,2,HIGH
DEF-10739,Sepoy,1,Peace Station,25,14.5,12.0,0.15,1,,0.17,,0.386,0.161,0.481,,,0.259,66.6,62.0,13470.0,0.85,36.0,1.8,0.0837,0.0492,0,LOW
DEF-10740,Naik,1,Field Outpost,97,21.0,12.0,0.45,3,0.0,0.604,,0.379,0.459,0.32,0.264,,0.24,53.5,62.0,10908.0,,82.0,2.9,0.5125,0.4885,1,MEDIUM
DEF-10741,Sepoy,1,High Altitude (Siachen/Ladakh),28,20.7,13.0,0.85,2,0.0,0.551,,0.45,0.559,0.77,0.387,6.9,0.254,48.2,81.0,8826.0,0.67,121.0,3.2,0.4872,0.4105,1,MEDIUM
DEF-10742,Havildar,2,High Altitude (Siachen/Ladakh),95,0.0,8.0,0.85,3,0.0,0.271,,0.774,0.591,0.675,0.343,6.4,0.249,50.3,71.0,6305.0,,68.0,2.8,0.3613,0.3444,1,MEDIUM
DEF-10743,Naik,1,Field Outpost,22,19.8,11.0,0.45,1,0.0,0.21,-0.3,0.678,0.4,0.442,0.486,6.7,0.189,38.3,65.0,8182.0,0.79,83.0,2.6,0.5936,0.5099,1,MEDIUM
DEF-10744,Sepoy,1,Peace Station,26,15.8,,0.15,1,0.0,0.415,0.254,,0.444,0.637,0.208,6.0,,,72.0,3981.0,0.69,81.0,,0.156,0.1362,0,LOW
DEF-10745,Subedar,3,Peace Station,42,9.2,8.0,0.15,3,0.0,0.495,-0.014,0.382,0.376,0.634,0.178,6.9,0.252,61.2,71.0,8231.0,0.72,45.0,3.1,0.1483,0.2115,0,LOW
DEF-10746,Sepoy,1,Field Outpost,93,6.5,9.0,0.45,3,0.0,0.753,0.206,0.256,0.326,0.145,0.09,7.1,0.232,73.5,69.0,9426.0,,,1.8,0.1054,0.1377,0,LOW
DEF-10747,Naik,1,Field Outpost,151,,12.0,0.45,1,,0.701,,0.269,0.461,0.333,,7.4,0.241,66.8,,,0.67,,2.3,0.3454,0.4522,1,MEDIUM
DEF-10748,Subedar,3,Peace Station,82,16.0,11.0,0.15,2,0.0,0.372,-0.364,0.449,0.806,0.777,0.436,5.2,0.205,54.1,,6456.0,0.52,72.0,2.9,0.4031,0.3109,1,MEDIUM
DEF-10749,Naik,1,Peace Station,43,17.2,16.0,0.15,1,0.0,,-0.106,0.501,0.454,,0.17,,0.246,46.0,,9216.0,,,2.5,0.7242,0.6621,2,HIGH
DEF-10750,Sepoy,1,Counter-Insurgency,107,,15.0,0.9,1,0.0,0.869,,0.161,0.234,0.216,0.28,6.9,,,69.0,9531.0,0.74,,3.0,0.1322,0.2554,0,LOW
DEF-10751,Major,4,Peace Station,21,0.0,9.0,0.15,1,0.0,0.158,0.474,,0.394,0.293,0.052,7.6,0.271,68.2,62.0,15698.0,0.87,27.0,2.3,0.0846,0.0704,0,LOW
DEF-10752,Naik,1,Field Outpost,34,9.8,17.0,0.45,1,2.0,0.417,-0.107,,,0.691,0.373,6.9,,62.7,79.0,7925.0,0.52,51.0,2.7,0.3196,0.2183,0,LOW
DEF-10753,Sepoy,1,Counter-Insurgency,67,3.9,13.0,0.9,2,0.0,0.307,-0.038,0.309,0.217,0.578,0.366,6.4,0.229,61.0,64.0,11778.0,,76.0,3.3,0.3411,0.187,0,LOW
DEF-10754,Sepoy,1,High Altitude (Siachen/Ladakh),99,31.5,11.0,0.85,1,0.0,,0.032,,0.478,0.742,0.646,,0.142,,73.0,3364.0,0.7,69.0,3.8,0.8922,0.73,2,HIGH
DEF-10755,Havildar,2,Field Outpost,56,14.5,16.0,0.45,1,0.0,0.657,0.361,0.647,0.737,0.402,0.292,6.6,0.187,55.6,73.0,,,54.0,3.0,0.3306,0.3602,0,LOW
DEF-10756,Naik,1,Peace Station,53,20.3,9.0,0.15,4,1.0,0.712,0.343,0.102,,0.321,0.205,,0.304,65.0,63.0,9327.0,0.81,24.0,1.8,0.02,0.1621,0,LOW
DEF-10757,Naik,1,Counter-Insurgency,54,19.4,11.0,0.9,1,0.0,0.45,-0.122,0.819,,0.726,0.462,6.7,0.179,43.3,78.0,7790.0,0.42,97.0,3.2,0.6424,0.5902,1,MEDIUM
DEF-10758,Subedar,3,Peace Station,116,16.6,7.0,0.15,2,0.0,0.301,0.394,0.557,0.452,0.477,0.451,6.9,0.161,60.0,,11059.0,0.79,51.0,2.9,0.1521,0.1997,0,LOW
DEF-10759,Havildar,2,High Altitude (Siachen/Ladakh),39,10.5,10.0,0.85,3,0.0,,0.071,0.484,0.453,0.462,0.394,6.5,0.271,64.3,,7847.0,,,2.6,0.6471,0.5401,1,MEDIUM
DEF-10760,Sepoy,1,Counter-Insurgency,33,9.4,10.0,0.9,1,0.0,0.664,0.115,0.805,0.465,0.27,,,0.225,,,12785.0,0.77,36.0,3.3,0.1001,0.1711,0,LOW
DEF-10761,Sepoy,1,Peace Station,54,,12.0,0.15,1,0.0,0.527,0.083,0.118,0.46,0.175,0.0,7.4,0.311,56.9,60.0,,0.81,,2.1,0.0466,0.1366,0,LOW
DEF-10762,Sepoy,1,High Altitude (Siachen/Ladakh),126,15.2,12.0,0.85,2,0.0,0.401,0.082,0.398,0.363,0.441,0.21,7.4,0.252,,74.0,8384.0,0.87,70.0,1.5,0.6095,0.5784,1,MEDIUM
DEF-10763,Havildar,2,Counter-Insurgency,42,16.6,15.0,0.9,2,0.0,0.429,-0.34,,0.531,0.324,0.512,7.6,,32.8,,13254.0,0.72,,2.9,0.4274,0.4641,1,MEDIUM
DEF-10764,Sepoy,1,Field Outpost,54,13.6,15.0,0.45,2,0.0,0.056,-0.044,0.178,0.42,,0.223,6.6,0.234,,,6799.0,1.0,39.0,,0.1327,0.1023,0,LOW
DEF-10765,Naik,1,Field Outpost,21,15.2,17.0,0.45,2,0.0,0.585,-0.116,0.49,0.61,,,7.4,0.252,77.8,,6126.0,0.92,47.0,1.7,0.2493,0.2806,0,LOW
DEF-10766,Havildar,2,Counter-Insurgency,56,3.7,13.0,0.9,4,1.0,0.452,0.097,0.439,0.506,,0.0,5.9,0.276,58.7,84.0,9279.0,,59.0,2.9,0.2352,0.2466,0,LOW
DEF-10767,Subedar,3,Field Outpost,73,11.5,10.0,0.45,1,2.0,0.297,-0.12,0.707,0.566,,0.272,7.1,,49.7,75.0,4259.0,0.59,47.0,3.7,0.273,0.3022,0,LOW
DEF-10768,Sepoy,1,High Altitude (Siachen/Ladakh),28,8.5,1.0,0.85,3,0.0,0.213,0.361,0.467,0.364,0.272,0.209,6.5,0.317,54.2,66.0,7574.0,0.89,30.0,,0.1617,0.1218,0,LOW
DEF-10769,Havildar,2,Field Outpost,117,19.7,10.0,0.45,1,0.0,0.333,-0.239,0.236,0.318,0.285,0.387,7.8,0.275,46.0,67.0,,0.78,54.0,1.2,0.3564,0.3844,1,MEDIUM
DEF-10770,Sepoy,1,Peace Station,73,14.3,17.0,0.15,1,1.0,0.295,-0.024,0.327,0.598,,0.171,7.0,0.253,,66.0,,,61.0,1.5,0.1924,0.2848,0,LOW
DEF-10771,Havildar,2,Peace Station,46,8.6,12.0,0.15,1,1.0,0.438,,0.609,0.396,,0.306,5.7,0.26,39.4,,,0.61,61.0,3.1,0.3042,0.3496,0,LOW
DEF-10772,Sepoy,1,Peace Station,73,12.6,9.0,0.15,2,0.0,0.597,-0.046,0.407,0.304,0.43,0.236,6.2,0.264,,71.0,8888.0,,54.0,3.4,0.2196,0.3518,0,LOW
DEF-10773,Sepoy,1,Peace Station,85,5.2,7.0,0.15,3,0.0,,,,0.506,0.532,,7.4,0.236,58.4,63.0,,0.83,57.0,,0.1259,0.1466,0,LOW
DEF-10774,Havildar,2,Peace Station,17,11.2,13.0,0.15,1,1.0,0.164,-0.024,0.192,0.176,0.187,0.142,6.7,,66.4,63.0,12717.0,0.81,26.0,2.6,0.0583,0.1332,0,LOW
DEF-10775,Sepoy,1,Field Outpost,75,19.0,12.0,0.45,1,0.0,0.078,-0.183,0.569,0.631,0.544,0.506,,0.152,,76.0,11485.0,,83.0,3.5,0.1892,0.2477,0,LOW
DEF-10776,Sepoy,1,Peace Station,123,2.7,15.0,0.15,1,0.0,0.612,-0.299,0.571,0.632,0.526,0.411,6.6,0.241,,72.0,11506.0,0.9,,3.0,0.3402,0.3993,1,MEDIUM
DEF-10777,Havildar,2,Counter-Insurgency,38,13.5,10.0,0.9,1,,0.3,0.043,0.352,0.368,0.311,0.435,7.0,,41.1,64.0,6723.0,0.77,66.0,,0.6256,0.5238,1,MEDIUM
DEF-10778,Havildar,2,High Altitude (Siachen/Ladakh),46,7.6,16.0,0.85,3,0.0,0.452,-0.157,0.388,0.475,0.337,,8.3,0.186,64.3,,14070.0,0.89,58.0,2.9,0.0362,0.0663,0,LOW
DEF-10779,Naik,1,Field Outpost,51,2.7,10.0,0.45,3,0.0,0.6,,0.325,0.255,0.584,0.0,6.6,,68.1,69.0,10119.0,0.87,28.0,,0.0423,0.1354,0,LOW
DEF-10780,Naik,1,Field Outpost,99,29.9,7.0,0.45,3,0.0,0.442,-0.229,1.0,0.677,0.764,0.42,6.4,0.24,41.7,,9746.0,0.59,131.0,3.6,0.3717,0.3818,1,MEDIUM
DEF-10781,Naik,1,Peace Station,31,24.7,8.0,0.15,2,1.0,0.541,-0.1,0.551,0.788,0.308,0.451,6.3,0.226,47.3,69.0,,,66.0,3.0,0.5501,0.3734,1,MEDIUM
DEF-10782,Sepoy,1,Field Outpost,82,8.9,10.0,0.45,2,1.0,0.441,0.792,0.237,0.165,0.199,,7.8,0.212,61.6,62.0,,,38.0,2.1,0.1357,0.2014,0,LOW
DEF-10783,Sepoy,1,Field Outpost,52,11.5,7.0,0.45,1,0.0,0.075,0.349,0.25,0.348,,0.034,7.5,,68.5,67.0,9726.0,0.7,,,0.1341,0.2052,0,LOW
DEF-10784,Sepoy,1,High Altitude (Siachen/Ladakh),155,0.0,13.0,0.85,2,0.0,0.65,0.275,,0.64,0.326,0.103,8.7,,,72.0,11952.0,,40.0,2.3,0.1402,0.2367,0,LOW
DEF-10785,Subedar,3,Peace Station,54,0.5,14.0,0.15,2,0.0,0.416,,0.743,0.431,0.746,0.37,,0.252,46.2,72.0,,0.8,78.0,,0.2653,0.3655,0,LOW
DEF-10786,Naik,1,High Altitude (Siachen/Ladakh),11,4.4,13.0,0.85,4,1.0,0.174,-0.179,0.389,0.812,0.414,0.231,7.5,0.266,30.1,66.0,10506.0,,54.0,2.7,0.1737,0.1136,0,LOW
DEF-10787,Sepoy,1,High Altitude (Siachen/Ladakh),91,13.7,11.0,0.85,4,0.0,0.22,,0.811,0.522,,0.513,,0.194,42.3,75.0,4086.0,0.7,88.0,3.5,0.7395,0.6107,2,HIGH
DEF-10788,Naik,1,Field Outpost,80,13.0,13.0,0.45,4,0.0,,,0.382,,0.751,0.379,5.9,0.206,53.6,68.0,5075.0,0.63,74.0,3.1,0.4598,0.4873,1,MEDIUM
DEF-10789,Major,4,Peace Station,71,16.8,14.0,0.15,1,0.0,0.308,-0.221,0.343,,0.573,0.326,7.0,,65.3,68.0,10050.0,,67.0,,0.4682,0.3801,1,MEDIUM
DEF-10790,Sepoy,1,Field Outpost,121,19.8,9.0,0.45,1,0.0,0.246,0.099,0.316,,0.44,0.539,5.5,0.249,,70.0,,0.64,119.0,2.3,0.1362,0.1971,0,LOW
DEF-10791,Naik,1,Field Outpost,19,16.4,9.0,0.45,3,1.0,0.42,,0.862,0.872,0.766,0.518,6.1,0.149,38.1,80.0,6051.0,0.7,74.0,3.8,0.708,0.6366,1,MEDIUM
DEF-10792,Naik,1,Field Outpost,35,4.8,7.0,0.45,3,0.0,0.259,-0.2,0.399,0.533,0.569,0.244,7.1,0.302,65.0,,10105.0,0.78,46.0,2.8,0.2482,0.2689,0,LOW
DEF-10793,Naik,1,Field Outpost,62,16.8,6.0,0.45,3,1.0,0.273,-0.13,0.318,,0.936,0.237,,0.236,48.0,65.0,1200.0,0.62,,2.7,0.4777,0.4098,1,MEDIUM
DEF-10794,Sepoy,1,Peace Station,69,19.4,12.0,0.15,1,0.0,0.403,0.372,0.189,,0.093,0.276,,0.289,,,8082.0,0.82,27.0,,0.0794,0.1223,0,LOW
DEF-10795,Subedar,3,Peace Station,57,10.4,11.0,0.15,3,0.0,0.716,0.252,0.472,,0.624,0.243,6.8,0.263,56.7,74.0,6755.0,0.84,66.0,2.1,0.1549,0.1859,0,LOW
DEF-10796,Major,4,Peace Station,21,0.0,12.0,0.15,2,2.0,0.299,,0.405,0.413,0.337,0.07,6.4,,58.6,74.0,9752.0,0.91,41.0,2.7,0.2003,0.2275,0,LOW
DEF-10797,Naik,1,Peace Station,47,24.1,12.0,0.15,2,0.0,0.088,-0.248,0.42,,0.459,0.231,6.5,0.166,58.4,74.0,10258.0,0.69,70.0,3.4,0.2913,0.256,0,LOW
DEF-10798,Naik,1,Peace Station,149,14.8,9.0,0.15,3,0.0,0.296,0.205,0.658,,0.263,0.229,6.1,0.16,56.7,,11267.0,,59.0,3.3,0.253,0.4364,0,LOW
DEF-10799,Subedar,3,Peace Station,30,0.0,15.0,0.15,1,,0.658,0.156,0.047,0.354,0.424,0.032,,,65.2,,8759.0,0.8,38.0,2.2,0.0508,0.0444,0,LOW
DEF-10800,Havildar,2,Peace Station,61,31.6,11.0,0.15,2,0.0,0.607,-0.432,0.631,0.799,,0.776,5.1,0.209,24.9,77.0,9123.0,0.64,86.0,3.7,0.7234,0.604,1,MEDIUM
DEF-10801,Sepoy,1,High Altitude (Siachen/Ladakh),82,9.9,17.0,0.85,2,0.0,0.584,,,0.236,0.567,0.248,7.2,,,66.0,5176.0,0.73,,,0.3793,0.4459,1,MEDIUM
DEF-10802,Naik,1,High Altitude (Siachen/Ladakh),98,34.7,6.0,0.85,2,0.0,0.485,0.112,,0.455,,0.6,,0.223,42.8,74.0,,0.7,60.0,,0.2359,0.2887,0,LOW
DEF-10803,Naik,1,Peace Station,91,17.2,8.0,0.15,1,1.0,,,0.586,0.94,0.328,0.482,6.3,0.186,37.2,73.0,6269.0,0.59,70.0,3.3,0.3455,0.3645,1,MEDIUM
DEF-10804,Sepoy,1,Peace Station,45,12.3,22.0,0.15,2,0.0,0.419,-0.378,1.0,1.0,0.664,0.294,6.9,0.162,43.5,69.0,7715.0,0.79,72.0,2.4,0.6401,0.6095,1,MEDIUM
DEF-10805,Havildar,2,High Altitude (Siachen/Ladakh),35,15.6,20.0,0.85,2,0.0,0.268,-0.203,0.429,0.704,0.524,0.393,,,48.7,,,0.71,66.0,,0.6202,0.5133,1,MEDIUM
DEF-10806,Major,4,Field Outpost,155,8.0,18.0,0.45,2,1.0,0.781,0.218,0.741,0.348,0.227,0.391,6.8,0.203,38.3,,7591.0,0.63,47.0,,0.3367,0.4481,1,MEDIUM
DEF-10807,Subedar,3,Peace Station,103,14.5,18.0,0.15,3,0.0,0.794,,,0.432,,0.34,6.7,0.255,50.7,69.0,10234.0,,,3.1,0.2683,0.5062,1,MEDIUM
DEF-10808,Naik,1,High Altitude (Siachen/Ladakh),65,31.1,19.0,0.85,1,0.0,0.884,-0.451,0.787,,0.809,0.69,5.2,0.185,39.0,82.0,6771.0,0.41,107.0,4.9,0.9512,0.8087,2,HIGH
DEF-10809,Sepoy,1,Peace Station,133,6.4,10.0,0.15,3,0.0,0.381,-0.133,0.49,0.295,,0.236,6.3,0.179,,76.0,12070.0,0.86,90.0,3.1,0.5855,0.6084,1,MEDIUM
DEF-10810,Colonel,4,Field Outpost,21,18.5,11.0,0.45,2,1.0,0.487,,0.57,,0.556,0.445,6.3,,55.9,,9556.0,0.55,106.0,2.4,0.399,0.3131,1,MEDIUM
DEF-10811,Havildar,2,Counter-Insurgency,25,7.9,14.0,0.9,2,2.0,0.712,-0.386,,0.647,0.851,0.421,6.0,0.145,56.3,,6198.0,0.65,82.0,,0.6471,0.4546,1,MEDIUM
DEF-10812,Sepoy,1,Peace Station,11,12.6,13.0,0.15,1,0.0,0.098,-0.049,0.489,0.794,,,,0.205,,64.0,,0.64,,4.4,0.1905,0.2336,0,LOW
DEF-10813,Subedar,3,Counter-Insurgency,68,30.8,17.0,0.9,1,0.0,0.452,-0.175,0.354,0.289,0.718,0.373,7.0,0.254,61.1,71.0,13096.0,,55.0,3.8,0.1904,0.3191,0,LOW
DEF-10814,Subedar,3,Peace Station,70,18.5,14.0,0.15,3,0.0,0.819,,0.439,0.454,0.599,0.371,6.3,,46.2,61.0,,0.85,50.0,2.2,0.3555,0.3582,1,MEDIUM
DEF-10815,Naik,1,Field Outpost,23,20.3,9.0,0.45,1,0.0,0.356,0.178,0.688,0.826,0.474,0.347,8.0,,68.6,74.0,9969.0,0.71,48.0,2.6,0.1993,0.1359,0,LOW
DEF-10816,Naik,1,Field Outpost,101,14.6,10.0,0.45,4,0.0,0.212,,1.0,0.541,0.907,0.556,5.1,,34.6,82.0,7620.0,0.75,78.0,3.0,0.7582,0.676,2,HIGH
DEF-10817,Sepoy,1,High Altitude (Siachen/Ladakh),15,36.9,7.0,0.85,1,0.0,0.263,-0.061,0.815,0.732,,,6.0,0.207,66.6,75.0,8352.0,,56.0,3.1,0.598,0.4576,1,MEDIUM
DEF-10818,Sepoy,1,Peace Station,77,5.9,13.0,0.15,4,2.0,0.226,-0.377,0.372,0.551,0.322,0.029,8.9,0.241,,,12644.0,0.86,22.0,3.2,0.0783,0.2403,0,LOW
DEF-10819,Sepoy,1,Field Outpost,87,0.6,12.0,0.45,2,0.0,0.718,0.069,0.399,0.379,0.573,0.196,7.0,0.291,65.0,,13709.0,0.59,49.0,4.2,0.1942,0.1837,0,LOW
DEF-10820,Havildar,2,High Altitude (Siachen/Ladakh),68,28.3,10.0,0.85,2,0.0,,,0.482,0.431,0.339,0.342,5.8,0.256,46.5,,14552.0,,66.0,2.5,0.4553,0.4318,1,MEDIUM
DEF-10821,Sepoy,1,Field Outpost,21,10.8,12.0,0.45,1,0.0,0.308,-0.252,0.676,0.619,0.65,0.376,,0.194,,86.0,,0.63,109.0,4.0,0.8041,0.5913,2,HIGH
DEF-10822,Sepoy,1,Peace Station,120,17.5,11.0,0.15,1,0.0,0.545,-0.162,0.333,0.603,0.804,0.621,6.1,0.186,50.0,67.0,6069.0,0.84,64.0,2.7,0.415,0.5109,1,MEDIUM
DEF-10823,Sepoy,1,Peace Station,46,28.6,18.0,0.15,1,0.0,0.129,-0.427,,0.431,0.925,0.42,,0.339,59.5,71.0,11489.0,,61.0,2.4,0.6859,0.5986,1,MEDIUM
DEF-10824,Naik,1,High Altitude (Siachen/Ladakh),46,17.6,8.0,0.85,2,1.0,0.348,-0.058,0.562,0.692,0.381,0.296,5.9,,36.8,,7815.0,0.78,68.0,,0.3258,0.3231,0,LOW
DEF-10825,Subedar,3,Counter-Insurgency,40,33.0,10.0,0.9,2,0.0,0.722,,0.549,0.966,,0.681,5.9,0.164,25.2,82.0,13054.0,0.62,105.0,2.5,0.9102,0.7031,2,HIGH
DEF-10826,Sepoy,1,Field Outpost,93,15.2,18.0,0.45,3,0.0,0.167,-0.251,0.358,0.684,0.573,0.234,,0.246,44.5,74.0,7403.0,,65.0,3.6,0.2617,0.3221,0,LOW
DEF-10827,Sepoy,1,Field Outpost,44,8.0,20.0,0.45,3,0.0,0.223,0.282,0.564,,0.338,0.173,5.8,,64.4,67.0,12462.0,0.86,35.0,2.1,0.3871,0.4025,1,MEDIUM
DEF-10828,Havildar,2,Peace Station,28,0.0,21.0,0.15,2,1.0,0.378,0.179,,0.429,,0.0,8.2,0.313,68.1,60.0,12739.0,0.89,36.0,1.9,0.077,0.1445,0,LOW
DEF-10829,Naik,1,Field Outpost,108,16.6,4.0,0.45,1,,0.411,,,,0.359,0.313,7.2,0.257,69.7,,9811.0,,43.0,,0.252,0.2672,0,LOW
DEF-10830,Sepoy,1,Peace Station,60,0.0,9.0,0.15,1,0.0,0.305,-0.071,0.885,0.552,0.393,0.142,6.8,0.257,,59.0,8804.0,0.82,64.0,2.5,0.1859,0.1738,0,LOW
DEF-10831,Naik,1,High Altitude (Siachen/Ladakh),110,16.8,12.0,0.85,3,0.0,,-0.277,,,0.378,0.637,,0.137,35.3,81.0,7662.0,0.54,72.0,3.8,0.2636,0.3115,0,LOW
DEF-10832,Sepoy,1,Counter-Insurgency,63,26.4,5.0,0.9,1,1.0,0.625,-0.087,1.0,1.0,0.707,0.809,5.8,0.112,,77.0,4395.0,0.59,103.0,3.6,0.9041,0.6468,2,HIGH
DEF-10833,Sepoy,1,High Altitude (Siachen/Ladakh),38,13.9,12.0,0.85,2,0.0,0.672,-0.182,0.299,0.433,0.455,0.202,7.2,0.24,,,14365.0,,,,0.2841,0.2635,0,LOW
DEF-10834,Naik,1,Peace Station,17,15.6,16.0,0.15,1,0.0,0.395,0.179,0.393,0.212,0.426,0.0,7.5,0.306,57.2,70.0,6221.0,0.72,69.0,2.4,0.1077,0.0503,0,LOW
DEF-10835,Sepoy,1,Field Outpost,68,,9.0,0.45,1,0.0,0.438,-0.016,0.479,0.748,0.747,0.344,6.2,0.215,52.3,69.0,10399.0,,59.0,4.0,0.4218,0.4213,1,MEDIUM
DEF-10836,Subedar,3,Peace Station,51,19.7,11.0,0.15,2,0.0,0.548,-0.384,,0.329,0.563,0.278,5.7,0.226,73.8,71.0,13704.0,0.7,50.0,4.1,0.1774,0.2304,0,LOW
DEF-10837,Sepoy,1,Peace Station,95,23.9,11.0,0.15,2,0.0,0.348,-0.055,0.978,0.797,0.455,0.337,5.5,0.219,48.0,70.0,7100.0,0.55,55.0,,0.2711,0.3573,0,LOW
DEF-10838,Naik,1,Peace Station,43,13.8,18.0,0.15,2,0.0,0.501,-0.476,0.508,0.435,,0.292,5.5,0.218,46.4,68.0,6844.0,0.76,81.0,2.9,0.5649,0.4834,1,MEDIUM
DEF-10839,Naik,1,Peace Station,78,0.0,10.0,0.15,2,0.0,0.349,0.602,0.336,,,0.066,7.3,0.24,56.5,67.0,8037.0,0.75,62.0,2.2,0.2292,0.3796,0,LOW
DEF-10840,Sepoy,1,High Altitude (Siachen/Ladakh),62,24.0,14.0,0.85,1,0.0,0.395,0.185,0.451,0.465,0.698,0.44,5.6,0.174,,80.0,,0.64,60.0,2.8,0.7107,0.6378,2,HIGH
DEF-10841,Naik,1,Field Outpost,36,12.0,13.0,0.45,1,2.0,0.314,,0.555,0.321,,0.484,7.4,,67.1,72.0,8916.0,0.7,,,0.3002,0.2751,0,LOW
DEF-10842,Sepoy,1,Counter-Insurgency,45,6.5,,0.9,2,0.0,0.591,0.003,0.739,0.524,0.945,0.366,4.8,,,82.0,10836.0,0.65,84.0,3.7,0.2203,0.1906,0,LOW
DEF-10843,Major,4,Peace Station,24,16.9,13.0,0.15,2,0.0,0.406,,0.639,0.265,0.287,0.419,7.5,,60.9,73.0,9789.0,,,,0.1545,0.1585,0,LOW
DEF-10844,Sepoy,1,Field Outpost,161,15.6,8.0,0.45,1,0.0,0.359,-0.455,0.461,0.762,0.869,0.435,,0.244,,,7364.0,0.57,55.0,3.6,0.7907,0.6333,2,HIGH
DEF-10845,Sepoy,1,Peace Station,77,7.6,11.0,0.15,2,0.0,0.914,,0.289,0.556,0.593,0.303,6.4,,53.8,77.0,10108.0,0.65,50.0,2.8,0.3013,0.3244,0,LOW
DEF-10846,Sepoy,1,Peace Station,23,3.1,13.0,0.15,2,0.0,0.218,0.188,,0.261,0.228,0.033,8.9,,,59.0,9610.0,1.0,23.0,2.3,0.0363,0.04,0,LOW
DEF-10847,Colonel,4,Counter-Insurgency,157,18.0,13.0,0.9,1,0.0,0.383,0.344,0.55,0.29,0.591,0.275,6.3,0.266,57.7,73.0,4035.0,,,2.5,0.7128,0.7943,2,HIGH
DEF-10848,Naik,1,Field Outpost,30,6.8,10.0,0.45,3,0.0,,0.559,0.353,0.43,0.528,0.133,7.2,0.23,59.8,,1555.0,0.65,49.0,2.2,0.2262,0.2413,0,LOW
DEF-10849,Naik,1,Counter-Insurgency,42,15.0,7.0,0.9,2,1.0,,-0.117,0.603,0.764,,0.342,,0.209,45.7,73.0,7753.0,,121.0,3.3,0.6453,0.4797,1,MEDIUM
DEF-10850,Sepoy,1,Field Outpost,54,,11.0,0.45,1,4.0,0.317,,0.366,,0.234,,5.9,,,,8077.0,,58.0,1.4,0.4125,0.3706,1,MEDIUM
DEF-10851,Havildar,2,Peace Station,63,22.2,9.0,0.15,2,1.0,0.398,0.352,0.371,0.556,0.294,0.359,6.4,0.115,63.9,78.0,12907.0,0.7,,2.2,0.1214,0.0741,0,LOW
DEF-10852,Sepoy,1,Peace Station,93,32.0,9.0,0.15,2,0.0,0.542,-0.169,0.594,0.527,,0.372,5.9,0.316,,,,0.83,103.0,1.8,0.5993,0.5095,1,MEDIUM
DEF-10853,Subedar,3,Counter-Insurgency,14,16.0,17.0,0.9,4,0.0,0.083,-0.206,0.43,,0.597,0.408,6.5,0.23,46.2,81.0,4727.0,0.75,,3.0,0.2884,0.2783,0,LOW
DEF-10854,Sepoy,1,Peace Station,63,10.4,12.0,0.15,3,0.0,0.161,0.054,0.433,0.428,0.336,0.312,5.8,0.287,,69.0,12339.0,0.56,76.0,3.6,0.3442,0.3304,0,LOW
DEF-10855,Sepoy,1,Counter-Insurgency,52,28.1,9.0,0.9,1,0.0,0.689,0.299,0.295,0.27,0.208,0.352,7.5,0.211,,66.0,9559.0,0.84,46.0,2.0,0.283,0.1997,0,LOW
DEF-10856,Sepoy,1,Field Outpost,69,22.9,11.0,0.45,1,2.0,0.698,-0.663,,0.845,,0.636,5.4,,,77.0,7006.0,0.75,119.0,3.6,0.8133,0.6207,2,HIGH
DEF-10857,Naik,1,Peace Station,50,15.4,15.0,0.15,3,0.0,,-0.022,0.605,0.686,0.279,0.112,,,46.5,74.0,8502.0,0.68,43.0,2.5,0.2847,0.3046,0,LOW
DEF-10858,Naik,1,Field Outpost,46,16.0,,0.45,3,0.0,0.529,-0.112,0.647,0.696,0.44,0.432,6.2,,57.0,,8758.0,0.45,97.0,3.6,0.3698,0.3644,1,MEDIUM
DEF-10859,Sepoy,1,Peace Station,58,14.2,,0.15,1,0.0,0.197,-0.75,0.657,,0.417,0.174,5.7,0.203,,74.0,4817.0,0.77,60.0,2.0,0.3624,0.4082,1,MEDIUM
DEF-10860,Havildar,2,Peace Station,152,15.4,17.0,0.15,1,1.0,0.289,,0.629,0.375,0.344,0.273,6.1,0.271,42.8,,11705.0,0.82,65.0,2.5,0.3073,0.4803,1,MEDIUM
DEF-10861,Naik,1,High Altitude (Siachen/Ladakh),47,13.1,9.0,0.85,3,1.0,,-0.564,0.568,0.466,0.503,0.496,5.5,0.31,38.2,63.0,10204.0,,94.0,,0.5567,0.5696,1,MEDIUM
DEF-10862,Naik,1,Field Outpost,117,5.7,9.0,0.45,3,0.0,0.36,-0.145,0.513,0.824,,0.291,,,47.4,76.0,10522.0,0.77,,3.9,0.4658,0.3894,1,MEDIUM
DEF-10863,Sepoy,1,Field Outpost,67,14.1,17.0,0.45,1,0.0,0.355,0.184,0.355,,,0.245,6.2,0.225,45.0,74.0,7942.0,,,1.1,0.435,0.4328,1,MEDIUM
DEF-10864,Sepoy,1,Peace Station,65,28.9,16.0,0.15,2,0.0,0.519,0.168,0.542,,0.696,0.513,,0.21,41.9,78.0,,,,2.3,0.7762,0.7018,2,HIGH
DEF-10865,Naik,1,Peace Station,69,7.1,17.0,0.15,1,0.0,0.746,0.176,0.206,,0.181,0.18,6.2,0.288,55.2,,,,41.0,2.7,0.055,0.1737,0,LOW
DEF-10866,Sepoy,1,Field Outpost,82,11.7,20.0,0.45,1,0.0,,0.601,,0.657,,0.23,,0.274,,72.0,8518.0,,48.0,2.6,0.2002,0.3019,0,LOW
DEF-10867,Sepoy,1,Field Outpost,49,6.4,12.0,0.45,1,0.0,0.345,0.015,,,0.804,0.328,6.2,,,79.0,13000.0,0.68,83.0,,0.7648,0.5887,2,HIGH
DEF-10868,Subedar,3,High Altitude (Siachen/Ladakh),113,23.8,13.0,0.85,2,2.0,0.427,0.059,,0.58,0.494,0.574,4.8,0.156,57.1,78.0,11842.0,0.69,75.0,2.0,0.6602,0.5814,1,MEDIUM
DEF-10869,Major,4,Field Outpost,82,21.1,15.0,0.45,3,1.0,0.859,,,0.727,0.815,0.433,7.0,0.257,45.3,78.0,7579.0,0.83,,4.5,0.3332,0.3227,0,LOW
DEF-10870,Sepoy,1,High Altitude (Siachen/Ladakh),26,3.1,,0.85,2,0.0,0.498,-0.023,0.726,0.448,0.481,0.18,,,33.7,74.0,12551.0,,86.0,2.6,0.3799,0.3211,1,MEDIUM
DEF-10871,Sepoy,1,Peace Station,11,0.0,11.0,0.15,1,0.0,0.552,0.42,0.589,,0.582,0.208,6.7,,72.1,,10483.0,0.61,41.0,2.9,0.1144,0.2764,0,LOW
DEF-10872,Naik,1,Peace Station,149,21.4,17.0,0.15,3,0.0,0.04,0.098,0.763,,0.651,0.389,7.5,0.277,48.3,70.0,,0.69,47.0,2.5,0.2205,0.412,0,LOW
DEF-10873,Sepoy,1,Peace Station,71,2.6,11.0,0.15,1,0.0,0.549,,0.255,0.579,0.43,0.223,6.3,0.275,43.0,66.0,9902.0,0.68,105.0,2.4,0.4251,0.4163,1,MEDIUM
DEF-10874,Sepoy,1,High Altitude (Siachen/Ladakh),24,21.0,,0.85,3,0.0,0.48,-0.114,,0.513,0.513,0.449,5.4,0.236,,63.0,,0.76,61.0,2.9,0.4629,0.3561,1,MEDIUM
DEF-10875,Sepoy,1,High Altitude (Siachen/Ladakh),47,8.6,19.0,0.85,3,0.0,0.12,-0.221,0.454,0.359,0.392,0.34,4.8,0.192,,64.0,11697.0,,57.0,4.1,0.6758,0.6218,1,MEDIUM
DEF-10876,Havildar,2,Peace Station,103,19.9,14.0,0.15,1,2.0,0.712,,0.296,0.304,0.51,0.209,6.5,0.253,54.4,,8929.0,0.72,60.0,3.0,0.156,0.1781,0,LOW
DEF-10877,Naik,1,Peace Station,56,17.8,8.0,0.15,1,2.0,0.527,-0.166,0.75,,0.261,0.155,6.6,0.267,51.7,,8501.0,0.64,84.0,2.4,0.229,0.1535,0,LOW
DEF-10878,Sepoy,1,High Altitude (Siachen/Ladakh),59,9.4,20.0,0.85,3,1.0,0.802,-0.031,0.638,,0.477,0.331,,0.205,,,1200.0,0.51,69.0,4.2,0.6061,0.5213,1,MEDIUM
DEF-10879,Sepoy,1,Counter-Insurgency,92,6.5,17.0,0.9,2,0.0,0.514,,,0.433,0.577,0.333,7.2,0.22,,69.0,8165.0,0.67,75.0,3.3,0.5596,0.6459,1,MEDIUM
DEF-10880,Sepoy,1,High Altitude (Siachen/Ladakh),75,18.9,13.0,0.85,1,1.0,0.37,-0.023,,0.582,0.565,0.281,7.4,,,,12278.0,0.75,69.0,4.1,0.7418,0.6171,2,HIGH
DEF-10881,Naik,1,Peace Station,86,8.1,16.0,0.15,3,0.0,0.219,-0.081,,,0.61,0.16,,0.273,43.5,55.0,11687.0,0.73,46.0,2.2,0.1051,0.2243,0,LOW
DEF-10882,Sepoy,1,Field Outpost,92,23.4,8.0,0.45,1,0.0,0.528,-0.331,0.504,0.351,0.34,0.43,5.8,0.178,,53.0,8894.0,0.68,50.0,4.2,0.331,0.2954,0,LOW
DEF-10883,Sepoy,1,High Altitude (Siachen/Ladakh),39,6.9,20.0,0.85,1,0.0,0.21,,0.683,0.488,0.272,0.448,6.3,0.252,,,8440.0,,104.0,4.0,0.4944,0.5251,1,MEDIUM
DEF-10884,Havildar,2,Peace Station,41,17.0,12.0,0.15,2,2.0,0.637,0.233,,0.417,0.183,0.016,6.3,0.292,66.9,75.0,7567.0,0.84,,2.2,0.5916,0.5481,1,MEDIUM
DEF-10885,Sepoy,1,Field Outpost,36,10.7,19.0,0.45,2,0.0,0.737,0.347,0.359,0.93,0.981,0.467,6.4,0.202,,77.0,,0.67,72.0,2.4,0.8585,0.7543,2,HIGH
DEF-10886,Naik,1,Peace Station,43,14.0,18.0,0.15,1,0.0,0.379,-0.273,0.375,0.556,,,,0.259,65.7,72.0,9729.0,,44.0,3.6,0.0788,0.1942,0,LOW
DEF-10887,Sepoy,1,Peace Station,57,8.0,14.0,0.15,1,0.0,0.023,0.07,0.34,0.696,0.291,0.385,7.7,0.207,,66.0,,0.97,65.0,3.3,0.4625,0.4579,1,MEDIUM
DEF-10888,Sepoy,1,Counter-Insurgency,60,12.5,14.0,0.9,2,0.0,0.485,-0.098,,0.483,0.456,0.284,6.5,0.143,,75.0,9877.0,,63.0,3.6,0.2369,0.2519,0,LOW
DEF-10889,Sepoy,1,Counter-Insurgency,131,0.0,7.0,0.9,2,0.0,0.027,0.092,0.329,0.715,0.708,,,0.216,,60.0,9995.0,0.83,46.0,,0.1027,0.2046,0,LOW
DEF-10890,Havildar,2,Field Outpost,73,7.1,9.0,0.45,3,0.0,0.226,,0.747,,0.674,0.273,6.8,0.263,49.2,,11541.0,0.67,60.0,3.8,0.3011,0.2974,0,LOW
DEF-10891,Subedar,3,Peace Station,58,9.0,,0.15,2,2.0,,0.231,0.386,0.28,0.216,0.0,,0.313,62.6,61.0,11040.0,,24.0,2.3,0.0713,0.01,0,LOW
DEF-10892,Havildar,2,High Altitude (Siachen/Ladakh),31,13.4,,0.85,2,1.0,,0.02,0.664,0.662,0.492,0.432,7.4,0.168,44.9,79.0,,0.69,63.0,3.3,0.4563,0.4278,1,MEDIUM
DEF-10893,Sepoy,1,Peace Station,51,,12.0,0.15,1,2.0,0.329,-0.032,,0.43,0.236,0.0,6.2,,52.4,65.0,10154.0,0.94,30.0,,0.1068,0.1685,0,LOW
DEF-10894,Naik,1,Peace Station,156,8.1,12.0,0.15,3,0.0,0.512,-0.111,0.151,0.379,,0.144,6.7,0.336,70.4,60.0,12774.0,,45.0,2.1,0.0972,0.3197,0,LOW
DEF-10895,Sepoy,1,Field Outpost,154,26.0,12.0,0.45,1,0.0,0.722,-0.316,0.68,,0.594,0.472,,,,75.0,7915.0,0.57,96.0,,0.8491,0.8105,2,HIGH
DEF-10896,Sepoy,1,Field Outpost,51,6.7,14.0,0.45,2,,0.245,-0.13,,0.622,0.915,0.368,,0.203,49.0,66.0,10997.0,0.77,50.0,,0.2047,0.1826,0,LOW
DEF-10897,Subedar,3,Peace Station,18,,8.0,0.15,4,2.0,0.216,0.029,0.22,0.286,0.247,0.279,7.1,0.348,63.1,62.0,,0.9,,1.8,0.2152,0.2164,0,LOW
DEF-10898,Sepoy,1,Field Outpost,47,,11.0,0.45,3,0.0,0.359,0.132,0.253,0.409,0.211,0.202,,0.262,,,5707.0,,,3.0,0.2074,0.2348,0,LOW
DEF-10899,Sepoy,1,Peace Station,131,19.2,10.0,0.15,2,0.0,0.356,0.046,0.483,0.393,0.251,0.253,7.7,0.257,,,10718.0,,74.0,2.7,0.2603,0.3828,0,LOW
DEF-10900,Sepoy,1,Counter-Insurgency,57,14.7,15.0,0.9,3,0.0,0.429,,0.656,0.63,0.457,0.276,6.3,0.149,,77.0,9530.0,0.81,58.0,4.0,0.6053,0.5777,1,MEDIUM
DEF-10901,Sepoy,1,Counter-Insurgency,92,18.7,12.0,0.9,4,0.0,0.019,0.165,0.659,0.396,0.371,0.455,5.5,0.175,,82.0,,0.67,70.0,3.5,0.3614,0.3668,1,MEDIUM
DEF-10902,Sepoy,1,High Altitude (Siachen/Ladakh),62,15.1,9.0,0.85,3,0.0,0.15,,0.768,0.373,,0.274,5.1,,,77.0,7527.0,0.86,53.0,3.0,0.6338,0.5514,1,MEDIUM
DEF-10903,Naik,1,Field Outpost,22,13.9,10.0,0.45,2,0.0,0.282,,0.978,,0.384,0.245,6.3,0.249,63.2,70.0,11520.0,,98.0,,0.3623,0.2936,0,LOW
DEF-10904,Sepoy,1,Peace Station,63,16.4,13.0,0.15,2,0.0,0.43,,0.608,0.444,0.455,0.385,7.2,,55.4,,6659.0,0.78,72.0,3.0,0.0965,0.0897,0,LOW
DEF-10905,Subedar,3,High Altitude (Siachen/Ladakh),99,32.3,13.0,0.85,1,0.0,0.247,,0.612,0.402,0.785,0.501,7.1,0.239,40.9,,9012.0,,60.0,,0.7792,0.7566,2,HIGH
DEF-10906,Havildar,2,Counter-Insurgency,43,10.0,7.0,0.9,2,0.0,0.443,0.177,0.638,0.574,0.527,0.354,6.8,0.224,48.5,80.0,10557.0,0.89,62.0,,0.3665,0.2858,0,LOW
DEF-10907,Sepoy,1,Peace Station,98,31.5,,0.15,1,0.0,0.414,-0.032,0.479,,0.384,0.384,7.2,0.271,51.0,,10044.0,0.76,42.0,2.5,0.3563,0.425,1,MEDIUM
DEF-10908,Sepoy,1,Field Outpost,65,21.2,19.0,0.45,2,0.0,0.681,-0.376,0.59,0.619,0.409,,6.9,,53.1,77.0,5732.0,0.75,,3.3,0.3764,0.388,1,MEDIUM
DEF-10909,Sepoy,1,Peace Station,95,17.1,16.0,0.15,2,2.0,0.279,-0.161,0.364,0.535,,0.381,6.6,,48.3,72.0,,,64.0,3.3,0.4594,0.4808,1,MEDIUM
DEF-10910,Naik,1,Field Outpost,75,18.7,12.0,0.45,1,0.0,0.219,-0.219,0.627,0.648,0.361,,,0.244,38.7,76.0,9352.0,0.64,,4.1,0.7423,0.6531,2,HIGH
DEF-10911,Sepoy,1,Field Outpost,32,0.0,9.0,0.45,1,0.0,0.338,-0.26,,0.549,0.446,,7.3,0.294,66.7,60.0,6398.0,,39.0,1.4,0.1144,0.1112,0,LOW
DEF-10912,Naik,1,Counter-Insurgency,51,11.8,,0.9,1,0.0,0.469,-0.389,0.694,1.0,0.77,0.75,5.7,0.158,41.1,81.0,8938.0,,94.0,4.0,0.7492,0.598,2,HIGH
DEF-10913,Sepoy,1,Peace Station,50,8.3,13.0,0.15,1,0.0,0.814,-0.021,,0.616,0.41,0.162,6.9,0.295,59.5,,,0.77,38.0,2.4,0.1737,0.3053,0,LOW
DEF-10914,Naik,1,Field Outpost,41,32.0,11.0,0.45,2,,0.547,,,0.437,0.498,0.518,5.7,0.229,42.2,77.0,4406.0,0.86,93.0,4.5,0.4291,0.3539,1,MEDIUM
DEF-10915,Sepoy,1,Counter-Insurgency,72,11.1,23.0,0.9,4,2.0,0.17,-0.154,0.933,0.745,0.274,,,,54.5,72.0,6402.0,0.7,,1.7,0.6964,0.7661,2,HIGH
DEF-10916,Sepoy,1,Field Outpost,171,13.7,11.0,0.45,3,1.0,0.788,0.06,1.0,0.514,,0.351,,0.273,56.5,69.0,5185.0,0.64,81.0,,0.6228,0.6248,1,MEDIUM
DEF-10917,Major,4,Counter-Insurgency,113,13.6,9.0,0.9,1,0.0,0.224,,0.962,0.575,0.435,0.332,6.9,0.257,38.4,78.0,6835.0,0.52,62.0,2.3,0.5581,0.5303,1,MEDIUM
DEF-10918,Havildar,2,Peace Station,122,2.9,12.0,0.15,1,0.0,0.373,0.047,0.282,,0.208,0.051,7.3,0.361,53.1,59.0,12640.0,0.89,22.0,2.4,0.0816,0.2036,0,LOW
DEF-10919,Sepoy,1,Counter-Insurgency,40,,9.0,0.9,2,2.0,0.619,0.031,,0.406,0.566,0.196,7.9,0.316,,66.0,7203.0,0.75,53.0,,0.1001,0.1539,0,LOW
DEF-10920,Subedar,3,Peace Station,123,20.9,21.0,0.15,2,0.0,0.766,,0.49,0.378,0.644,0.42,7.4,,47.8,61.0,13989.0,0.62,83.0,3.3,0.0697,0.2648,0,LOW
DEF-10921,Naik,1,Counter-Insurgency,145,0.0,14.0,0.9,2,1.0,0.253,-0.003,0.347,0.318,0.196,,8.4,0.252,56.7,65.0,8535.0,0.72,36.0,2.2,0.1007,0.2906,0,LOW
DEF-10922,Subedar,3,Peace Station,39,16.6,18.0,0.15,1,3.0,0.099,-0.044,0.379,0.659,0.419,0.43,7.0,,66.3,76.0,11859.0,,69.0,3.4,0.5004,0.5041,1,MEDIUM
DEF-10923,Havildar,2,Field Outpost,80,6.3,15.0,0.45,1,0.0,0.437,,0.661,0.479,0.316,0.024,,0.252,51.0,66.0,8470.0,,59.0,,0.3185,0.3706,0,LOW
DEF-10924,Sepoy,1,Peace Station,81,25.0,13.0,0.15,1,0.0,0.205,0.129,,0.537,0.31,0.467,6.4,,52.3,,8301.0,0.7,52.0,2.9,0.2644,0.195,0,LOW
DEF-10925,Sepoy,1,Field Outpost,54,17.4,10.0,0.45,2,0.0,0.643,-0.358,0.435,,0.593,0.351,7.2,0.202,,68.0,9239.0,,45.0,3.5,0.3109,0.3364,0,LOW
DEF-10926,Sepoy,1,Peace Station,69,1.1,13.0,0.15,3,0.0,0.701,0.061,,0.514,,,7.1,0.233,55.1,,10052.0,0.9,47.0,,0.2304,0.198,0,LOW
DEF-10927,Naik,1,Counter-Insurgency,84,10.5,8.0,0.9,3,,0.345,-0.105,,0.515,0.97,0.145,6.6,0.24,50.9,69.0,,0.85,86.0,3.8,0.2472,0.2222,0,LOW
DEF-10928,Naik,1,Peace Station,56,17.9,13.0,0.15,2,0.0,0.5,0.142,0.514,0.548,0.71,0.339,5.8,0.218,47.9,61.0,,0.58,61.0,3.0,0.4439,0.3839,1,MEDIUM
DEF-10929,Sepoy,1,High Altitude (Siachen/Ladakh),110,11.4,11.0,0.85,3,0.0,0.365,-0.295,0.437,0.593,0.601,0.322,7.1,0.245,66.0,74.0,11095.0,0.78,59.0,2.8,0.2597,0.3833,0,LOW
DEF-10930,Sepoy,1,Peace Station,26,15.2,14.0,0.15,4,0.0,0.027,0.08,0.297,,0.119,0.138,6.7,,,,7432.0,,42.0,,0.2379,0.3053,0,LOW
DEF-10931,Havildar,2,High Altitude (Siachen/Ladakh),50,13.8,21.0,0.85,3,0.0,0.267,-0.112,0.786,0.868,1.0,0.645,6.1,0.167,25.4,91.0,4422.0,0.65,104.0,,0.8461,0.6725,2,HIGH
DEF-10932,Colonel,4,Field Outpost,93,21.4,15.0,0.45,3,1.0,,0.078,0.754,0.453,0.807,,5.2,,40.0,75.0,9734.0,,78.0,3.5,0.7177,0.7096,2,HIGH
DEF-10933,Naik,1,Counter-Insurgency,161,17.7,,0.9,4,1.0,0.268,-0.534,,,0.438,0.394,7.0,0.237,56.4,,9194.0,0.63,,3.0,0.3931,0.5034,1,MEDIUM
DEF-10934,Sepoy,1,Field Outpost,114,13.6,10.0,0.45,1,0.0,,-0.281,0.202,0.242,0.252,0.201,7.0,0.341,,73.0,,0.97,45.0,2.8,0.0456,0.2232,0,LOW
DEF-10935,Sepoy,1,Peace Station,68,14.2,10.0,0.15,1,1.0,0.484,0.221,,0.68,,,,0.257,57.2,,,0.79,100.0,3.7,0.3097,0.263,0,LOW
DEF-10936,Sepoy,1,Peace Station,58,4.8,9.0,0.15,4,0.0,0.636,0.28,0.506,0.511,0.351,0.169,7.1,0.183,,80.0,13160.0,,,2.0,0.5888,0.4561,1,MEDIUM
DEF-10937,Subedar,3,High Altitude (Siachen/Ladakh),52,26.5,15.0,0.85,2,0.0,0.634,,0.836,0.868,,0.56,,,38.1,,,0.64,84.0,3.6,0.7011,0.734,2,HIGH
DEF-10938,Sepoy,1,High Altitude (Siachen/Ladakh),52,39.2,11.0,0.85,3,1.0,0.338,-0.24,0.91,0.496,0.416,0.552,,,,79.0,,0.51,95.0,2.8,0.9588,0.8204,2,HIGH
DEF-10939,Naik,1,High Altitude (Siachen/Ladakh),17,11.2,9.0,0.85,3,0.0,0.34,-0.027,,0.374,0.404,0.281,,0.199,45.1,78.0,13084.0,,42.0,3.9,0.2285,0.2304,0,LOW
DEF-10940,Sepoy,1,Peace Station,158,14.4,13.0,0.15,1,0.0,0.544,-0.525,,0.905,0.753,0.14,5.4,0.16,38.6,78.0,9917.0,0.64,60.0,3.4,0.2418,0.3782,0,LOW
DEF-10941,Naik,1,Field Outpost,60,22.6,9.0,0.45,2,0.0,0.124,-0.285,0.46,0.459,,0.457,4.8,,51.2,81.0,10833.0,0.65,73.0,,0.7836,0.7193,2,HIGH
DEF-10942,Naik,1,Counter-Insurgency,37,22.6,9.0,0.9,2,1.0,0.451,0.116,0.669,0.444,0.576,0.435,7.3,,43.7,78.0,8963.0,0.77,72.0,2.4,0.5204,0.5127,1,MEDIUM
DEF-10943,Havildar,2,Peace Station,79,15.5,14.0,0.15,1,0.0,0.494,-0.212,,0.678,0.425,0.315,5.9,0.154,41.9,,10487.0,0.61,72.0,3.6,0.4442,0.4067,1,MEDIUM
DEF-10944,Sepoy,1,Peace Station,39,5.7,12.0,0.15,1,1.0,0.234,0.064,0.429,0.527,0.772,0.327,6.0,0.188,,74.0,10426.0,0.65,78.0,3.8,0.4676,0.3863,1,MEDIUM
DEF-10945,Sepoy,1,High Altitude (Siachen/Ladakh),104,29.5,9.0,0.85,2,0.0,0.156,0.079,0.873,,,,5.7,0.196,,70.0,8933.0,0.51,77.0,2.9,0.772,0.7402,2,HIGH
DEF-10946,Sepoy,1,Peace Station,38,19.8,8.0,0.15,1,0.0,0.605,0.301,0.3,,0.242,0.296,,0.216,,68.0,9260.0,0.75,,2.5,0.4365,0.3323,1,MEDIUM
DEF-10947,Subedar,3,High Altitude (Siachen/Ladakh),96,15.9,17.0,0.85,1,0.0,0.225,,,0.642,0.543,0.574,5.8,,33.4,82.0,,0.71,,,0.6594,0.6811,1,MEDIUM
DEF-10948,Subedar,3,Field Outpost,52,7.9,14.0,0.45,1,,0.303,-0.28,1.0,,0.385,0.398,6.3,0.238,60.5,72.0,13653.0,,73.0,3.4,0.3031,0.3473,0,LOW
DEF-10949,Naik,1,Counter-Insurgency,74,14.5,18.0,0.9,3,0.0,0.056,-0.315,0.744,,0.634,0.478,5.6,0.157,37.3,74.0,9776.0,0.54,,3.5,0.6058,0.6244,1,MEDIUM
DEF-10950,Naik,1,Counter-Insurgency,100,0.0,8.0,0.9,3,0.0,0.135,-0.307,0.648,0.494,,0.09,,,61.7,66.0,14053.0,0.79,51.0,,0.5215,0.4528,1,MEDIUM
DEF-10951,Naik,1,High Altitude (Siachen/Ladakh),44,20.3,9.0,0.85,2,0.0,0.552,-0.516,0.548,0.379,0.425,0.289,6.7,,50.2,,12769.0,0.68,96.0,2.4,0.4493,0.3863,1,MEDIUM
DEF-10952,Sepoy,1,Peace Station,99,22.4,12.0,0.15,2,0.0,0.609,-0.123,0.572,0.965,0.522,0.569,6.1,0.207,,72.0,9182.0,,100.0,3.3,0.6423,0.6121,1,MEDIUM
DEF-10953,Subedar,3,Peace Station,17,16.0,9.0,0.15,4,0.0,0.354,-0.106,,0.43,0.266,0.188,,0.291,51.7,62.0,10102.0,0.75,43.0,3.2,0.1738,0.1102,0,LOW
DEF-10954,Sepoy,1,Counter-Insurgency,139,5.8,12.0,0.9,1,1.0,0.502,-0.206,,0.712,0.524,0.151,6.7,,51.4,,7341.0,0.84,48.0,3.4,0.2229,0.2618,0,LOW
DEF-10955,Sepoy,1,Field Outpost,108,17.8,14.0,0.45,1,1.0,,,,0.453,0.425,0.456,6.0,0.266,48.3,68.0,8098.0,,62.0,,0.4475,0.5164,1,MEDIUM
DEF-10956,Naik,1,High Altitude (Siachen/Ladakh),59,20.7,6.0,0.85,1,1.0,,,0.586,0.472,0.452,0.345,5.3,0.236,45.5,68.0,11078.0,0.71,57.0,,0.5624,0.5324,1,MEDIUM
DEF-10957,Sepoy,1,Field Outpost,119,7.7,11.0,0.45,1,1.0,0.563,0.351,0.332,0.614,0.523,0.255,7.1,0.28,,74.0,5869.0,0.72,80.0,3.8,0.2456,0.2405,0,LOW
DEF-10958,Sepoy,1,Peace Station,112,21.9,15.0,0.15,1,0.0,0.073,-0.182,,0.318,,0.47,5.8,0.21,,67.0,3606.0,0.68,39.0,2.6,0.437,0.5059,1,MEDIUM
DEF-10959,Havildar,2,Peace Station,62,18.5,19.0,0.15,1,0.0,0.268,,0.592,0.561,0.306,0.215,6.7,0.226,53.7,,6763.0,0.79,50.0,2.0,0.4294,0.4193,1,MEDIUM
DEF-10960,Sepoy,1,Peace Station,62,11.7,11.0,0.15,1,1.0,,0.204,0.458,0.376,0.557,0.246,7.6,0.284,,58.0,11628.0,0.85,42.0,2.5,0.0787,0.1753,0,LOW
DEF-10961,Naik,1,High Altitude (Siachen/Ladakh),34,9.3,14.0,0.85,2,1.0,0.758,0.19,0.343,,0.279,0.263,7.3,0.256,45.7,62.0,,0.68,52.0,,0.181,0.1887,0,LOW
DEF-10962,Sepoy,1,High Altitude (Siachen/Ladakh),64,12.5,19.0,0.85,1,0.0,0.356,-0.43,0.882,0.508,0.572,0.318,6.4,0.216,,77.0,6847.0,0.78,70.0,2.9,0.3712,0.4021,1,MEDIUM
DEF-10963,Sepoy,1,Peace Station,22,5.7,16.0,0.15,2,0.0,0.396,,0.505,,0.639,,6.8,0.27,43.3,67.0,11389.0,1.0,,2.8,0.0657,0.0651,0,LOW
DEF-10964,Sepoy,1,Field Outpost,95,16.2,16.0,0.45,2,0.0,0.195,-0.213,0.532,0.695,,,6.6,0.261,58.0,81.0,11988.0,,,4.2,0.1894,0.37,0,LOW
DEF-10965,Sepoy,1,Counter-Insurgency,96,18.7,10.0,0.9,1,0.0,0.089,-0.634,0.459,0.517,0.988,0.524,,0.187,35.3,70.0,11505.0,0.77,93.0,,0.9731,0.8266,2,HIGH
DEF-10966,Havildar,2,High Altitude (Siachen/Ladakh),17,23.9,9.0,0.85,3,0.0,0.302,-0.206,0.676,0.607,0.751,0.44,,0.241,37.2,72.0,5738.0,,60.0,2.9,0.6141,0.499,1,MEDIUM
DEF-10967,Sepoy,1,Field Outpost,132,16.5,10.0,0.45,2,1.0,0.266,0.043,0.562,0.616,0.778,0.321,6.4,,55.7,78.0,9598.0,0.65,69.0,3.1,0.5679,0.5932,1,MEDIUM
DEF-10968,Naik,1,Peace Station,42,17.3,17.0,0.15,1,0.0,0.284,-0.204,0.293,0.564,0.967,,5.2,0.253,51.5,67.0,9763.0,0.7,,3.0,0.7778,0.6444,2,HIGH
DEF-10969,Naik,1,Counter-Insurgency,251,11.7,16.0,0.9,1,0.0,0.395,,,0.665,0.406,,,0.135,48.0,73.0,20366.0,0.68,83.0,3.3,0.6515,0.6866,1,MEDIUM
DEF-10970,Naik,1,Field Outpost,71,6.6,5.0,0.45,3,0.0,0.088,0.235,0.469,,0.387,0.175,7.1,0.259,47.6,64.0,5347.0,0.83,52.0,,0.236,0.2361,0,LOW
DEF-10971,Major,4,Counter-Insurgency,133,10.3,13.0,0.9,3,1.0,0.405,,0.619,0.467,0.355,0.188,7.0,,62.9,,4925.0,0.69,69.0,4.5,0.2013,0.2978,0,LOW
DEF-10972,Havildar,2,High Altitude (Siachen/Ladakh),33,26.1,9.0,0.85,2,0.0,0.039,-0.353,,1.0,0.54,0.444,5.2,0.248,51.8,87.0,1200.0,,94.0,2.9,0.3814,0.3073,1,MEDIUM
DEF-10973,Sepoy,1,High Altitude (Siachen/Ladakh),52,19.4,14.0,0.85,1,0.0,0.702,-0.158,0.718,,0.745,0.521,5.2,0.235,,75.0,7040.0,,66.0,4.7,0.8434,0.6489,2,HIGH
DEF-10974,Sepoy,1,Counter-Insurgency,44,17.5,15.0,0.9,2,0.0,0.379,-0.039,0.482,0.513,0.671,0.318,6.6,0.18,,71.0,7363.0,0.71,63.0,3.2,0.2452,0.2735,0,LOW
DEF-10975,Sepoy,1,High Altitude (Siachen/Ladakh),21,0.0,10.0,0.85,2,0.0,0.183,0.086,0.556,0.686,0.594,,6.3,0.225,58.6,60.0,9198.0,0.61,55.0,3.0,0.6009,0.4511,1,MEDIUM
DEF-10976,Naik,1,Peace Station,26,16.7,16.0,0.15,3,0.0,0.094,0.264,0.469,0.405,0.772,0.297,6.0,,47.9,70.0,,0.75,50.0,,0.2945,0.3175,0,LOW
DEF-10977,Sepoy,1,Peace Station,58,2.7,15.0,0.15,2,1.0,,0.229,0.49,0.164,0.097,0.029,8.0,,,68.0,8544.0,0.71,42.0,,0.1485,0.1405,0,LOW
DEF-10978,Naik,1,Peace Station,78,3.3,13.0,0.15,1,0.0,0.516,,,0.711,0.752,0.255,7.1,0.295,54.7,,6888.0,0.85,39.0,2.5,0.02,0.1896,0,LOW
DEF-10979,Naik,1,Peace Station,31,4.3,8.0,0.15,1,0.0,0.468,-0.384,0.252,0.232,0.628,0.198,7.1,0.289,57.7,,8837.0,0.74,43.0,3.7,0.0681,0.1007,0,LOW
DEF-10980,Sepoy,1,Peace Station,50,7.4,16.0,0.15,1,0.0,0.424,,0.8,0.557,0.698,0.331,5.4,0.181,43.9,73.0,9595.0,0.44,79.0,4.1,0.2973,0.32,0,LOW
DEF-10981,Havildar,2,Field Outpost,39,21.1,9.0,0.45,2,0.0,0.2,,,0.52,0.491,0.471,6.0,,48.4,81.0,6827.0,0.73,64.0,3.1,0.2143,0.1755,0,LOW
DEF-10982,Sepoy,1,Peace Station,60,15.9,11.0,0.15,1,0.0,0.278,-0.089,0.065,0.163,,,7.3,0.311,,58.0,,,27.0,2.5,0.02,0.089,0,LOW
DEF-10983,Sepoy,1,Field Outpost,91,6.0,12.0,0.45,2,0.0,0.419,0.228,0.385,0.36,0.292,0.236,7.4,,,71.0,9205.0,0.69,,3.8,0.1276,0.21,0,LOW
DEF-10984,Havildar,2,Counter-Insurgency,66,9.1,16.0,0.9,2,0.0,0.398,,0.317,,0.368,0.012,7.6,,54.5,65.0,8354.0,0.66,51.0,2.6,0.3253,0.2572,0,LOW
DEF-10985,Naik,1,High Altitude (Siachen/Ladakh),43,18.2,10.0,0.85,1,1.0,0.157,0.115,0.998,0.739,0.579,0.265,7.0,,49.4,74.0,,0.61,,3.6,0.2602,0.3196,0,LOW
DEF-10986,Naik,1,Counter-Insurgency,110,19.9,21.0,0.9,2,0.0,,-0.333,0.578,0.592,0.712,0.533,,0.239,37.7,78.0,7434.0,,133.0,4.2,0.8296,0.8409,2,HIGH
DEF-10987,Sepoy,1,Peace Station,76,15.1,11.0,0.15,2,1.0,0.717,0.138,0.19,0.546,0.56,0.129,,0.304,53.0,66.0,7513.0,,41.0,2.6,0.1423,0.2749,0,LOW
DEF-10988,Sepoy,1,Field Outpost,67,4.2,17.0,0.45,2,,0.348,0.162,0.149,0.495,0.546,0.082,8.3,0.199,,65.0,7743.0,0.83,32.0,2.1,0.0644,0.199,0,LOW
DEF-10989,Havildar,2,Peace Station,31,10.5,13.0,0.15,3,1.0,0.212,0.017,0.299,,0.45,0.258,6.6,0.199,49.1,75.0,8646.0,,53.0,2.7,0.4322,0.3645,1,MEDIUM
DEF-10990,Havildar,2,Field Outpost,104,34.2,14.0,0.45,2,0.0,0.582,-0.312,0.887,0.64,0.798,0.471,7.3,,35.7,78.0,6139.0,0.7,62.0,3.4,0.6025,0.5468,1,MEDIUM
DEF-10991,Naik,1,Field Outpost,81,3.7,10.0,0.45,1,0.0,0.23,-0.344,0.39,0.478,0.56,0.208,6.3,0.217,66.7,73.0,,0.71,51.0,3.3,0.3275,0.3545,0,LOW
DEF-10992,Sepoy,1,Peace Station,83,17.2,18.0,0.15,3,1.0,0.161,-0.092,0.265,0.584,0.66,0.055,7.0,0.235,62.4,63.0,9861.0,0.83,45.0,2.3,0.184,0.2499,0,LOW
DEF-10993,Naik,1,Peace Station,54,32.0,14.0,0.15,3,0.0,0.261,-0.015,0.418,0.314,0.841,0.403,6.8,0.183,58.7,57.0,,0.46,86.0,3.8,0.3234,0.2888,0,LOW
DEF-10994,Sepoy,1,High Altitude (Siachen/Ladakh),48,11.7,11.0,0.85,3,0.0,0.301,-0.356,,0.709,,0.593,6.0,,52.0,73.0,5791.0,,73.0,3.7,0.5828,0.4846,1,MEDIUM
DEF-10995,Sepoy,1,High Altitude (Siachen/Ladakh),158,29.6,11.0,0.85,2,0.0,0.18,0.139,0.477,0.463,0.36,0.415,7.4,0.264,,,,0.82,58.0,2.8,0.2827,0.4155,0,LOW
DEF-10996,Subedar,3,Field Outpost,48,8.2,9.0,0.45,1,0.0,0.339,,0.593,0.349,0.55,,7.9,0.251,41.9,71.0,11772.0,0.74,128.0,,0.6416,0.554,1,MEDIUM
DEF-10997,Sepoy,1,Peace Station,27,0.0,18.0,0.15,1,0.0,0.829,0.05,,0.325,0.467,,8.1,0.294,,61.0,7883.0,0.84,53.0,1.6,0.1113,0.1559,0,LOW
DEF-10998,Major,4,Field Outpost,69,,7.0,0.45,2,0.0,0.321,,0.251,0.547,0.524,0.11,7.7,0.253,52.4,56.0,10578.0,0.85,40.0,3.2,0.2258,0.3666,0,LOW
DEF-10999,Sepoy,1,Peace Station,62,7.6,5.0,0.15,1,0.0,0.268,,0.035,0.168,0.448,0.167,6.6,,65.5,71.0,6321.0,0.88,171.0,2.0,0.1102,0.1775,0,LOW
DEF-11000,Sepoy,1,Counter-Insurgency,113,0.0,13.0,0.9,3,0.0,0.073,0.033,0.566,,0.664,0.141,6.6,0.243,,,14399.0,,65.0,2.7,0.1897,0.2152,0,LOW
DEF-11001,Naik,1,Counter-Insurgency,57,10.5,11.0,0.9,1,,,0.438,0.421,0.76,0.64,0.169,,,53.1,,6442.0,,,2.4,0.2267,0.2189,0,LOW
DEF-11002,Subedar,3,Peace Station,89,22.4,10.0,0.15,2,2.0,0.378,,,0.194,0.443,0.328,7.1,0.241,52.9,57.0,11055.0,0.9,37.0,,0.3006,0.3518,0,LOW
DEF-11003,Havildar,2,Peace Station,137,8.9,9.0,0.15,2,0.0,,0.033,,0.357,0.723,0.294,7.6,0.192,55.0,,,0.78,67.0,1.9,0.3193,0.3441,0,LOW
DEF-11004,Havildar,2,Field Outpost,78,10.8,13.0,0.45,2,0.0,0.235,-0.2,0.403,0.559,0.707,0.088,,,55.9,72.0,,0.6,80.0,2.9,0.2266,0.3613,0,LOW
DEF-11005,Naik,1,Peace Station,32,25.6,10.0,0.15,3,0.0,0.464,-0.626,,0.46,0.304,0.495,6.6,0.258,37.4,78.0,12917.0,0.72,,4.2,0.6891,0.5117,1,MEDIUM
DEF-11006,Naik,1,Counter-Insurgency,17,7.6,9.0,0.9,2,0.0,0.502,-0.745,0.438,0.516,0.907,0.271,7.7,0.144,61.9,72.0,10493.0,,67.0,2.4,0.4623,0.448,1,MEDIUM
DEF-11007,Havildar,2,High Altitude (Siachen/Ladakh),79,19.3,14.0,0.85,1,0.0,0.131,-0.45,0.747,1.0,0.838,0.554,6.0,,43.0,,,0.59,80.0,4.4,0.4585,0.396,1,MEDIUM
DEF-11008,Sepoy,1,Peace Station,50,0.0,,0.15,1,0.0,0.645,0.48,,0.812,,0.107,7.2,0.229,,65.0,,,54.0,3.2,0.076,0.2312,0,LOW
DEF-11009,Naik,1,Peace Station,72,5.8,13.0,0.15,3,1.0,0.919,-0.2,,0.272,0.515,0.093,6.6,0.27,52.1,71.0,,,,1.6,0.1775,0.1865,0,LOW
DEF-11010,Sepoy,1,High Altitude (Siachen/Ladakh),62,,17.0,0.85,3,0.0,,-0.498,0.638,0.483,1.0,0.345,6.2,0.189,,,10180.0,0.63,76.0,3.9,0.7257,0.6455,2,HIGH
DEF-11011,Colonel,4,Field Outpost,27,24.3,15.0,0.45,1,0.0,0.148,-0.121,0.598,0.687,0.507,0.359,6.6,0.176,52.0,75.0,6085.0,0.66,,3.3,0.4983,0.4799,1,MEDIUM
DEF-11012,Major,4,Field Outpost,57,6.2,8.0,0.45,1,0.0,0.449,-0.162,,,0.632,0.413,5.8,0.182,41.0,80.0,4750.0,,,2.9,0.4628,0.4235,1,MEDIUM
DEF-11013,Sepoy,1,Peace Station,31,6.1,11.0,0.15,1,0.0,0.499,0.27,,0.485,,0.094,6.6,0.223,,62.0,,0.86,35.0,1.4,0.1332,0.0696,0,LOW
DEF-11014,Havildar,2,Peace Station,46,16.3,16.0,0.15,4,0.0,0.277,0.209,0.483,0.747,0.486,,5.4,0.233,41.2,72.0,,0.75,61.0,3.1,0.5533,0.5063,1,MEDIUM
DEF-11015,Subedar,3,High Altitude (Siachen/Ladakh),104,17.7,13.0,0.85,1,0.0,0.361,,0.614,0.644,0.428,0.426,6.3,0.197,42.6,71.0,8828.0,,128.0,4.4,0.5667,0.6086,1,MEDIUM
DEF-11016,Sepoy,1,Field Outpost,65,5.2,15.0,0.45,1,0.0,0.515,0.021,0.818,0.647,0.578,0.347,5.8,,,81.0,9685.0,0.6,,4.7,0.4345,0.3887,1,MEDIUM
DEF-11017,Naik,1,Peace Station,86,9.6,12.0,0.15,1,0.0,0.616,0.144,0.799,0.278,0.27,0.254,6.7,0.229,30.9,77.0,8478.0,0.77,95.0,3.5,0.1173,0.2476,0,LOW
DEF-11018,Subedar,3,Peace Station,68,23.2,10.0,0.15,3,0.0,0.164,-0.125,0.965,,0.49,0.244,7.9,0.273,67.8,61.0,,0.8,61.0,3.9,0.1769,0.2241,0,LOW
DEF-11019,Sepoy,1,Field Outpost,52,,15.0,0.45,3,2.0,0.154,,0.462,0.234,0.661,0.14,8.6,,,61.0,7426.0,,37.0,,0.1685,0.1724,0,LOW
DEF-11020,Naik,1,High Altitude (Siachen/Ladakh),72,16.9,16.0,0.85,1,0.0,0.696,-0.468,,,0.522,0.481,6.5,0.128,48.3,75.0,10137.0,0.67,,3.2,0.8086,0.7094,2,HIGH
DEF-11021,Sepoy,1,Peace Station,19,9.6,6.0,0.15,1,0.0,0.229,0.339,0.342,0.379,0.281,0.181,,0.198,41.1,60.0,9736.0,0.87,63.0,3.4,0.3236,0.332,0,LOW
DEF-11022,Subedar,3,High Altitude (Siachen/Ladakh),95,25.9,14.0,0.85,2,1.0,0.171,-0.351,0.614,0.886,0.882,0.326,6.5,0.209,38.4,,8828.0,,95.0,2.4,0.6564,0.5659,1,MEDIUM
DEF-11023,Major,4,Peace Station,37,18.9,19.0,0.15,1,0.0,0.26,-0.208,,0.627,0.663,,7.0,,49.9,69.0,8349.0,,55.0,3.2,0.2192,0.2393,0,LOW
DEF-11024,Major,4,Peace Station,83,21.5,12.0,0.15,1,2.0,0.36,-0.008,,0.491,0.571,0.298,7.0,,54.3,67.0,4974.0,,49.0,2.0,0.0769,0.1189,0,LOW
DEF-11025,Naik,1,High Altitude (Siachen/Ladakh),51,9.4,,0.85,3,0.0,0.535,-0.461,,0.426,0.53,0.239,5.4,0.272,49.8,82.0,9262.0,,59.0,3.7,0.4625,0.45,1,MEDIUM
DEF-11026,Subedar,3,High Altitude (Siachen/Ladakh),27,21.0,11.0,0.85,3,0.0,0.35,0.32,0.289,0.278,0.537,0.319,,0.255,53.2,73.0,13109.0,,,3.9,0.3149,0.2161,0,LOW
DEF-11027,Havildar,2,Peace Station,41,20.8,12.0,0.15,4,1.0,0.375,0.215,0.257,0.212,0.647,0.273,7.3,,51.3,68.0,11844.0,0.63,37.0,2.0,0.0474,0.01,0,LOW
DEF-11028,Sepoy,1,Peace Station,84,18.4,9.0,0.15,2,0.0,0.204,-0.082,,,,0.527,7.0,0.273,59.1,82.0,13543.0,0.62,88.0,,0.1286,0.2025,0,LOW
DEF-11029,Havildar,2,Peace Station,186,11.6,14.0,0.15,1,1.0,0.058,,0.402,0.17,0.344,0.037,,,67.8,60.0,7708.0,0.89,62.0,1.2,0.0872,0.296,0,LOW
DEF-11030,Sepoy,1,High Altitude (Siachen/Ladakh),60,15.4,,0.85,3,1.0,0.436,-0.474,0.437,0.817,0.729,0.374,6.8,0.218,,68.0,8343.0,0.71,82.0,3.3,0.9043,0.7002,2,HIGH
DEF-11031,Naik,1,Peace Station,174,0.0,10.0,0.15,1,0.0,0.552,0.465,0.273,,0.27,0.0,,0.318,57.9,67.0,14496.0,0.83,34.0,2.5,0.0852,0.2354,0,LOW
DEF-11032,Sepoy,1,Peace Station,19,29.0,4.0,0.15,1,0.0,0.115,,0.87,0.891,0.525,0.478,6.7,0.154,,82.0,7461.0,0.7,83.0,,0.5122,0.4544,1,MEDIUM
DEF-11033,Sepoy,1,Peace Station,53,8.9,16.0,0.15,1,0.0,,-0.425,0.506,0.889,0.477,0.325,7.1,,,71.0,,,64.0,4.0,0.2673,0.2537,0,LOW
DEF-11034,Sepoy,1,Field Outpost,60,11.2,10.0,0.45,4,0.0,0.924,-0.266,0.305,0.269,0.822,0.276,6.6,0.282,,66.0,10726.0,0.74,63.0,3.0,0.1433,0.1609,0,LOW
DEF-11035,Naik,1,High Altitude (Siachen/Ladakh),86,2.8,14.0,0.85,3,0.0,0.078,-0.243,0.791,0.794,0.408,0.169,7.8,,63.8,67.0,,0.67,51.0,3.5,0.3553,0.348,1,MEDIUM
DEF-11036,Sepoy,1,Peace Station,42,19.7,,0.15,1,0.0,0.142,-0.209,0.561,,0.253,,6.4,0.24,52.3,81.0,9140.0,,44.0,2.0,0.4089,0.338,1,MEDIUM
DEF-11037,Havildar,2,Field Outpost,76,18.5,15.0,0.45,1,0.0,,0.224,0.492,,0.654,0.434,7.0,0.246,60.2,75.0,3192.0,,76.0,3.1,0.4361,0.4992,1,MEDIUM
DEF-11038,Sepoy,1,Peace Station,55,11.5,9.0,0.15,3,,,-0.326,0.495,0.936,0.301,0.28,7.1,,,66.0,10960.0,0.81,68.0,2.7,0.5126,0.4258,1,MEDIUM
DEF-11039,Sepoy,1,Field Outpost,122,0.0,11.0,0.45,3,1.0,0.181,0.237,,,0.561,0.262,5.6,0.157,32.6,70.0,9453.0,0.44,76.0,3.8,0.6826,0.6319,1,MEDIUM
DEF-11040,Naik,1,Peace Station,70,8.0,5.0,0.15,2,0.0,0.35,0.668,0.471,0.18,0.314,0.059,7.4,0.329,60.1,,9485.0,0.93,100.0,1.7,0.1024,0.0837,0,LOW
DEF-11041,Havildar,2,Peace Station,239,17.9,17.0,0.15,1,0.0,0.577,0.109,,0.681,0.489,0.384,6.6,,51.8,71.0,6936.0,,51.0,2.9,0.1209,0.3448,0,LOW
DEF-11042,Sepoy,1,Field Outpost,55,16.1,13.0,0.45,2,0.0,0.738,0.08,0.588,0.306,0.383,,7.2,0.24,58.4,,7501.0,,51.0,2.5,0.2038,0.2967,0,LOW
DEF-11043,Naik,1,High Altitude (Siachen/Ladakh),118,13.6,13.0,0.85,2,1.0,0.465,0.135,0.507,0.867,0.506,0.318,6.7,,46.8,75.0,5604.0,0.8,73.0,,0.1835,0.2294,0,LOW
DEF-11044,Subedar,3,High Altitude (Siachen/Ladakh),139,10.4,7.0,0.85,4,0.0,0.669,-0.172,0.545,,0.544,0.243,7.6,0.297,59.8,59.0,6549.0,0.86,73.0,2.3,0.399,0.3988,1,MEDIUM
DEF-11045,Naik,1,Field Outpost,8,0.6,14.0,0.45,1,3.0,0.542,-0.241,,0.307,0.131,0.256,6.6,0.232,49.4,76.0,9261.0,0.81,43.0,2.5,0.3048,0.2824,0,LOW
DEF-11046,Sepoy,1,Peace Station,95,,13.0,0.15,2,1.0,,,0.89,0.556,0.622,,,,,70.0,13055.0,0.54,70.0,2.6,0.3518,0.4257,1,MEDIUM
DEF-11047,Sepoy,1,Peace Station,26,1.8,12.0,0.15,1,1.0,,-0.289,,0.566,0.144,0.022,5.7,0.21,,,13629.0,0.77,,,0.0432,0.1714,0,LOW
DEF-11048,Subedar,3,Field Outpost,54,12.3,14.0,0.45,2,0.0,0.379,-0.306,0.531,0.903,0.68,0.375,6.6,0.165,30.6,76.0,8762.0,,60.0,2.9,0.6709,0.632,1,MEDIUM
DEF-11049,Sepoy,1,Counter-Insurgency,29,5.2,13.0,0.9,1,0.0,0.642,0.274,0.648,0.289,0.385,0.135,,0.241,,61.0,,0.58,85.0,2.4,0.2537,0.1692,0,LOW
DEF-11050,Subedar,3,Counter-Insurgency,123,22.4,9.0,0.9,3,4.0,0.242,-0.021,0.411,0.377,0.399,0.5,,0.237,48.4,66.0,6665.0,,78.0,2.0,0.543,0.5341,1,MEDIUM
DEF-11051,Naik,1,Field Outpost,43,18.9,12.0,0.45,1,0.0,0.406,,0.482,0.357,0.982,0.412,,0.207,46.5,71.0,10357.0,0.67,72.0,3.3,0.0903,0.1425,0,LOW
DEF-11052,Major,4,Field Outpost,18,11.0,17.0,0.45,2,0.0,0.763,-0.311,0.469,0.576,0.361,0.109,5.7,0.173,52.1,81.0,8697.0,0.76,69.0,3.4,0.4765,0.4471,1,MEDIUM
DEF-11053,Havildar,2,High Altitude (Siachen/Ladakh),71,19.9,15.0,0.85,2,0.0,0.29,0.178,0.473,1.0,0.605,0.434,6.1,0.218,39.0,73.0,8401.0,,74.0,2.7,0.8559,0.7559,2,HIGH
DEF-11054,Colonel,4,Peace Station,134,,10.0,0.15,3,0.0,0.419,-0.02,0.293,0.259,0.49,0.036,6.6,0.301,59.6,59.0,9161.0,,75.0,2.2,0.1187,0.2453,0,LOW
DEF-11055,Sepoy,1,Field Outpost,30,13.3,13.0,0.45,3,1.0,0.562,0.108,0.718,0.717,0.506,0.288,6.4,0.256,39.5,81.0,8360.0,,68.0,2.0,0.2847,0.2779,0,LOW
DEF-11056,Havildar,2,Peace Station,102,5.0,6.0,0.15,1,0.0,0.668,0.111,0.27,0.207,0.664,,6.5,0.251,49.3,75.0,6404.0,,49.0,3.4,0.1713,0.2322,0,LOW
DEF-11057,Sepoy,1,Peace Station,15,22.7,10.0,0.15,1,1.0,0.105,,0.488,0.338,0.209,,7.7,0.26,57.1,69.0,11101.0,0.79,43.0,2.3,0.3218,0.2846,0,LOW
DEF-11058,Naik,1,Peace Station,139,,12.0,0.15,2,0.0,0.516,-0.191,0.546,0.921,0.715,0.351,,0.227,59.2,68.0,6116.0,0.73,43.0,2.4,0.2231,0.306,0,LOW
DEF-11059,Naik,1,Field Outpost,79,19.5,11.0,0.45,2,0.0,0.546,0.099,0.777,,0.359,0.309,6.0,0.264,72.4,,9523.0,0.63,67.0,3.3,0.5101,0.4664,1,MEDIUM
DEF-11060,Subedar,3,Field Outpost,28,9.3,15.0,0.45,1,1.0,0.738,,0.707,0.881,0.597,0.344,6.9,0.214,56.7,74.0,8580.0,0.63,110.0,3.2,0.5726,0.5009,1,MEDIUM
DEF-11061,Colonel,4,High Altitude (Siachen/Ladakh),97,20.3,14.0,0.85,3,3.0,0.119,-0.589,0.995,1.0,,,,0.157,44.0,,6770.0,0.77,100.0,4.1,0.5605,0.5383,1,MEDIUM
DEF-11062,Havildar,2,High Altitude (Siachen/Ladakh),45,4.5,10.0,0.85,1,2.0,0.46,0.295,0.695,0.971,0.637,0.242,6.1,0.202,43.6,,7735.0,0.62,76.0,3.0,0.3956,0.3898,1,MEDIUM
DEF-11063,Sepoy,1,Counter-Insurgency,34,5.7,7.0,0.9,4,1.0,0.402,,0.37,0.445,0.285,0.194,7.7,0.313,69.5,70.0,9429.0,0.9,59.0,,0.027,0.0179,0,LOW
DEF-11064,Sepoy,1,Peace Station,44,12.5,16.0,0.15,1,0.0,0.353,0.224,0.665,0.386,0.91,,,,70.5,,9002.0,0.8,84.0,2.3,0.5297,0.3176,1,MEDIUM
DEF-11065,Havildar,2,Field Outpost,91,6.1,14.0,0.45,1,0.0,0.225,-0.033,0.793,0.759,,0.594,,0.17,53.4,74.0,7531.0,0.67,66.0,3.5,0.5302,0.5671,1,MEDIUM
DEF-11066,Sepoy,1,Field Outpost,33,20.0,17.0,0.45,1,0.0,0.26,-0.534,0.558,0.476,0.784,0.46,,0.216,,,11286.0,0.73,,3.2,0.4156,0.3689,1,MEDIUM
DEF-11067,Sepoy,1,High Altitude (Siachen/Ladakh),10,10.0,10.0,0.85,2,0.0,0.388,0.049,0.509,0.821,0.581,0.282,6.2,0.166,,76.0,6722.0,,82.0,2.2,0.6258,0.4586,1,MEDIUM
DEF-11068,Sepoy,1,Peace Station,46,4.8,11.0,0.15,1,,0.644,-0.132,0.071,,0.156,0.0,8.4,,67.2,,14100.0,0.85,39.0,2.5,0.0216,0.016,0,LOW
DEF-11069,Sepoy,1,Peace Station,126,3.7,15.0,0.15,3,0.0,0.442,0.044,,0.24,0.706,,7.7,,65.1,,11135.0,0.82,36.0,3.3,0.0638,0.1937,0,LOW
DEF-11070,Sepoy,1,Peace Station,125,19.9,12.0,0.15,1,0.0,0.377,-0.042,,0.309,1.0,0.414,5.4,0.186,35.9,65.0,,0.59,58.0,4.2,0.542,0.5114,1,MEDIUM
DEF-11071,Sepoy,1,Counter-Insurgency,44,0.0,11.0,0.9,1,0.0,0.615,0.038,,0.481,,0.252,6.0,0.32,,75.0,11288.0,0.79,45.0,2.4,0.1562,0.1512,0,LOW
DEF-11072,Sepoy,1,Counter-Insurgency,43,5.4,16.0,0.9,3,0.0,0.543,0.19,,0.279,0.216,0.299,8.6,,,71.0,,,44.0,1.6,0.2871,0.314,0,LOW
DEF-11073,Sepoy,1,Field Outpost,42,25.9,5.0,0.45,4,0.0,0.546,-0.713,,,0.51,,,0.191,,71.0,,0.77,55.0,3.2,0.6706,0.4695,1,MEDIUM
DEF-11074,Colonel,4,Counter-Insurgency,40,11.1,13.0,0.9,2,0.0,0.163,-0.465,0.344,0.417,0.388,0.309,6.4,0.209,48.2,66.0,2001.0,0.8,53.0,4.0,0.1235,0.1919,0,LOW
DEF-11075,Sepoy,1,Peace Station,42,20.1,,0.15,3,0.0,0.401,0.032,0.507,0.626,,0.56,7.0,,51.4,,,0.71,69.0,4.3,0.4525,0.3492,1,MEDIUM
DEF-11076,Sepoy,1,Peace Station,73,17.6,13.0,0.15,1,0.0,0.47,,0.451,0.546,0.649,0.267,6.5,0.266,48.0,77.0,9312.0,0.76,75.0,2.3,0.3817,0.4446,1,MEDIUM
DEF-11077,Naik,1,High Altitude (Siachen/Ladakh),128,12.4,15.0,0.85,1,1.0,0.592,,0.605,0.979,0.691,0.436,5.4,0.177,37.0,,8548.0,,83.0,3.4,0.7621,0.7594,2,HIGH
DEF-11078,Sepoy,1,Peace Station,33,0.0,10.0,0.15,1,0.0,0.428,,0.171,,0.152,0.009,,0.267,,70.0,,0.83,51.0,1.0,0.02,0.0404,0,LOW
DEF-11079,Major,4,Peace Station,37,2.7,12.0,0.15,4,3.0,0.403,-0.158,,0.468,0.432,0.0,8.0,0.239,48.9,,9051.0,0.94,137.0,2.6,0.0508,0.01,0,LOW
DEF-11080,Havildar,2,Counter-Insurgency,77,2.6,7.0,0.9,2,0.0,0.694,-0.422,0.564,0.612,0.441,0.071,7.4,0.199,46.3,72.0,9655.0,0.63,83.0,2.4,0.3128,0.303,0,LOW
DEF-11081,Sepoy,1,Field Outpost,94,18.1,14.0,0.45,1,,0.412,,0.533,0.421,0.599,0.232,5.7,0.184,,74.0,14369.0,,67.0,2.9,0.6024,0.6289,1,MEDIUM
DEF-11082,Sepoy,1,Counter-Insurgency,22,19.7,12.0,0.9,1,0.0,0.175,-0.399,,0.655,0.742,0.708,5.5,0.269,53.1,77.0,3813.0,,,3.1,0.7664,0.5889,2,HIGH
DEF-11083,Subedar,3,Peace Station,154,6.5,11.0,0.15,1,1.0,0.218,,0.155,0.201,0.279,0.125,7.4,0.305,58.8,63.0,11323.0,0.85,32.0,,0.1205,0.1953,0,LOW
DEF-11084,Major,4,Field Outpost,51,13.3,8.0,0.45,1,,0.438,,,0.161,0.447,0.063,7.8,,69.5,63.0,9720.0,1.0,28.0,,0.0745,0.0942,0,LOW
DEF-11085,Naik,1,Peace Station,23,14.1,12.0,0.15,2,0.0,0.313,-0.146,,0.238,0.114,,6.9,0.279,61.7,60.0,,,36.0,3.2,0.0452,0.0349,0,LOW
DEF-11086,Naik,1,Counter-Insurgency,21,14.7,14.0,0.9,1,2.0,0.054,-0.342,0.601,0.792,,0.468,5.8,0.189,47.4,70.0,13660.0,,85.0,4.6,0.2446,0.237,0,LOW
DEF-11087,Sepoy,1,Peace Station,20,7.5,12.0,0.15,1,1.0,0.407,,0.195,0.146,0.159,0.144,7.9,,,66.0,8524.0,0.85,21.0,,0.0833,0.0141,0,LOW
DEF-11088,Colonel,4,Field Outpost,116,27.9,11.0,0.45,1,0.0,0.326,-0.189,0.508,0.498,0.414,0.633,6.2,0.27,42.5,82.0,10973.0,0.74,104.0,3.5,0.5144,0.5738,1,MEDIUM
DEF-11089,Sepoy,1,Peace Station,65,19.8,17.0,0.15,2,1.0,0.156,-0.109,0.378,0.849,0.329,0.02,7.4,,,65.0,11646.0,,64.0,3.3,0.1812,0.282,0,LOW
DEF-11090,Major,4,High Altitude (Siachen/Ladakh),117,14.6,8.0,0.85,2,1.0,0.439,0.029,0.455,0.539,0.5,0.489,6.4,0.17,36.2,75.0,3801.0,0.59,98.0,3.8,0.6262,0.5374,1,MEDIUM
DEF-11091,Naik,1,Peace Station,58,9.6,9.0,0.15,2,0.0,0.585,0.174,0.431,1.0,0.683,0.373,6.0,0.212,54.7,70.0,,0.76,79.0,3.8,0.4556,0.4013,1,MEDIUM
DEF-11092,Naik,1,Peace Station,115,6.9,13.0,0.15,3,0.0,0.274,-0.156,0.794,,0.747,0.184,,0.176,66.3,79.0,6556.0,0.68,86.0,,0.4625,0.4431,1,MEDIUM
DEF-11093,Naik,1,Field Outpost,57,17.4,12.0,0.45,1,1.0,0.417,0.536,0.384,0.37,0.3,0.059,6.7,0.241,40.2,68.0,9101.0,0.78,,,0.2904,0.3816,0,LOW
DEF-11094,Sepoy,1,Field Outpost,86,10.0,15.0,0.45,1,0.0,0.317,-0.042,0.791,0.459,0.606,0.317,5.0,,,81.0,4243.0,0.67,73.0,,0.8262,0.7125,2,HIGH
DEF-11095,Sepoy,1,Peace Station,61,15.1,17.0,0.15,3,0.0,0.726,-0.1,0.323,0.421,0.326,0.434,6.1,0.157,,69.0,,0.61,78.0,2.6,0.3299,0.3977,1,MEDIUM
DEF-11096,Sepoy,1,Peace Station,55,0.0,12.0,0.15,1,0.0,0.59,0.116,0.317,0.452,0.779,0.271,6.7,,,80.0,5399.0,0.83,47.0,3.1,0.4576,0.4013,1,MEDIUM
DEF-11097,Sepoy,1,Counter-Insurgency,35,9.5,8.0,0.9,2,,0.329,0.534,0.409,,0.502,0.327,5.5,0.183,,67.0,,0.78,45.0,3.9,0.2885,0.2429,0,LOW
DEF-11098,Havildar,2,Peace Station,93,13.1,7.0,0.15,4,0.0,0.261,0.551,0.308,0.409,0.081,0.15,7.2,,71.6,57.0,4554.0,0.82,33.0,2.5,0.4531,0.4026,1,MEDIUM
DEF-11099,Sepoy,1,Peace Station,30,22.2,14.0,0.15,2,1.0,0.503,-0.411,,0.43,0.354,0.445,7.6,0.222,45.1,71.0,10789.0,,,3.0,0.3539,0.3633,1,MEDIUM
DEF-11100,Sepoy,1,Peace Station,93,6.2,12.0,0.15,1,1.0,0.48,-0.397,0.609,0.391,0.645,0.267,7.2,0.294,,66.0,5948.0,0.71,59.0,3.6,0.043,0.24,0,LOW
DEF-11101,Major,4,Counter-Insurgency,67,1.4,12.0,0.9,4,0.0,0.215,-0.09,0.371,0.49,0.296,0.124,6.9,0.253,49.7,,,0.84,44.0,4.2,0.1057,0.1648,0,LOW
DEF-11102,Subedar,3,Peace Station,94,17.8,12.0,0.15,1,0.0,0.304,0.436,0.468,0.429,0.417,0.258,6.6,0.215,59.6,68.0,8510.0,0.81,71.0,3.1,0.3526,0.3541,1,MEDIUM
DEF-11103,Subedar,3,High Altitude (Siachen/Ladakh),71,13.5,16.0,0.85,2,0.0,0.527,,0.768,0.765,0.774,0.413,6.0,0.224,36.0,,2531.0,0.59,85.0,4.5,0.5337,0.3971,1,MEDIUM
DEF-11104,Colonel,4,Counter-Insurgency,122,0.0,9.0,0.9,1,0.0,0.332,-0.331,,,,0.314,7.3,,50.1,81.0,,0.58,77.0,3.1,0.2792,0.3255,0,LOW
DEF-11105,Sepoy,1,Field Outpost,81,0.0,10.0,0.45,2,0.0,0.339,0.527,0.512,0.734,,0.0,,,,69.0,,,146.0,3.5,0.2944,0.2932,0,LOW
DEF-11106,Sepoy,1,Peace Station,68,8.5,11.0,0.15,2,0.0,0.455,0.468,0.176,,0.452,0.0,8.3,0.319,73.4,66.0,5703.0,,25.0,2.1,0.038,0.1243,0,LOW
DEF-11107,Havildar,2,High Altitude (Siachen/Ladakh),9,13.3,9.0,0.85,2,0.0,,0.049,0.179,0.451,0.529,0.132,7.7,,47.9,69.0,11086.0,,29.0,1.9,0.2504,0.2093,0,LOW
DEF-11108,Naik,1,High Altitude (Siachen/Ladakh),125,25.8,11.0,0.85,3,0.0,0.428,,0.511,0.601,0.848,0.727,5.7,,39.2,,,0.7,147.0,3.8,0.6843,0.7865,2,HIGH
DEF-11109,Sepoy,1,High Altitude (Siachen/Ladakh),20,4.8,12.0,0.85,4,0.0,0.797,0.097,,0.712,,0.221,6.1,0.173,,,7796.0,0.5,81.0,3.6,0.3868,0.3115,1,MEDIUM
DEF-11110,Havildar,2,High Altitude (Siachen/Ladakh),25,18.6,8.0,0.85,1,0.0,0.512,,,0.548,0.817,,6.4,0.169,36.0,76.0,8029.0,0.76,62.0,3.6,0.607,0.5474,1,MEDIUM
DEF-11111,Sepoy,1,Peace Station,99,0.0,12.0,0.15,3,1.0,0.298,-0.041,0.309,0.565,0.37,0.032,7.5,0.255,,64.0,,0.76,110.0,3.6,0.0774,0.1302,0,LOW
DEF-11112,Sepoy,1,High Altitude (Siachen/Ladakh),64,17.1,12.0,0.85,1,1.0,0.767,-0.115,0.446,0.79,0.643,0.383,,0.262,,75.0,14721.0,0.63,58.0,3.7,0.239,0.2008,0,LOW
DEF-11113,Naik,1,Peace Station,21,26.8,12.0,0.15,1,0.0,0.642,-0.229,0.454,,,0.366,6.5,0.237,55.8,76.0,,0.77,59.0,2.1,0.2133,0.2156,0,LOW
DEF-11114,Naik,1,Field Outpost,43,,8.0,0.45,4,2.0,0.177,-0.316,0.361,,0.644,0.275,6.3,0.248,44.8,68.0,,,,,0.299,0.3003,0,LOW
DEF-11115,Naik,1,Field Outpost,121,8.3,10.0,0.45,2,0.0,0.674,-0.017,,0.739,0.275,0.489,7.0,0.181,55.5,75.0,,,63.0,4.4,0.2862,0.3668,0,LOW
DEF-11116,Sepoy,1,Peace Station,70,24.5,6.0,0.15,1,0.0,0.126,,0.602,0.516,0.574,0.476,6.5,0.242,,71.0,7375.0,,57.0,4.3,0.0741,0.1209,0,LOW
DEF-11117,Subedar,3,Peace Station,65,17.0,8.0,0.15,2,0.0,0.539,0.057,0.525,,,0.196,7.8,0.208,52.2,68.0,5772.0,0.56,50.0,4.0,0.3997,0.4226,1,MEDIUM
DEF-11118,Sepoy,1,Peace Station,40,15.3,17.0,0.15,1,0.0,0.175,-0.518,0.273,0.535,0.661,0.248,6.1,0.27,67.2,63.0,10300.0,,50.0,1.8,0.4075,0.3277,1,MEDIUM
DEF-11119,Sepoy,1,Field Outpost,101,5.3,11.0,0.45,2,,0.185,0.267,0.476,0.578,0.408,0.189,6.7,0.303,,67.0,9514.0,,63.0,2.5,0.1745,0.2362,0,LOW
DEF-11120,Subedar,3,Counter-Insurgency,59,17.1,15.0,0.9,2,1.0,0.572,-0.427,0.478,0.562,,0.121,6.6,,68.2,59.0,10817.0,0.83,82.0,2.8,0.7698,0.7488,2,HIGH
DEF-11121,Major,4,Field Outpost,91,8.2,8.0,0.45,3,0.0,0.672,-0.026,,0.822,0.704,0.171,6.9,,53.8,68.0,10567.0,0.67,79.0,3.6,0.8475,0.7215,2,HIGH
DEF-11122,Subedar,3,High Altitude (Siachen/Ladakh),37,16.6,7.0,0.85,1,0.0,0.204,0.458,0.705,0.462,0.51,,6.6,,56.8,72.0,10457.0,0.78,56.0,4.4,0.1621,0.1615,0,LOW
DEF-11123,Havildar,2,Peace Station,187,14.4,8.0,0.15,1,0.0,0.066,,0.104,0.286,0.294,0.295,6.7,0.261,59.4,58.0,12878.0,0.81,30.0,3.4,0.3338,0.388,1,MEDIUM
DEF-11124,Naik,1,Peace Station,134,23.2,,0.15,1,1.0,0.438,,0.687,0.502,0.443,0.498,,0.251,33.1,82.0,5475.0,,80.0,3.7,0.4436,0.5427,1,MEDIUM
DEF-11125,Naik,1,Peace Station,69,9.1,13.0,0.15,1,0.0,0.325,-0.063,0.232,0.552,0.451,0.186,7.5,0.234,35.2,69.0,7825.0,,64.0,3.1,0.2636,0.1985,0,LOW
DEF-11126,Sepoy,1,Peace Station,78,12.7,12.0,0.15,4,0.0,0.301,0.107,,0.138,0.494,0.112,7.4,0.267,,60.0,3414.0,,72.0,,0.0981,0.1369,0,LOW
DEF-11127,Sepoy,1,Field Outpost,43,20.8,10.0,0.45,4,1.0,0.27,0.094,0.494,0.679,0.685,0.589,5.3,0.216,50.8,79.0,8153.0,,,,0.4503,0.4715,1,MEDIUM
DEF-11128,Sepoy,1,Counter-Insurgency,95,12.0,8.0,0.9,3,0.0,0.663,,0.53,,0.433,,7.0,,45.9,73.0,7988.0,0.8,59.0,2.9,0.5186,0.4147,1,MEDIUM
DEF-11129,Sepoy,1,Field Outpost,11,13.8,16.0,0.45,2,1.0,0.375,-0.029,0.56,0.383,0.444,0.05,5.6,0.3,38.1,77.0,12276.0,0.74,45.0,3.4,0.4583,0.3621,1,MEDIUM
DEF-11130,Havildar,2,Field Outpost,153,10.5,17.0,0.45,3,0.0,0.169,0.094,,0.565,0.75,,4.5,0.254,32.8,70.0,12713.0,0.73,61.0,4.6,0.7475,0.8717,2,HIGH
DEF-11131,Naik,1,Peace Station,92,12.6,10.0,0.15,1,,0.324,-0.423,0.324,0.797,0.524,0.32,6.5,0.258,67.5,74.0,,0.82,77.0,3.1,0.0517,0.1467,0,LOW
DEF-11132,Sepoy,1,Peace Station,32,19.7,13.0,0.15,1,,0.521,-0.04,0.501,0.14,0.278,0.096,7.3,0.286,,60.0,10042.0,0.79,37.0,3.3,0.4455,0.364,1,MEDIUM
DEF-11133,Sepoy,1,Peace Station,151,29.6,14.0,0.15,1,0.0,0.579,-0.254,0.314,0.638,,0.467,6.0,,,,6102.0,,68.0,2.8,0.4914,0.5902,1,MEDIUM
DEF-11134,Naik,1,High Altitude (Siachen/Ladakh),178,0.0,13.0,0.85,3,0.0,,0.417,,0.253,0.335,0.06,8.2,,55.2,62.0,5023.0,,34.0,,0.1572,0.3251,0,LOW
DEF-11135,Sepoy,1,Field Outpost,81,3.2,11.0,0.45,2,2.0,0.395,,0.324,0.372,,,,,,65.0,,0.91,37.0,2.4,0.0618,0.1411,0,LOW
DEF-11136,Subedar,3,Peace Station,38,12.8,10.0,0.15,2,0.0,0.201,0.73,,0.482,0.394,0.119,6.6,0.217,66.1,62.0,11162.0,0.75,67.0,3.9,0.1522,0.1344,0,LOW
DEF-11137,Naik,1,Field Outpost,66,14.4,18.0,0.45,1,0.0,0.134,-0.018,0.649,1.0,0.688,0.515,5.1,0.179,60.0,77.0,11464.0,0.58,82.0,3.1,0.5712,0.5662,1,MEDIUM
DEF-11138,Naik,1,Field Outpost,87,12.1,10.0,0.45,2,0.0,0.245,-0.081,0.389,0.477,0.216,0.12,7.1,0.223,60.9,67.0,,0.8,42.0,3.4,0.2743,0.2621,0,LOW
DEF-11139,Naik,1,Peace Station,77,9.3,17.0,0.15,3,0.0,0.537,0.183,0.488,,0.761,0.36,6.7,0.292,59.3,,,,85.0,3.5,0.1025,0.3149,0,LOW
DEF-11140,Havildar,2,Field Outpost,32,3.5,13.0,0.45,1,0.0,0.409,-0.122,,0.711,0.272,0.274,7.3,0.306,56.4,67.0,14187.0,0.83,,2.7,0.1299,0.1067,0,LOW
DEF-11141,Sepoy,1,High Altitude (Siachen/Ladakh),87,8.8,11.0,0.85,2,0.0,0.202,-0.01,,0.321,0.223,0.167,7.2,0.329,53.8,,,,35.0,1.0,0.1296,0.2336,0,LOW
DEF-11142,Naik,1,Peace Station,121,20.9,11.0,0.15,1,0.0,0.315,,0.479,0.465,0.55,0.122,6.4,,66.5,69.0,,0.79,37.0,3.1,0.2688,0.2504,0,LOW
DEF-11143,Naik,1,High Altitude (Siachen/Ladakh),27,14.8,9.0,0.85,3,0.0,0.258,0.102,0.467,0.628,,0.137,7.9,0.206,61.9,72.0,10645.0,0.75,45.0,,0.2857,0.2781,0,LOW
DEF-11144,Sepoy,1,Peace Station,30,19.7,19.0,0.15,2,0.0,0.189,0.065,0.713,0.35,0.637,0.295,,0.235,57.9,74.0,8243.0,,71.0,2.4,0.4472,0.4649,1,MEDIUM
DEF-11145,Subedar,3,High Altitude (Siachen/Ladakh),42,3.8,16.0,0.85,1,0.0,0.372,0.09,0.358,0.207,0.335,0.173,5.6,,56.9,,4474.0,,,3.3,0.2584,0.282,0,LOW
DEF-11146,Havildar,2,Counter-Insurgency,56,26.3,11.0,0.9,2,0.0,0.48,-0.453,0.604,,0.456,0.549,4.8,0.183,42.0,77.0,6661.0,,68.0,3.0,0.4897,0.4756,1,MEDIUM
DEF-11147,Naik,1,Field Outpost,103,9.2,9.0,0.45,1,0.0,0.197,-0.127,0.888,0.311,0.554,0.43,5.6,0.235,48.5,66.0,12296.0,,94.0,3.2,0.3537,0.253,0,LOW
DEF-11148,Subedar,3,Peace Station,120,18.0,12.0,0.15,3,0.0,0.49,0.142,0.266,0.272,0.359,0.12,8.0,0.248,56.1,65.0,2979.0,0.81,42.0,3.0,0.109,0.1198,0,LOW
DEF-11149,Subedar,3,Field Outpost,36,12.9,14.0,0.45,4,0.0,0.243,0.284,,0.273,0.348,0.073,7.2,0.257,56.1,62.0,11630.0,0.62,,3.2,0.1248,0.1166,0,LOW
DEF-11150,Havildar,2,Peace Station,72,9.4,10.0,0.15,2,0.0,0.393,-0.003,0.507,0.307,,0.236,,0.238,58.1,57.0,9123.0,0.67,64.0,3.2,0.2323,0.2621,0,LOW
DEF-11151,Havildar,2,Peace Station,117,17.7,10.0,0.15,1,0.0,0.213,-0.676,0.554,0.191,0.249,0.391,7.2,0.247,48.8,75.0,9149.0,0.73,,3.1,0.4866,0.5602,1,MEDIUM
DEF-11152,Naik,1,High Altitude (Siachen/Ladakh),193,19.1,15.0,0.85,2,0.0,0.573,0.171,0.692,0.83,0.348,0.412,6.5,,42.3,74.0,11391.0,,67.0,2.7,0.5026,0.5788,1,MEDIUM
DEF-11153,Naik,1,Peace Station,72,36.8,12.0,0.15,2,2.0,0.577,0.109,0.634,,0.36,0.615,8.0,,64.0,70.0,10522.0,,50.0,2.4,0.2272,0.3591,0,LOW
DEF-11154,Naik,1,Peace Station,74,19.4,14.0,0.15,1,0.0,,-0.483,0.627,0.613,0.654,0.318,7.3,,49.6,77.0,6868.0,,67.0,2.4,0.1561,0.2412,0,LOW
DEF-11155,Havildar,2,High Altitude (Siachen/Ladakh),81,19.3,8.0,0.85,1,1.0,0.375,-0.605,,0.653,,0.546,6.6,,39.9,73.0,7915.0,,,3.0,0.4674,0.4974,1,MEDIUM
DEF-11156,Sepoy,1,High Altitude (Siachen/Ladakh),52,23.7,17.0,0.85,3,0.0,0.181,-0.073,0.555,0.564,0.428,0.693,4.3,0.198,,68.0,2477.0,0.52,,3.2,0.8735,0.7361,2,HIGH
DEF-11157,Subedar,3,Peace Station,69,18.5,17.0,0.15,3,1.0,0.535,-0.325,0.552,0.478,0.547,0.488,,0.279,60.6,,6246.0,,,3.5,0.2324,0.2856,0,LOW
DEF-11158,Subedar,3,High Altitude (Siachen/Ladakh),14,13.7,11.0,0.85,3,0.0,0.832,-0.79,,1.0,,0.641,4.6,,37.0,74.0,6544.0,0.67,88.0,4.5,0.8001,0.639,2,HIGH
DEF-11159,Sepoy,1,Counter-Insurgency,44,16.8,8.0,0.9,2,0.0,0.091,,0.777,0.666,0.909,0.593,6.6,0.167,,,,0.72,94.0,3.7,0.6165,0.55,1,MEDIUM
DEF-11160,Havildar,2,Peace Station,86,21.3,12.0,0.15,3,1.0,0.65,0.153,0.474,0.153,,0.101,7.1,,51.6,58.0,,0.98,26.0,2.3,0.1056,0.1877,0,LOW
DEF-11161,Sepoy,1,Field Outpost,35,25.8,12.0,0.45,2,0.0,0.4,-0.387,0.907,0.751,0.99,0.479,7.3,0.175,,75.0,,0.81,101.0,2.7,0.4148,0.3628,1,MEDIUM
DEF-11162,Sepoy,1,High Altitude (Siachen/Ladakh),104,1.2,12.0,0.85,1,0.0,0.493,-0.075,0.342,0.397,0.606,0.0,6.3,,37.9,65.0,7181.0,0.47,57.0,2.7,0.071,0.2066,0,LOW
DEF-11163,Havildar,2,High Altitude (Siachen/Ladakh),18,0.0,15.0,0.85,3,0.0,0.272,0.012,0.239,0.881,0.47,0.226,7.2,0.284,49.4,66.0,,0.71,44.0,3.5,0.201,0.1417,0,LOW
DEF-11164,Sepoy,1,Peace Station,102,25.5,9.0,0.15,4,0.0,0.331,0.372,0.449,,0.508,,6.2,0.269,,67.0,10113.0,0.97,61.0,3.1,0.2493,0.2763,0,LOW
DEF-11165,Havildar,2,Peace Station,102,,8.0,0.15,3,1.0,0.386,,0.492,0.48,,0.066,8.3,0.271,43.4,63.0,8203.0,,54.0,2.1,0.1161,0.1507,0,LOW
DEF-11166,Havildar,2,High Altitude (Siachen/Ladakh),195,0.0,11.0,0.85,3,0.0,0.413,-0.18,,0.52,,0.477,,0.174,40.4,72.0,8962.0,0.46,,3.6,0.4231,0.4606,1,MEDIUM
DEF-11167,Naik,1,Counter-Insurgency,51,0.0,10.0,0.9,3,0.0,0.451,0.328,0.514,,,0.392,6.5,0.21,52.5,63.0,12031.0,,51.0,,0.1208,0.1949,0,LOW
DEF-11168,Sepoy,1,High Altitude (Siachen/Ladakh),64,29.3,6.0,0.85,2,,0.138,-0.593,,0.887,0.619,0.585,5.7,,,65.0,8176.0,0.64,108.0,3.3,0.8708,0.7049,2,HIGH
DEF-11169,Sepoy,1,Counter-Insurgency,145,21.5,15.0,0.9,3,0.0,0.561,-0.288,0.73,0.93,0.647,0.62,,,41.3,75.0,7900.0,0.62,86.0,3.5,0.8617,0.8829,2,HIGH
DEF-11170,Naik,1,Field Outpost,135,7.2,10.0,0.45,2,0.0,0.21,-0.243,0.75,,0.455,0.353,6.8,,55.1,,13837.0,,95.0,3.4,0.3933,0.4697,1,MEDIUM
DEF-11171,Colonel,4,Counter-Insurgency,113,7.6,12.0,0.9,1,0.0,0.701,,0.604,,0.377,0.004,7.4,0.286,68.2,63.0,5192.0,,64.0,1.9,0.1539,0.2562,0,LOW
DEF-11172,Naik,1,High Altitude (Siachen/Ladakh),78,14.5,15.0,0.85,3,0.0,0.572,-0.229,0.649,0.6,0.667,0.497,6.7,,51.7,84.0,,,89.0,4.1,0.367,0.269,0,LOW
DEF-11173,Sepoy,1,Counter-Insurgency,143,21.3,11.0,0.9,4,0.0,0.278,,1.0,0.556,,0.529,5.3,0.174,42.7,79.0,,0.82,72.0,4.2,0.7301,0.6885,2,HIGH
DEF-11174,Naik,1,Peace Station,233,11.5,11.0,0.15,1,0.0,0.105,-0.279,0.833,,0.416,0.487,5.0,0.155,36.6,73.0,8771.0,0.69,,3.5,0.782,0.8407,2,HIGH
DEF-11175,Naik,1,High Altitude (Siachen/Ladakh),90,7.3,16.0,0.85,3,,0.777,0.227,0.283,0.414,,0.0,7.1,0.256,61.3,70.0,10852.0,0.76,46.0,2.6,0.1441,0.25,0,LOW
DEF-11176,Havildar,2,Peace Station,66,23.6,7.0,0.15,1,2.0,0.585,-0.28,0.675,0.668,0.531,0.578,6.0,0.241,37.8,77.0,,0.58,71.0,4.2,0.3515,0.315,0,LOW
DEF-11177,Sepoy,1,Peace Station,97,13.8,8.0,0.15,4,0.0,0.377,-0.669,0.28,0.348,0.519,0.35,7.8,,,67.0,7451.0,,53.0,1.1,0.3463,0.3275,0,LOW
DEF-11178,Havildar,2,Field Outpost,71,12.4,15.0,0.45,2,0.0,0.64,0.082,0.784,0.329,0.45,,6.8,,44.6,72.0,10199.0,0.63,50.0,3.5,0.4752,0.4776,1,MEDIUM
DEF-11179,Naik,1,Peace Station,54,19.0,20.0,0.15,2,0.0,0.37,-0.066,0.827,0.525,0.892,0.38,,0.232,46.3,,5434.0,0.55,85.0,3.6,0.2037,0.3016,0,LOW
DEF-11180,Major,4,Peace Station,104,0.0,10.0,0.15,3,2.0,0.357,,0.414,0.295,0.551,0.091,6.9,0.31,55.5,71.0,,0.64,39.0,2.9,0.2433,0.2892,0,LOW
DEF-11181,Sepoy,1,Counter-Insurgency,46,18.0,13.0,0.9,3,0.0,0.686,0.393,0.392,0.774,0.471,0.377,6.4,,53.8,69.0,11990.0,0.94,106.0,2.3,0.6559,0.5452,1,MEDIUM
DEF-11182,Naik,1,High Altitude (Siachen/Ladakh),89,17.5,14.0,0.85,3,0.0,0.197,-0.261,0.473,0.836,0.727,0.334,5.8,,56.6,84.0,,0.81,,4.0,0.3387,0.4085,1,MEDIUM
DEF-11183,Major,4,Counter-Insurgency,21,2.3,5.0,0.9,4,1.0,0.401,0.355,0.14,,0.375,0.026,5.9,0.305,65.2,67.0,8375.0,,45.0,2.1,0.0433,0.0626,0,LOW
DEF-11184,Sepoy,1,Counter-Insurgency,157,0.0,14.0,0.9,1,0.0,,,0.369,0.498,0.351,,6.2,,,,12711.0,0.8,47.0,3.6,0.2461,0.3223,0,LOW
DEF-11185,Major,4,Field Outpost,38,9.2,10.0,0.45,1,0.0,0.244,-0.065,0.447,0.378,0.203,0.226,7.2,0.261,49.1,62.0,,,72.0,2.8,0.1316,0.1482,0,LOW
DEF-11186,Naik,1,Peace Station,25,15.6,10.0,0.15,3,0.0,0.148,,0.478,0.144,,,,0.271,56.9,58.0,6811.0,0.81,54.0,3.0,0.4573,0.4263,1,MEDIUM
DEF-11187,Sepoy,1,Peace Station,132,16.4,15.0,0.15,4,0.0,0.418,-0.05,0.565,0.37,0.307,0.212,7.0,0.249,,70.0,,,36.0,3.1,0.1615,0.2816,0,LOW
DEF-11188,Sepoy,1,Field Outpost,146,28.5,17.0,0.45,1,0.0,0.242,-0.314,0.717,0.616,0.616,0.556,6.0,,53.8,84.0,10209.0,0.72,69.0,4.2,0.6126,0.7227,1,MEDIUM
DEF-11189,Havildar,2,Field Outpost,77,15.6,17.0,0.45,1,0.0,0.322,-0.54,0.609,,0.437,0.499,4.5,,36.4,76.0,11001.0,0.82,,2.3,0.7444,0.6075,2,HIGH
DEF-11190,Sepoy,1,Field Outpost,60,2.1,8.0,0.45,1,0.0,0.464,,0.076,0.301,0.111,0.0,7.6,0.311,,61.0,8331.0,0.95,23.0,1.8,0.1148,0.2011,0,LOW
DEF-11191,Naik,1,Field Outpost,52,11.9,10.0,0.45,1,,0.631,,0.567,0.369,0.305,0.3,,0.294,56.3,,14320.0,0.79,,1.9,0.4907,0.3686,1,MEDIUM
DEF-11192,Sepoy,1,Peace Station,75,3.0,15.0,0.15,3,2.0,0.135,0.035,0.675,0.507,0.675,0.17,7.3,0.251,62.9,65.0,8268.0,0.72,38.0,2.3,0.3699,0.3511,1,MEDIUM
DEF-11193,Naik,1,Field Outpost,62,12.5,9.0,0.45,1,0.0,0.212,0.053,,0.537,0.459,0.278,6.8,0.249,65.0,72.0,8725.0,0.83,58.0,3.3,0.2181,0.1801,0,LOW
DEF-11194,Sepoy,1,Peace Station,58,26.0,8.0,0.15,1,0.0,0.4,-0.149,,0.717,0.549,,,0.259,,72.0,7422.0,,102.0,3.1,0.7023,0.589,1,MEDIUM
DEF-11195,Subedar,3,Counter-Insurgency,36,17.9,17.0,0.9,3,,0.148,-0.01,0.732,0.601,0.536,0.387,5.6,,47.2,79.0,,0.6,65.0,,0.8994,0.6297,2,HIGH
DEF-11196,Major,4,Peace Station,29,7.9,12.0,0.15,1,0.0,0.66,0.466,0.389,,,0.203,6.8,,53.9,67.0,8277.0,0.83,71.0,2.3,0.0267,0.133,0,LOW
DEF-11197,Major,4,Field Outpost,67,19.0,18.0,0.45,3,1.0,0.073,,0.734,0.462,0.546,0.338,6.2,0.235,53.2,,8745.0,0.59,53.0,3.4,0.1572,0.1252,0,LOW
DEF-11198,Havildar,2,Peace Station,74,7.4,7.0,0.15,1,0.0,0.477,0.033,0.376,,0.484,,6.6,,49.8,71.0,5240.0,0.57,62.0,,0.1484,0.1151,0,LOW
DEF-11199,Sepoy,1,High Altitude (Siachen/Ladakh),40,0.0,6.0,0.85,2,1.0,0.469,-0.358,0.724,0.676,0.645,0.198,5.0,,,76.0,,,73.0,3.0,0.3602,0.2583,0,LOW
DEF-11200,Havildar,2,Peace Station,44,3.5,11.0,0.15,1,1.0,0.24,-0.578,0.407,0.411,0.5,0.333,6.8,0.217,51.2,75.0,,,55.0,3.7,0.3023,0.1839,0,LOW
DEF-11201,Sepoy,1,Peace Station,73,,11.0,0.15,1,0.0,0.64,-0.002,,0.491,0.506,0.418,5.7,0.267,,75.0,10637.0,0.64,85.0,4.0,0.1565,0.2037,0,LOW
DEF-11202,Sepoy,1,Field Outpost,35,20.6,13.0,0.45,2,0.0,0.519,0.187,0.316,0.477,,0.305,7.3,0.31,,63.0,16196.0,0.82,57.0,3.2,0.2684,0.2478,0,LOW
DEF-11203,Sepoy,1,Counter-Insurgency,115,28.6,12.0,0.9,3,0.0,0.384,,0.749,0.647,0.527,,4.4,0.078,39.1,77.0,4829.0,0.28,130.0,3.9,0.8265,0.7696,2,HIGH
DEF-11204,Naik,1,Counter-Insurgency,87,16.9,,0.9,2,,0.161,-0.107,0.303,0.526,0.304,0.369,6.8,,68.6,66.0,3545.0,0.89,55.0,2.6,0.9075,0.8222,2,HIGH
DEF-11205,Havildar,2,Peace Station,40,25.5,8.0,0.15,1,3.0,0.792,-0.381,0.393,,,0.421,6.5,0.17,45.3,,,0.58,58.0,3.5,0.6769,0.6915,2,HIGH
DEF-11206,Naik,1,High Altitude (Siachen/Ladakh),85,19.4,16.0,0.85,3,0.0,0.128,-0.585,0.654,0.74,0.525,0.508,5.3,0.209,47.3,71.0,9369.0,0.55,73.0,3.7,0.7727,0.6345,2,HIGH
DEF-11207,Sepoy,1,Peace Station,36,22.0,17.0,0.15,1,1.0,0.18,-0.129,0.303,0.458,0.493,0.372,6.3,0.269,52.4,71.0,7348.0,0.94,73.0,3.0,0.0866,0.074,0,LOW
DEF-11208,Sepoy,1,Peace Station,102,23.4,11.0,0.15,4,1.0,0.508,-0.374,,0.715,0.399,0.478,,0.159,52.7,75.0,,,68.0,2.9,0.5044,0.4783,1,MEDIUM
DEF-11209,Colonel,4,Field Outpost,36,18.1,13.0,0.45,1,0.0,0.133,0.344,,0.425,0.524,0.134,5.3,,45.0,67.0,,0.66,55.0,,0.324,0.2887,0,LOW
DEF-11210,Sepoy,1,Peace Station,60,23.1,10.0,0.15,2,0.0,0.061,0.247,0.71,,,0.306,,0.313,56.3,63.0,7111.0,0.87,57.0,1.8,0.1125,0.2336,0,LOW
DEF-11211,Naik,1,High Altitude (Siachen/Ladakh),70,8.1,9.0,0.85,1,0.0,0.194,0.333,,0.573,0.257,,7.1,,57.5,,13129.0,0.74,43.0,1.8,0.2669,0.2693,0,LOW
DEF-11212,Sepoy,1,Counter-Insurgency,145,0.0,12.0,0.9,2,0.0,,0.414,0.495,0.751,0.446,0.0,6.6,0.262,,64.0,12249.0,0.79,91.0,3.4,0.0593,0.2341,0,LOW
DEF-11213,Havildar,2,Peace Station,38,19.5,17.0,0.15,2,,0.063,,0.378,0.33,0.484,,,0.226,46.8,68.0,12216.0,,,2.2,0.4421,0.4441,1,MEDIUM
DEF-11214,Naik,1,Peace Station,37,17.2,10.0,0.15,2,0.0,0.64,0.209,,0.466,0.773,0.272,5.9,0.229,52.3,72.0,14099.0,0.86,,2.6,0.5937,0.5008,1,MEDIUM
DEF-11215,Sepoy,1,Field Outpost,22,6.6,18.0,0.45,1,0.0,0.339,,0.597,0.551,0.572,0.414,5.6,0.273,,69.0,,0.67,58.0,2.8,0.229,0.2499,0,LOW
DEF-11216,Sepoy,1,Field Outpost,169,3.3,15.0,0.45,3,1.0,0.441,,0.617,0.426,0.55,0.199,5.7,,,,6114.0,0.56,73.0,3.3,0.0869,0.2614,0,LOW
DEF-11217,Naik,1,Counter-Insurgency,65,15.1,19.0,0.9,3,0.0,0.327,-0.153,0.965,0.516,0.536,0.407,7.2,0.207,49.5,63.0,4189.0,0.65,110.0,3.2,0.5275,0.5654,1,MEDIUM
DEF-11218,Naik,1,Counter-Insurgency,117,,16.0,0.9,2,0.0,0.459,,0.602,0.521,,0.405,5.5,0.174,46.5,77.0,10820.0,0.65,69.0,4.5,0.8648,0.7806,2,HIGH
DEF-11219,Sepoy,1,Field Outpost,44,18.4,10.0,0.45,2,1.0,0.23,-0.137,1.0,,0.49,0.367,6.5,,50.0,74.0,10754.0,0.66,55.0,4.1,0.4065,0.3992,1,MEDIUM
DEF-11220,Major,4,Peace Station,47,5.3,15.0,0.15,2,0.0,0.57,0.123,0.144,0.37,0.584,,,0.304,66.2,66.0,9115.0,0.81,31.0,1.9,0.0536,0.0757,0,LOW
DEF-11221,Sepoy,1,High Altitude (Siachen/Ladakh),62,7.2,11.0,0.85,1,1.0,0.273,,0.413,0.384,,0.189,4.8,0.245,,72.0,11173.0,0.8,44.0,3.1,0.4424,0.4063,1,MEDIUM
DEF-11222,Sepoy,1,Peace Station,63,19.7,15.0,0.15,4,1.0,0.067,-0.326,,0.643,,,6.5,,40.0,87.0,8602.0,0.61,78.0,3.9,0.6678,0.5561,1,MEDIUM
DEF-11223,Major,4,Counter-Insurgency,95,14.6,10.0,0.9,1,0.0,0.609,-0.429,,0.954,0.655,0.426,5.9,0.161,34.2,72.0,9815.0,0.5,95.0,,0.8321,0.7723,2,HIGH
DEF-11224,Sepoy,1,Peace Station,67,23.0,16.0,0.15,2,0.0,0.353,-0.085,0.579,,,0.744,6.1,,32.5,,8933.0,,80.0,3.3,0.496,0.5064,1,MEDIUM
DEF-11225,Naik,1,Field Outpost,51,11.3,14.0,0.45,2,0.0,0.232,-0.348,,,0.767,0.486,6.7,0.16,52.5,71.0,7927.0,,,3.7,0.2304,0.2053,0,LOW
DEF-11226,Sepoy,1,Peace Station,170,20.3,15.0,0.15,2,0.0,0.561,-0.207,0.945,0.825,0.563,0.603,7.2,,53.7,,2620.0,0.76,59.0,3.4,0.2124,0.3405,0,LOW
DEF-11227,Sepoy,1,Field Outpost,35,13.7,9.0,0.45,3,0.0,0.355,0.074,0.504,0.679,0.419,0.277,8.1,0.261,47.9,74.0,,0.71,69.0,3.8,0.3176,0.2409,0,LOW
DEF-11228,Colonel,4,Field Outpost,38,7.9,11.0,0.45,1,0.0,0.443,0.003,0.822,0.444,0.58,0.386,7.0,0.221,41.7,,,0.63,78.0,3.7,0.4043,0.4559,1,MEDIUM
DEF-11229,Sepoy,1,High Altitude (Siachen/Ladakh),36,21.9,15.0,0.85,3,,0.53,0.454,0.27,0.65,0.24,0.262,7.4,0.269,56.8,70.0,13566.0,,44.0,,0.0505,0.1035,0,LOW
DEF-11230,Subedar,3,High Altitude (Siachen/Ladakh),97,5.6,14.0,0.85,2,0.0,0.22,0.142,0.466,0.357,0.575,0.084,7.2,0.273,41.5,,10450.0,0.83,47.0,3.0,0.1932,0.2817,0,LOW
DEF-11231,Sepoy,1,Field Outpost,83,14.6,5.0,0.45,1,1.0,0.355,0.173,0.509,0.314,0.576,0.132,7.7,0.213,,,,0.79,87.0,3.3,0.1896,0.209,0,LOW
DEF-11232,Sepoy,1,Peace Station,58,15.5,,0.15,2,0.0,0.109,,0.507,0.198,0.281,0.215,,0.335,,69.0,7265.0,0.62,,,0.2307,0.2696,0,LOW
DEF-11233,Sepoy,1,Counter-Insurgency,34,13.0,13.0,0.9,3,0.0,0.282,-0.368,0.378,0.529,0.485,0.446,5.7,,,78.0,12614.0,0.59,107.0,,0.7146,0.65,2,HIGH
DEF-11234,Naik,1,High Altitude (Siachen/Ladakh),70,22.4,9.0,0.85,1,3.0,0.377,0.016,0.522,,0.398,,,0.222,46.3,77.0,10407.0,0.77,109.0,3.3,0.6438,0.589,1,MEDIUM
DEF-11235,Sepoy,1,Peace Station,105,18.9,18.0,0.15,2,,0.426,0.057,0.725,0.641,0.482,0.344,7.0,0.27,63.2,66.0,7789.0,0.93,,3.4,0.3181,0.379,0,LOW
DEF-11236,Subedar,3,High Altitude (Siachen/Ladakh),148,17.9,8.0,0.85,2,0.0,0.57,-0.714,0.514,,0.548,0.451,6.6,0.208,44.4,,9483.0,,94.0,3.6,0.5699,0.633,1,MEDIUM
DEF-11237,Naik,1,Counter-Insurgency,43,14.6,13.0,0.9,2,0.0,0.278,0.192,0.495,0.575,0.614,0.393,7.4,0.195,60.4,78.0,,0.65,112.0,,0.4888,0.406,1,MEDIUM
DEF-11238,Major,4,Field Outpost,58,29.8,6.0,0.45,3,0.0,0.307,,,,0.766,0.393,4.6,0.207,50.4,76.0,8740.0,,,4.5,0.6275,0.5142,1,MEDIUM
DEF-11239,Sepoy,1,Peace Station,83,26.4,7.0,0.15,1,0.0,0.63,0.542,0.383,,0.811,0.416,6.3,0.206,,75.0,8621.0,0.8,95.0,4.4,0.9375,0.7236,2,HIGH
DEF-11240,Subedar,3,Field Outpost,50,21.8,11.0,0.45,2,1.0,0.628,-0.01,0.314,0.495,0.621,0.16,6.1,0.242,67.4,73.0,7878.0,,50.0,4.1,0.4163,0.3582,1,MEDIUM
DEF-11241,Havildar,2,Peace Station,25,20.4,17.0,0.15,2,0.0,0.272,-0.442,0.545,,0.375,0.441,6.3,,31.0,73.0,6721.0,0.68,75.0,3.7,0.5313,0.4588,1,MEDIUM
DEF-11242,Havildar,2,High Altitude (Siachen/Ladakh),58,8.9,17.0,0.85,1,0.0,0.593,0.077,,0.431,,0.307,,0.204,55.0,70.0,,,,2.8,0.2008,0.2796,0,LOW
DEF-11243,Havildar,2,Field Outpost,27,13.6,6.0,0.45,4,0.0,0.426,-0.218,0.513,0.679,0.58,0.231,6.6,0.222,58.2,69.0,10834.0,0.68,62.0,4.0,0.2204,0.1507,0,LOW
DEF-11244,Havildar,2,Counter-Insurgency,110,19.4,16.0,0.9,1,0.0,0.462,-0.128,0.481,0.586,0.386,0.366,,0.184,43.9,78.0,10911.0,,65.0,3.1,0.4428,0.5309,1,MEDIUM
DEF-11245,Naik,1,Field Outpost,53,22.9,6.0,0.45,1,1.0,,-0.172,0.521,0.691,0.497,0.529,6.1,0.173,52.8,78.0,9264.0,0.7,74.0,3.1,0.3357,0.2982,0,LOW
DEF-11246,Sepoy,1,Peace Station,62,21.6,11.0,0.15,3,0.0,0.186,-0.095,0.937,0.331,0.452,0.473,6.0,,,77.0,10548.0,0.56,66.0,3.7,0.2303,0.2098,0,LOW
DEF-11247,Sepoy,1,High Altitude (Siachen/Ladakh),39,18.9,7.0,0.85,1,2.0,0.361,-0.169,0.562,0.51,,0.493,5.4,0.232,,72.0,,0.8,82.0,3.8,0.6968,0.4804,1,MEDIUM
DEF-11248,Subedar,3,Peace Station,63,31.0,14.0,0.15,3,1.0,0.515,-0.132,0.515,0.381,0.407,0.406,6.5,0.261,56.4,64.0,,,,2.2,0.188,0.2141,0,LOW
DEF-11249,Naik,1,Peace Station,128,12.8,13.0,0.15,3,0.0,0.029,-0.671,0.489,0.565,0.471,0.401,6.8,,45.5,,,0.72,61.0,3.5,0.6346,0.6229,1,MEDIUM
DEF-11250,Havildar,2,Field Outpost,117,22.6,12.0,0.45,1,1.0,0.5,,0.46,0.26,0.504,0.37,7.8,0.302,49.3,64.0,10708.0,,94.0,2.9,0.47,0.4678,1,MEDIUM
DEF-11251,Naik,1,Peace Station,30,,12.0,0.15,1,,0.243,-0.191,0.525,0.577,0.881,,6.9,,35.7,74.0,,0.7,87.0,4.0,0.1193,0.051,0,LOW
DEF-11252,Sepoy,1,Counter-Insurgency,6,17.8,11.0,0.9,1,0.0,0.513,0.245,0.793,0.685,0.484,0.399,7.1,0.187,,,,0.69,99.0,4.1,0.6895,0.5545,1,MEDIUM
DEF-11253,Sepoy,1,Field Outpost,58,18.1,8.0,0.45,1,0.0,0.664,0.288,0.277,0.801,0.327,,7.3,,,59.0,9535.0,0.78,33.0,3.4,0.1735,0.1246,0,LOW
DEF-11254,Naik,1,High Altitude (Siachen/Ladakh),53,17.9,9.0,0.85,1,3.0,0.368,-0.441,,0.471,,0.476,6.0,0.168,60.0,,15981.0,,84.0,3.9,0.5844,0.468,1,MEDIUM
DEF-11255,Sepoy,1,Peace Station,51,8.0,10.0,0.15,3,0.0,0.216,-0.695,0.92,,0.891,0.267,7.6,0.245,28.4,80.0,,0.76,,2.9,0.5233,0.4642,1,MEDIUM
DEF-11256,Sepoy,1,High Altitude (Siachen/Ladakh),45,17.4,14.0,0.85,3,0.0,0.448,-0.765,,,0.557,0.423,,0.162,,72.0,6269.0,0.75,83.0,3.2,0.4891,0.4962,1,MEDIUM
DEF-11257,Naik,1,Field Outpost,30,20.4,9.0,0.45,1,0.0,0.194,-0.046,0.486,0.317,0.563,0.364,7.7,0.269,45.6,,6293.0,,48.0,3.2,0.3584,0.3345,0,LOW
DEF-11258,Sepoy,1,Field Outpost,202,,17.0,0.45,3,0.0,0.404,0.005,0.719,0.408,,,6.5,0.194,,,7068.0,0.54,83.0,2.7,0.7787,0.8614,2,HIGH
DEF-11259,Naik,1,Counter-Insurgency,169,0.0,24.0,0.9,1,1.0,0.358,0.089,0.646,,0.346,0.223,7.1,,60.2,68.0,11124.0,0.68,,2.6,0.5253,0.8076,1,MEDIUM
DEF-11260,Sepoy,1,Field Outpost,50,0.5,11.0,0.45,2,1.0,0.619,-0.03,0.4,0.567,,0.307,5.0,,42.7,77.0,,0.66,,3.1,0.3285,0.3725,0,LOW
DEF-11261,Havildar,2,High Altitude (Siachen/Ladakh),69,7.0,19.0,0.85,1,0.0,,0.322,0.233,0.681,0.513,0.317,6.9,0.232,48.7,71.0,8757.0,0.71,71.0,2.6,0.3375,0.4028,1,MEDIUM
DEF-11262,Sepoy,1,Peace Station,111,13.0,17.0,0.15,1,0.0,0.417,0.021,0.779,0.585,0.635,0.311,7.0,,48.4,68.0,9852.0,0.52,49.0,2.6,0.2812,0.3312,0,LOW
DEF-11263,Naik,1,Peace Station,69,7.5,7.0,0.15,3,0.0,0.083,-0.312,,0.411,,0.4,6.6,0.252,57.4,65.0,4760.0,0.7,78.0,2.0,0.1471,0.2217,0,LOW
DEF-11264,Sepoy,1,Counter-Insurgency,47,19.5,7.0,0.9,2,0.0,0.402,-0.321,0.622,,0.618,,6.6,0.219,,,8764.0,0.52,68.0,3.0,0.6397,0.5224,1,MEDIUM
DEF-11265,Sepoy,1,High Altitude (Siachen/Ladakh),25,24.1,15.0,0.85,2,1.0,0.314,-0.283,1.0,0.604,0.71,0.569,4.9,0.173,,79.0,12018.0,,120.0,4.1,0.9537,0.7561,2,HIGH
DEF-11266,Sepoy,1,Field Outpost,64,25.3,20.0,0.45,2,,0.458,,0.625,0.622,0.427,0.488,4.3,0.173,43.0,79.0,,,58.0,4.3,0.6825,0.5841,1,MEDIUM
DEF-11267,Naik,1,Counter-Insurgency,28,16.9,14.0,0.9,1,1.0,0.188,-0.065,0.71,,0.427,,7.3,,58.1,68.0,12498.0,0.8,58.0,3.2,0.3788,0.264,0,LOW
DEF-11268,Naik,1,Field Outpost,123,23.2,19.0,0.45,3,0.0,0.335,,0.864,0.938,0.431,0.742,5.0,0.177,51.0,67.0,7172.0,,105.0,3.4,0.6562,0.6901,1,MEDIUM
DEF-11269,Sepoy,1,Field Outpost,63,9.2,9.0,0.45,3,0.0,0.251,,0.412,0.239,0.797,0.134,8.0,0.216,39.7,66.0,4532.0,0.73,,3.1,0.076,0.1776,0,LOW
DEF-11270,Naik,1,Field Outpost,87,12.7,16.0,0.45,1,0.0,0.13,,0.286,0.352,0.24,0.058,,0.288,57.4,77.0,8998.0,,95.0,2.0,0.1948,0.3997,0,LOW
DEF-11271,Subedar,3,Field Outpost,52,4.1,10.0,0.45,1,0.0,,-0.196,0.187,0.386,0.291,,,0.221,45.1,63.0,,,94.0,3.1,0.2076,0.1217,0,LOW
DEF-11272,Havildar,2,Peace Station,102,24.3,7.0,0.15,2,0.0,0.618,-0.091,0.336,0.745,,0.209,6.2,,59.8,65.0,11387.0,0.78,74.0,3.2,0.3432,0.3814,1,MEDIUM
DEF-11273,Sepoy,1,Field Outpost,42,30.7,10.0,0.45,2,0.0,0.158,-0.175,0.508,1.0,0.513,0.379,,0.287,,72.0,10230.0,,66.0,3.9,0.6545,0.5733,1,MEDIUM
DEF-11274,Naik,1,Counter-Insurgency,76,11.0,,0.9,2,0.0,0.436,-0.346,0.758,0.854,0.701,0.68,,0.214,40.1,81.0,12639.0,0.64,89.0,3.6,0.7208,0.719,2,HIGH
DEF-11275,Sepoy,1,Peace Station,51,0.0,,0.15,2,0.0,0.131,0.035,0.505,0.344,0.21,,7.9,0.263,,,,0.67,47.0,2.8,0.095,0.1075,0,LOW
DEF-11276,Sepoy,1,Peace Station,56,5.9,5.0,0.15,4,0.0,0.799,-0.38,0.838,0.364,,0.191,6.6,0.253,,67.0,9163.0,0.87,47.0,2.4,0.2127,0.2075,0,LOW
DEF-11277,Colonel,4,Peace Station,110,8.5,11.0,0.15,1,0.0,0.499,0.117,0.277,0.413,0.286,0.216,6.9,0.214,61.6,61.0,7399.0,0.61,38.0,,0.0335,0.1245,0,LOW
DEF-11278,Sepoy,1,Peace Station,39,2.7,10.0,0.15,2,0.0,0.052,0.25,0.624,0.44,,0.226,6.3,0.146,,,6439.0,0.74,73.0,2.7,0.1993,0.2119,0,LOW
DEF-11279,Naik,1,Field Outpost,79,5.2,10.0,0.45,2,,0.622,0.074,0.43,0.235,0.514,0.268,7.4,,65.3,74.0,6367.0,,53.0,3.0,0.0973,0.113,0,LOW
DEF-11280,Naik,1,Peace Station,132,15.7,11.0,0.15,2,0.0,0.31,0.718,0.22,0.304,0.426,0.155,6.6,0.283,76.9,54.0,11359.0,0.94,76.0,2.5,0.2174,0.2988,0,LOW
DEF-11281,Havildar,2,Field Outpost,108,19.6,,0.45,1,0.0,0.757,,,0.659,0.633,0.154,7.9,0.222,53.7,64.0,10166.0,0.73,41.0,2.0,0.1715,0.1764,0,LOW
DEF-11282,Naik,1,Field Outpost,43,0.0,,0.45,2,0.0,0.701,,0.231,0.251,,0.099,7.2,0.236,58.2,67.0,4041.0,0.86,45.0,,0.1962,0.1477,0,LOW
DEF-11283,Sepoy,1,High Altitude (Siachen/Ladakh),86,9.5,15.0,0.85,2,0.0,0.072,,0.329,0.445,,0.146,,0.207,,74.0,4222.0,0.64,72.0,,0.2218,0.2446,0,LOW
DEF-11284,Sepoy,1,Counter-Insurgency,18,14.3,11.0,0.9,2,0.0,0.229,-0.408,0.448,0.404,0.344,0.317,5.6,,33.2,,8041.0,,61.0,3.5,0.3214,0.3198,0,LOW
DEF-11285,Naik,1,Field Outpost,112,4.9,9.0,0.45,1,0.0,0.667,-0.106,,0.708,0.466,0.332,,0.184,44.8,66.0,8100.0,0.73,52.0,2.2,0.2605,0.3328,0,LOW
DEF-11286,Sepoy,1,Peace Station,233,16.0,12.0,0.15,2,1.0,0.409,0.02,0.67,0.924,0.503,0.337,6.3,0.305,,73.0,9357.0,0.5,47.0,3.2,0.2548,0.4421,0,LOW
DEF-11287,Sepoy,1,Peace Station,77,13.0,13.0,0.15,3,0.0,0.407,0.273,0.566,0.295,0.554,0.22,7.2,0.239,55.0,70.0,11646.0,0.64,53.0,,0.0904,0.1723,0,LOW
DEF-11288,Sepoy,1,High Altitude (Siachen/Ladakh),135,10.2,5.0,0.85,3,0.0,0.62,0.053,0.311,0.312,0.312,0.113,6.0,0.257,,,,,54.0,3.5,0.3852,0.3176,1,MEDIUM
DEF-11289,Sepoy,1,High Altitude (Siachen/Ladakh),24,6.7,9.0,0.85,3,0.0,0.208,-0.241,,,0.667,0.249,6.1,0.307,,,9400.0,0.73,47.0,3.0,0.301,0.2906,0,LOW
DEF-11290,Sepoy,1,Peace Station,32,16.3,17.0,0.15,2,0.0,0.304,0.307,,0.434,0.41,0.166,8.7,,68.9,75.0,10291.0,0.75,55.0,2.3,0.1716,0.2659,0,LOW
DEF-11291,Sepoy,1,Peace Station,52,7.5,6.0,0.15,1,0.0,0.239,-0.089,0.206,0.266,0.043,0.272,7.9,0.303,,,12910.0,,30.0,1.8,0.087,0.0498,0,LOW
DEF-11292,Naik,1,High Altitude (Siachen/Ladakh),58,0.0,7.0,0.85,2,1.0,0.188,0.316,0.202,0.251,0.081,0.07,7.7,0.34,74.4,52.0,11769.0,0.86,27.0,,0.0806,0.146,0,LOW
DEF-11293,Naik,1,Field Outpost,77,14.2,11.0,0.45,1,0.0,0.37,0.136,0.342,0.176,0.577,0.223,7.5,0.347,43.2,69.0,,0.83,48.0,2.3,0.2631,0.2885,0,LOW
DEF-11294,Havildar,2,Field Outpost,43,3.5,8.0,0.45,3,2.0,0.035,-0.139,0.615,0.571,0.654,0.375,,0.274,45.7,73.0,7361.0,0.69,,3.4,0.5484,0.3836,1,MEDIUM
DEF-11295,Sepoy,1,Peace Station,70,0.0,12.0,0.15,1,0.0,0.409,-0.1,0.556,0.562,0.356,0.234,,0.172,,67.0,6179.0,0.58,,2.7,0.1372,0.1379,0,LOW
DEF-11296,Sepoy,1,Field Outpost,110,15.1,10.0,0.45,3,0.0,0.439,0.342,0.3,0.812,0.429,,7.2,0.192,,67.0,9518.0,0.81,,2.7,0.2898,0.3371,0,LOW
DEF-11297,Sepoy,1,High Altitude (Siachen/Ladakh),85,12.6,12.0,0.85,3,2.0,0.518,,0.482,,0.622,0.255,,,,66.0,9753.0,,,2.8,0.2456,0.3025,0,LOW
DEF-11298,Naik,1,Counter-Insurgency,51,6.6,10.0,0.9,3,1.0,0.414,,1.0,1.0,0.841,0.438,5.3,0.117,26.4,80.0,10008.0,0.67,122.0,4.2,0.9403,0.7695,2,HIGH
DEF-11299,Havildar,2,High Altitude (Siachen/Ladakh),98,15.9,10.0,0.85,3,0.0,0.128,,0.93,0.834,0.666,0.516,5.9,0.138,41.1,82.0,5763.0,0.59,99.0,,0.9081,0.7912,2,HIGH
DEF-11300,Sepoy,1,Field Outpost,49,17.6,8.0,0.45,2,0.0,0.338,-0.448,,,,0.428,6.6,0.237,,66.0,9147.0,0.83,,2.6,0.2556,0.1674,0,LOW
DEF-11301,Major,4,High Altitude (Siachen/Ladakh),67,16.0,14.0,0.85,2,0.0,0.264,-0.523,0.84,0.596,0.745,0.491,,0.303,42.6,80.0,9631.0,0.63,79.0,4.3,0.7075,0.6707,2,HIGH
DEF-11302,Sepoy,1,Field Outpost,107,15.7,15.0,0.45,1,0.0,0.524,-0.322,,0.563,,0.255,5.9,0.309,,73.0,6087.0,,73.0,3.3,0.2117,0.37,0,LOW
DEF-11303,Naik,1,Peace Station,57,0.4,8.0,0.15,1,0.0,0.629,0.183,0.685,0.15,0.346,0.093,,0.241,62.6,63.0,10142.0,,41.0,2.8,0.0944,0.1265,0,LOW
DEF-11304,Havildar,2,Counter-Insurgency,27,25.0,15.0,0.9,1,0.0,0.678,-0.5,0.774,0.669,0.749,0.559,,0.143,46.9,77.0,,,128.0,4.1,0.7007,0.5211,1,MEDIUM
DEF-11305,Subedar,3,Field Outpost,66,18.7,13.0,0.45,1,0.0,0.516,,0.777,0.59,0.703,0.218,,0.275,49.0,70.0,9908.0,,111.0,,0.0798,0.1026,0,LOW
DEF-11306,Havildar,2,Field Outpost,107,5.9,9.0,0.45,4,0.0,0.69,-0.162,,0.687,0.616,0.331,7.2,0.285,44.9,82.0,,,55.0,3.1,0.2122,0.253,0,LOW
DEF-11307,Havildar,2,Counter-Insurgency,113,13.9,9.0,0.9,1,0.0,0.19,0.067,0.508,0.506,,0.305,,0.144,47.3,,,0.86,78.0,3.8,0.3293,0.3585,0,LOW
DEF-11308,Sepoy,1,Counter-Insurgency,31,15.5,12.0,0.9,3,,0.328,0.034,,,0.678,0.441,5.7,0.187,37.1,65.0,11005.0,,61.0,3.6,0.8406,0.6219,2,HIGH
DEF-11309,Havildar,2,Field Outpost,95,,14.0,0.45,1,0.0,0.153,0.239,0.172,,0.37,0.361,,0.235,55.2,69.0,13178.0,0.83,40.0,,0.1919,0.2313,0,LOW
DEF-11310,Sepoy,1,Peace Station,55,29.2,16.0,0.15,4,0.0,0.35,,0.732,0.397,0.394,,,0.261,,70.0,11651.0,,48.0,3.3,0.1738,0.1818,0,LOW
DEF-11311,Subedar,3,Field Outpost,140,0.0,9.0,0.45,1,0.0,0.545,,0.611,0.355,,,8.0,0.369,42.5,70.0,9122.0,0.88,51.0,2.6,0.2515,0.216,0,LOW
DEF-11312,Naik,1,Counter-Insurgency,28,1.5,12.0,0.9,2,0.0,0.481,-0.043,0.633,,0.582,0.162,6.1,0.206,50.9,,4634.0,1.0,56.0,2.6,0.2192,0.2686,0,LOW
DEF-11313,Havildar,2,Peace Station,94,0.0,11.0,0.15,2,2.0,0.637,0.187,0.57,0.247,0.322,0.0,7.3,0.221,54.8,61.0,8030.0,,39.0,2.2,0.1874,0.2062,0,LOW
DEF-11314,Naik,1,Counter-Insurgency,51,14.7,11.0,0.9,3,,0.505,-0.1,0.664,0.362,0.908,0.142,5.9,0.226,39.2,,10435.0,0.72,55.0,,0.8001,0.7476,2,HIGH
DEF-11315,Naik,1,Peace Station,44,18.6,16.0,0.15,1,0.0,0.358,-0.013,,0.468,0.603,0.394,6.5,0.285,61.2,67.0,9506.0,0.72,50.0,3.0,0.1398,0.2458,0,LOW
DEF-11316,Naik,1,Field Outpost,109,17.1,14.0,0.45,3,2.0,0.701,-0.209,0.933,0.623,0.607,0.301,5.7,0.188,41.0,78.0,7716.0,0.81,54.0,3.3,0.6255,0.6431,1,MEDIUM
DEF-11317,Havildar,2,Field Outpost,119,11.5,11.0,0.45,2,1.0,0.399,-0.302,,0.25,0.084,0.104,7.5,0.312,72.3,58.0,,0.74,23.0,1.4,0.1083,0.2862,0,LOW
DEF-11318,Sepoy,1,Peace Station,14,17.5,10.0,0.15,1,0.0,0.354,0.111,,0.47,0.487,0.399,6.7,0.219,,72.0,6924.0,0.59,,,0.6009,0.5979,1,MEDIUM
DEF-11319,Sepoy,1,Counter-Insurgency,111,11.5,10.0,0.9,1,0.0,0.158,-0.049,0.792,,,0.451,6.9,,,74.0,12856.0,0.81,,3.1,0.7337,0.6976,2,HIGH
DEF-11320,Sepoy,1,Field Outpost,61,20.3,14.0,0.45,3,0.0,0.096,-0.631,,,0.669,0.621,6.3,0.19,,83.0,,,67.0,2.8,0.4065,0.3659,1,MEDIUM
DEF-11321,Sepoy,1,Peace Station,65,23.4,11.0,0.15,1,0.0,0.254,,0.253,0.484,0.346,0.232,7.4,0.213,,65.0,11449.0,0.83,,2.9,0.0587,0.0648,0,LOW
DEF-11322,Subedar,3,Field Outpost,27,6.1,14.0,0.45,3,0.0,0.882,0.153,,0.375,0.455,,6.7,0.194,61.6,66.0,9076.0,0.76,62.0,,0.2913,0.2957,0,LOW
DEF-11323,Sepoy,1,High Altitude (Siachen/Ladakh),91,11.6,7.0,0.85,1,0.0,0.646,-0.615,0.871,0.54,0.598,0.668,,0.239,,83.0,6705.0,,64.0,3.4,0.3799,0.4176,1,MEDIUM
DEF-11324,Major,4,Peace Station,205,12.9,14.0,0.15,2,0.0,0.51,0.548,0.19,0.764,0.17,,6.8,,51.8,65.0,8878.0,0.85,46.0,2.6,0.0867,0.3714,0,LOW
DEF-11325,Sepoy,1,Counter-Insurgency,45,26.1,13.0,0.9,2,1.0,0.777,-0.21,0.638,,0.569,0.528,4.8,,50.0,66.0,10697.0,0.55,60.0,2.6,0.6952,0.5934,1,MEDIUM
DEF-11326,Sepoy,1,Peace Station,126,7.1,16.0,0.15,2,0.0,0.198,0.716,,0.366,0.515,0.148,6.4,0.313,,,8275.0,0.58,58.0,,0.1526,0.3424,0,LOW
DEF-11327,Havildar,2,Peace Station,64,23.3,17.0,0.15,1,2.0,0.466,,,,,,,0.256,61.9,,9043.0,0.7,,2.7,0.5107,0.4656,1,MEDIUM
DEF-11328,Naik,1,Peace Station,47,1.5,16.0,0.15,3,1.0,0.201,0.274,0.859,0.485,0.318,0.379,6.6,0.272,40.8,75.0,10192.0,,75.0,4.8,0.1347,0.1909,0,LOW
DEF-11329,Naik,1,Peace Station,23,24.6,13.0,0.15,3,0.0,0.207,0.063,0.536,0.309,0.229,0.275,,,45.4,63.0,7992.0,,,2.4,0.3115,0.225,0,LOW
DEF-11330,Naik,1,Peace Station,136,21.2,15.0,0.15,2,,0.677,0.004,0.471,0.481,0.732,0.433,6.4,,47.3,,8470.0,0.67,53.0,2.2,0.2065,0.4189,0,LOW
DEF-11331,Havildar,2,Counter-Insurgency,68,12.7,11.0,0.9,2,0.0,0.393,,0.464,0.824,0.68,0.298,,0.277,52.9,83.0,6041.0,0.75,67.0,3.7,0.2627,0.3232,0,LOW
DEF-11332,Sepoy,1,Peace Station,48,,14.0,0.15,2,0.0,0.643,0.028,0.564,,0.538,,8.5,0.141,,74.0,8025.0,,53.0,2.7,0.3247,0.3801,0,LOW
DEF-11333,Colonel,4,Peace Station,53,9.7,11.0,0.15,4,0.0,0.464,0.156,0.452,0.418,0.491,0.21,5.9,0.266,46.6,72.0,5737.0,,,2.1,0.1534,0.1942,0,LOW
DEF-11334,Major,4,Peace Station,95,6.2,14.0,0.15,3,0.0,0.511,0.092,0.658,,,0.0,,,55.8,70.0,12231.0,0.77,78.0,2.1,0.149,0.2359,0,LOW
DEF-11335,Naik,1,Field Outpost,48,28.5,9.0,0.45,1,1.0,0.423,,0.754,0.598,0.459,0.299,7.0,0.233,51.5,75.0,2787.0,0.62,112.0,,0.4109,0.3675,1,MEDIUM
DEF-11336,Sepoy,1,High Altitude (Siachen/Ladakh),34,,11.0,0.85,1,0.0,0.396,-0.182,0.427,0.432,0.525,0.438,7.1,,,70.0,5721.0,0.74,79.0,2.6,0.4485,0.3909,1,MEDIUM
DEF-11337,Naik,1,High Altitude (Siachen/Ladakh),60,19.8,16.0,0.85,4,0.0,0.796,,0.693,0.579,0.714,0.507,,,41.5,77.0,,,71.0,3.8,0.4286,0.4967,1,MEDIUM
DEF-11338,Sepoy,1,Peace Station,59,23.4,14.0,0.15,1,1.0,0.264,-0.137,,,0.548,0.508,5.4,0.238,,75.0,,0.59,72.0,4.1,0.7883,0.7755,2,HIGH
DEF-11339,Sepoy,1,High Altitude (Siachen/Ladakh),58,20.9,9.0,0.85,4,0.0,0.67,0.388,,,0.743,,5.6,0.178,,67.0,12451.0,0.74,69.0,2.6,0.5147,0.4997,1,MEDIUM
DEF-11340,Sepoy,1,Field Outpost,49,19.1,12.0,0.45,2,0.0,0.349,-0.232,0.421,0.518,0.427,0.496,6.2,,50.1,,,0.69,56.0,3.4,0.2137,0.2115,0,LOW
DEF-11341,Naik,1,Field Outpost,128,19.8,16.0,0.45,1,0.0,0.351,-0.15,0.581,0.96,0.606,,,0.165,39.5,67.0,5550.0,0.71,,3.0,0.3618,0.4447,1,MEDIUM
DEF-11342,Subedar,3,Field Outpost,246,23.0,6.0,0.45,1,0.0,0.2,0.003,0.657,0.422,0.474,0.35,6.8,0.173,51.9,68.0,9130.0,0.82,,,0.0586,0.1326,0,LOW
DEF-11343,Havildar,2,High Altitude (Siachen/Ladakh),31,16.7,7.0,0.85,2,,0.481,0.013,0.476,0.709,,0.314,5.5,0.232,65.0,71.0,8684.0,,124.0,3.5,0.3964,0.4077,1,MEDIUM
DEF-11344,Havildar,2,Peace Station,12,13.7,11.0,0.15,3,0.0,0.085,-0.357,0.908,0.594,0.457,0.348,7.1,0.174,40.4,63.0,9662.0,,60.0,,0.5244,0.4352,1,MEDIUM
DEF-11345,Sepoy,1,Peace Station,55,2.4,11.0,0.15,1,0.0,0.411,0.183,0.172,0.54,0.359,0.195,6.4,,54.9,68.0,9058.0,,50.0,2.4,0.0828,0.0833,0,LOW
DEF-11346,Sepoy,1,Peace Station,14,16.7,,0.15,1,1.0,0.181,-0.372,,0.471,0.517,0.341,6.3,0.237,52.7,67.0,8915.0,,,3.7,0.4716,0.2874,1,MEDIUM
DEF-11347,Sepoy,1,Field Outpost,21,22.7,17.0,0.45,4,,0.885,-0.208,0.414,,0.301,0.425,,0.235,46.2,,7799.0,0.73,57.0,3.1,0.111,0.1992,0,LOW
DEF-11348,Colonel,4,Peace Station,46,4.6,13.0,0.15,1,2.0,0.727,-0.047,0.353,0.497,0.267,0.173,,0.235,55.6,67.0,9292.0,0.88,62.0,3.5,0.1605,0.2287,0,LOW
DEF-11349,Sepoy,1,Field Outpost,95,12.1,15.0,0.45,2,0.0,0.446,-0.192,0.638,0.637,0.432,0.439,6.5,0.268,,,7888.0,,69.0,2.4,0.4971,0.439,1,MEDIUM
DEF-11350,Subedar,3,Counter-Insurgency,55,,10.0,0.9,2,1.0,0.082,-0.466,,,0.704,0.415,6.3,,52.3,,,0.8,103.0,2.5,0.3856,0.3172,1,MEDIUM
DEF-11351,Naik,1,Field Outpost,10,26.9,14.0,0.45,1,0.0,0.2,-0.352,,0.979,1.0,,,0.123,27.4,75.0,13172.0,0.55,95.0,4.3,0.8413,0.5735,2,HIGH
DEF-11352,Sepoy,1,Field Outpost,54,4.2,13.0,0.45,1,2.0,0.146,-0.096,0.759,0.436,0.534,0.195,6.4,,44.0,,4773.0,0.79,81.0,1.8,0.344,0.3037,0,LOW
DEF-11353,Havildar,2,High Altitude (Siachen/Ladakh),57,20.7,6.0,0.85,1,0.0,0.703,-0.045,0.436,0.767,0.519,,7.4,0.218,40.8,72.0,9223.0,0.75,61.0,1.8,0.3263,0.2977,0,LOW
DEF-11354,Naik,1,High Altitude (Siachen/Ladakh),58,11.0,,0.85,1,0.0,0.591,-0.016,0.522,0.334,0.534,0.359,6.4,0.29,44.1,69.0,5773.0,0.65,45.0,3.9,0.3221,0.3668,0,LOW
DEF-11355,Subedar,3,Field Outpost,117,8.3,16.0,0.45,2,0.0,0.497,0.473,0.254,0.292,0.421,0.486,,0.119,63.1,68.0,,,46.0,3.2,0.7173,0.7548,2,HIGH
DEF-11356,Subedar,3,Field Outpost,107,6.2,9.0,0.45,2,0.0,,0.07,,0.391,0.682,,,0.243,53.1,,6987.0,,44.0,2.7,0.4315,0.3199,1,MEDIUM
DEF-11357,Sepoy,1,High Altitude (Siachen/Ladakh),67,8.4,14.0,0.85,2,0.0,,-0.146,0.357,0.735,0.515,0.072,7.5,0.264,42.3,67.0,9881.0,,53.0,2.9,0.3181,0.342,0,LOW
DEF-11358,Sepoy,1,Peace Station,183,18.2,10.0,0.15,2,1.0,0.26,0.106,0.237,0.668,0.318,0.196,6.0,0.256,64.8,65.0,,0.8,44.0,3.6,0.2739,0.2941,0,LOW
DEF-11359,Naik,1,Field Outpost,46,12.1,,0.45,1,0.0,0.553,-0.299,0.391,0.732,0.358,0.263,5.8,0.15,53.6,70.0,9041.0,0.68,72.0,2.7,0.2031,0.2796,0,LOW
DEF-11360,Subedar,3,Peace Station,59,20.1,16.0,0.15,1,,0.28,,0.92,0.721,0.398,,6.6,,29.8,70.0,14479.0,0.67,72.0,3.7,0.5509,0.5025,1,MEDIUM
DEF-11361,Sepoy,1,Counter-Insurgency,63,4.5,11.0,0.9,1,1.0,0.233,-0.04,0.55,0.64,0.484,0.095,5.1,0.18,,71.0,1200.0,0.55,60.0,4.2,0.3914,0.3534,1,MEDIUM
DEF-11362,Naik,1,Peace Station,23,19.9,10.0,0.15,2,1.0,0.47,0.211,0.459,,0.418,0.334,6.1,,51.7,68.0,9598.0,0.69,92.0,4.0,0.4308,0.362,1,MEDIUM
DEF-11363,Naik,1,Peace Station,64,17.7,11.0,0.15,4,0.0,0.302,0.219,0.404,0.375,0.232,0.471,7.9,0.242,45.6,73.0,11005.0,0.64,55.0,1.8,0.5801,0.5521,1,MEDIUM
DEF-11364,Havildar,2,Field Outpost,20,1.2,13.0,0.45,1,0.0,0.23,,0.641,,,0.069,7.6,0.209,56.4,,5395.0,0.72,37.0,1.6,0.3282,0.2038,0,LOW
DEF-11365,Sepoy,1,Counter-Insurgency,41,26.8,9.0,0.9,2,0.0,0.068,-0.718,0.629,0.55,0.403,0.489,6.0,0.225,,75.0,11361.0,0.66,76.0,4.7,0.5539,0.4497,1,MEDIUM
DEF-11366,Havildar,2,Field Outpost,69,16.9,11.0,0.45,3,0.0,0.241,-0.253,0.633,,0.262,0.232,7.9,0.256,60.2,69.0,9489.0,0.67,81.0,3.5,0.0614,0.1173,0,LOW
DEF-11367,Subedar,3,High Altitude (Siachen/Ladakh),26,20.5,5.0,0.85,3,0.0,0.395,-0.103,0.775,0.505,0.802,0.473,5.9,,44.7,72.0,9317.0,,85.0,3.9,0.5618,0.3804,1,MEDIUM
DEF-11368,Sepoy,1,High Altitude (Siachen/Ladakh),78,23.8,9.0,0.85,4,,0.669,-0.101,0.205,0.383,,0.348,6.4,0.269,,70.0,7417.0,0.73,,,0.5872,0.4418,1,MEDIUM
DEF-11369,Sepoy,1,Field Outpost,37,22.2,16.0,0.45,1,0.0,0.255,,0.826,0.402,0.838,0.455,5.6,0.241,,,11607.0,0.67,160.0,3.0,0.543,0.4683,1,MEDIUM
DEF-11370,Major,4,High Altitude (Siachen/Ladakh),51,12.9,18.0,0.85,1,0.0,0.351,-0.211,0.516,,0.582,,5.8,0.282,48.6,73.0,9209.0,,58.0,,0.772,0.6608,2,HIGH
DEF-11371,Sepoy,1,Peace Station,86,20.2,9.0,0.15,1,0.0,0.28,0.199,0.944,0.434,0.389,0.45,6.1,0.181,,73.0,4857.0,0.72,88.0,2.7,0.6096,0.6096,1,MEDIUM
DEF-11372,Subedar,3,Counter-Insurgency,61,0.0,8.0,0.9,1,0.0,0.397,0.213,,0.199,0.239,0.015,9.3,0.226,59.9,65.0,,0.7,55.0,2.4,0.086,0.0301,0,LOW
DEF-11373,Naik,1,High Altitude (Siachen/Ladakh),77,17.3,13.0,0.85,2,0.0,0.74,-0.339,0.93,,0.646,0.625,5.1,0.227,33.6,85.0,,,,5.0,0.9014,0.7623,2,HIGH
DEF-11374,Sepoy,1,Counter-Insurgency,83,28.7,8.0,0.9,3,0.0,0.505,-0.448,0.903,0.495,0.731,0.45,4.3,,,,7845.0,,,3.9,0.8487,0.7083,2,HIGH
DEF-11375,Subedar,3,High Altitude (Siachen/Ladakh),60,8.1,10.0,0.85,2,0.0,0.517,0.128,0.514,0.392,0.576,0.085,6.8,,62.6,76.0,10855.0,0.76,103.0,2.8,0.3536,0.3617,1,MEDIUM
DEF-11376,Sepoy,1,Counter-Insurgency,79,21.8,12.0,0.9,1,1.0,0.461,-0.143,0.46,0.841,0.957,0.483,6.7,0.241,56.8,,11600.0,0.62,75.0,2.9,0.9345,0.6865,2,HIGH
DEF-11377,Naik,1,Peace Station,41,29.1,11.0,0.15,1,1.0,0.625,-0.269,0.386,0.455,0.696,0.356,6.8,0.301,33.1,77.0,11356.0,0.75,,3.6,0.346,0.3309,0,LOW
DEF-11378,Sepoy,1,Peace Station,85,19.9,9.0,0.15,4,1.0,0.161,-0.456,0.402,,0.539,0.505,6.9,0.222,44.4,74.0,9408.0,0.71,55.0,3.1,0.0782,0.124,0,LOW
DEF-11379,Naik,1,Peace Station,55,22.7,16.0,0.15,2,0.0,0.448,,0.549,0.553,0.47,0.385,,0.203,58.2,68.0,14012.0,,43.0,2.3,0.5386,0.4931,1,MEDIUM
DEF-11380,Sepoy,1,Peace Station,130,0.7,10.0,0.15,4,0.0,,,0.338,0.578,,0.244,6.7,0.258,,,,,102.0,2.1,0.0779,0.17,0,LOW
DEF-11381,Sepoy,1,High Altitude (Siachen/Ladakh),70,6.1,8.0,0.85,3,2.0,0.245,,,0.301,0.452,0.224,6.5,0.217,67.2,64.0,11201.0,0.79,60.0,2.8,0.4488,0.3613,1,MEDIUM
DEF-11382,Major,4,Peace Station,45,26.2,11.0,0.15,4,1.0,0.431,-0.096,,,0.48,0.446,5.8,,50.8,77.0,,0.58,70.0,4.0,0.4667,0.3946,1,MEDIUM
DEF-11383,Sepoy,1,Peace Station,86,,6.0,0.15,3,1.0,0.34,,0.707,0.745,0.231,0.195,6.5,,59.5,66.0,9487.0,0.79,,,0.283,0.3413,0,LOW
DEF-11384,Naik,1,High Altitude (Siachen/Ladakh),133,18.2,,0.85,2,0.0,0.194,-0.387,0.818,0.463,0.629,0.53,7.0,0.226,34.5,79.0,9361.0,,87.0,,0.1283,0.2797,0,LOW
DEF-11385,Sepoy,1,Counter-Insurgency,47,11.8,10.0,0.9,3,0.0,,-0.044,0.804,0.869,0.734,0.359,5.5,0.15,44.9,81.0,8139.0,,68.0,3.2,0.6177,0.4766,1,MEDIUM
DEF-11386,Havildar,2,High Altitude (Siachen/Ladakh),42,16.4,10.0,0.85,2,1.0,0.562,,0.332,0.324,0.389,0.323,,0.273,40.7,,8434.0,0.87,47.0,2.8,0.1112,0.1265,0,LOW
DEF-11387,Sepoy,1,High Altitude (Siachen/Ladakh),6,28.8,16.0,0.85,1,0.0,0.29,-0.162,0.542,0.442,,0.389,6.3,0.251,,79.0,,,91.0,3.6,0.8049,0.6507,2,HIGH
DEF-11388,Major,4,Field Outpost,69,13.1,15.0,0.45,1,0.0,0.491,0.249,0.555,0.6,0.254,0.264,5.6,0.213,56.1,78.0,9769.0,0.91,54.0,2.0,0.4345,0.4736,1,MEDIUM
DEF-11389,Naik,1,Counter-Insurgency,52,19.9,9.0,0.9,1,0.0,0.374,,0.581,0.42,0.485,0.335,5.7,0.277,49.8,,8729.0,,67.0,3.9,0.3243,0.2902,0,LOW
DEF-11390,Sepoy,1,Field Outpost,86,,12.0,0.45,1,,0.232,,0.592,0.205,0.239,0.379,,,,60.0,5032.0,0.85,39.0,2.4,0.0933,0.0894,0,LOW
DEF-11391,Sepoy,1,Counter-Insurgency,87,8.3,12.0,0.9,1,0.0,0.223,0.075,0.429,,0.503,0.191,,0.214,,67.0,,0.74,,2.9,0.6311,0.5945,1,MEDIUM
DEF-11392,Sepoy,1,Peace Station,24,9.0,11.0,0.15,2,0.0,0.589,,0.474,0.574,0.225,0.024,8.5,0.299,,65.0,11074.0,0.88,96.0,2.5,0.059,0.1288,0,LOW
DEF-11393,Naik,1,High Altitude (Siachen/Ladakh),106,27.0,11.0,0.85,4,0.0,0.209,-0.022,,,0.437,0.461,6.5,0.167,45.6,,12762.0,0.78,61.0,2.8,0.1895,0.2303,0,LOW
DEF-11394,Sepoy,1,Field Outpost,38,18.8,17.0,0.45,2,0.0,0.415,,0.216,0.219,0.363,0.443,7.6,0.323,49.4,63.0,11610.0,0.9,35.0,2.2,0.1238,0.1485,0,LOW
DEF-11395,Havildar,2,Field Outpost,48,8.2,14.0,0.45,2,0.0,0.232,0.13,0.445,0.354,0.219,,7.6,0.258,50.7,69.0,,,57.0,3.3,0.0759,0.1457,0,LOW
DEF-11396,Sepoy,1,High Altitude (Siachen/Ladakh),78,11.4,13.0,0.85,1,0.0,,0.417,0.457,0.556,0.234,0.223,6.3,0.244,50.0,78.0,11738.0,0.63,90.0,3.0,0.3274,0.3632,0,LOW
DEF-11397,Sepoy,1,High Altitude (Siachen/Ladakh),30,5.6,7.0,0.85,1,1.0,0.378,-0.363,0.481,0.455,0.458,0.18,7.1,0.212,,74.0,,0.67,,3.2,0.1271,0.1238,0,LOW
DEF-11398,Naik,1,Counter-Insurgency,43,23.1,15.0,0.9,2,,0.185,,0.604,0.569,0.716,0.655,5.9,0.23,52.8,,5565.0,0.69,63.0,4.2,0.4085,0.3625,1,MEDIUM
DEF-11399,Havildar,2,Peace Station,28,11.9,15.0,0.15,3,0.0,0.257,,,0.442,,0.58,6.3,0.302,48.6,73.0,10471.0,0.7,83.0,3.7,0.4392,0.4491,1,MEDIUM
DEF-11400,Sepoy,1,Peace Station,112,12.0,9.0,0.15,1,0.0,0.327,-0.13,0.915,0.218,0.228,0.22,,0.248,,67.0,11090.0,0.67,29.0,3.3,0.4107,0.4022,1,MEDIUM
DEF-11401,Sepoy,1,Peace Station,50,21.1,13.0,0.15,2,0.0,0.351,0.325,0.657,0.544,0.595,0.488,6.1,0.262,,68.0,9092.0,0.54,,,0.3843,0.2521,0,LOW
DEF-11402,Sepoy,1,Peace Station,26,0.0,11.0,0.15,3,,0.673,,,0.1,0.54,0.0,7.7,,,65.0,,0.83,25.0,,0.1644,0.1572,0,LOW
DEF-11403,Havildar,2,Peace Station,27,13.7,23.0,0.15,1,0.0,0.268,0.054,0.91,0.48,0.577,0.258,5.7,0.215,59.7,75.0,12437.0,0.85,64.0,2.3,0.4214,0.2909,1,MEDIUM
DEF-11404,Naik,1,High Altitude (Siachen/Ladakh),101,13.9,12.0,0.85,1,0.0,0.732,-0.033,,0.453,0.436,0.474,6.0,,59.2,71.0,10221.0,0.59,70.0,3.7,0.4072,0.4232,1,MEDIUM
DEF-11405,Naik,1,Field Outpost,36,11.6,,0.45,3,0.0,0.631,-0.491,0.817,0.705,1.0,0.485,6.9,0.107,52.6,82.0,10837.0,0.75,64.0,3.6,0.6163,0.5364,1,MEDIUM
DEF-11406,Havildar,2,High Altitude (Siachen/Ladakh),47,,13.0,0.85,2,0.0,0.47,0.012,0.698,0.822,0.403,,,0.195,66.2,76.0,7007.0,0.88,,2.7,0.0323,0.1264,0,LOW
DEF-11407,Havildar,2,Field Outpost,65,8.0,12.0,0.45,1,0.0,0.094,0.005,0.343,0.646,0.451,0.214,7.3,0.256,49.9,,11482.0,0.89,51.0,3.0,0.1656,0.1321,0,LOW
DEF-11408,Naik,1,Field Outpost,52,16.4,6.0,0.45,1,1.0,0.146,0.019,,0.693,0.662,0.411,6.2,0.197,49.1,71.0,11534.0,0.75,60.0,4.0,0.4013,0.2729,0,LOW
DEF-11409,Subedar,3,Peace Station,16,5.4,8.0,0.15,2,0.0,0.359,0.017,0.569,0.262,0.169,0.154,6.4,0.251,52.4,71.0,9527.0,0.9,,1.3,0.0896,0.0543,0,LOW
DEF-11410,Sepoy,1,High Altitude (Siachen/Ladakh),91,15.4,19.0,0.85,1,3.0,0.274,,0.702,0.731,0.846,,,,,82.0,4326.0,0.51,104.0,2.9,0.8077,0.7382,2,HIGH
DEF-11411,Sepoy,1,High Altitude (Siachen/Ladakh),55,9.3,7.0,0.85,3,2.0,0.244,,0.606,0.539,0.729,,5.6,0.176,,74.0,11674.0,,116.0,3.2,0.5642,0.4638,1,MEDIUM
DEF-11412,Sepoy,1,Peace Station,76,9.9,13.0,0.15,1,1.0,0.377,0.318,0.886,0.458,0.404,0.0,,0.285,47.2,72.0,11872.0,0.8,58.0,3.2,0.0845,0.2567,0,LOW
DEF-11413,Sepoy,1,Peace Station,95,15.7,10.0,0.15,1,1.0,0.158,-0.066,,,0.544,,,0.241,,70.0,6558.0,,80.0,3.2,0.4298,0.4306,1,MEDIUM
DEF-11414,Naik,1,Peace Station,13,9.8,13.0,0.15,1,0.0,0.427,0.479,0.317,0.399,0.142,0.232,7.7,,56.6,59.0,,0.77,54.0,2.5,0.1683,0.0663,0,LOW
DEF-11415,Major,4,High Altitude (Siachen/Ladakh),96,24.8,10.0,0.85,4,0.0,0.864,-0.464,0.662,0.696,0.696,0.749,5.1,0.205,55.0,79.0,13858.0,,70.0,3.3,0.7912,0.6645,2,HIGH
DEF-11416,Sepoy,1,High Altitude (Siachen/Ladakh),220,12.8,9.0,0.85,3,2.0,0.364,0.028,0.298,0.323,0.401,0.315,7.2,0.204,,73.0,,,53.0,,0.1319,0.18,0,LOW
DEF-11417,Sepoy,1,Field Outpost,81,22.9,11.0,0.45,3,0.0,0.79,,0.975,0.835,,,6.2,0.226,,69.0,6102.0,0.71,64.0,3.1,0.5688,0.5156,1,MEDIUM
DEF-11418,Naik,1,Peace Station,131,,13.0,0.15,2,0.0,0.095,,,0.408,0.76,0.174,7.6,0.245,51.7,67.0,,0.65,,,0.1705,0.4557,0,LOW
DEF-11419,Major,4,Peace Station,109,7.3,17.0,0.15,3,0.0,0.376,,0.365,0.428,0.883,0.306,8.4,0.199,49.8,68.0,10975.0,0.75,,2.6,0.1602,0.3628,0,LOW
DEF-11420,Sepoy,1,Peace Station,94,0.0,9.0,0.15,3,0.0,0.344,0.459,,0.103,0.223,0.0,7.6,0.347,66.7,66.0,3850.0,,,2.7,0.0981,0.1252,0,LOW
DEF-11421,Naik,1,Peace Station,112,9.8,18.0,0.15,1,0.0,0.561,-0.347,0.32,0.523,,,6.9,0.298,71.8,62.0,9732.0,,34.0,2.7,0.1498,0.2709,0,LOW
DEF-11422,Sepoy,1,Peace Station,122,12.0,14.0,0.15,4,0.0,0.252,,1.0,0.434,,0.47,6.7,,,72.0,6854.0,,57.0,3.2,0.242,0.3979,0,LOW
DEF-11423,Sepoy,1,Peace Station,125,14.7,9.0,0.15,3,1.0,,-0.125,0.348,0.209,0.246,0.454,6.9,0.238,,75.0,10652.0,0.77,55.0,,0.2053,0.2275,0,LOW
DEF-11424,Colonel,4,Field Outpost,27,19.9,11.0,0.45,4,0.0,0.354,,0.573,0.486,0.736,,6.1,0.329,42.7,67.0,,0.79,72.0,3.2,0.6387,0.5165,1,MEDIUM
DEF-11425,Major,4,Field Outpost,115,19.3,,0.45,3,0.0,0.439,-0.404,0.48,0.782,,0.314,7.2,,45.9,79.0,11919.0,0.71,75.0,,0.6205,0.6633,1,MEDIUM
DEF-11426,Sepoy,1,Field Outpost,54,23.7,11.0,0.45,3,0.0,,0.281,0.159,0.439,0.101,0.224,,0.183,,69.0,11595.0,0.84,32.0,2.7,0.1568,0.1948,0,LOW
DEF-11427,Major,4,Field Outpost,128,6.5,13.0,0.45,4,0.0,0.316,,,0.443,0.149,0.0,7.2,0.286,59.0,71.0,8954.0,0.81,66.0,2.7,0.0683,0.2532,0,LOW
DEF-11428,Naik,1,High Altitude (Siachen/Ladakh),85,14.3,14.0,0.85,2,0.0,0.421,-0.315,,,0.87,0.525,,0.09,44.7,78.0,10480.0,,92.0,,0.7961,0.7262,2,HIGH
DEF-11429,Subedar,3,Field Outpost,27,5.5,19.0,0.45,3,0.0,0.284,0.056,0.355,0.102,,0.2,7.6,0.309,56.3,62.0,7398.0,0.73,40.0,2.0,0.0461,0.0395,0,LOW
DEF-11430,Naik,1,Peace Station,138,17.5,14.0,0.15,1,1.0,0.942,0.677,,0.374,0.298,,,0.263,50.4,74.0,6502.0,0.77,56.0,3.6,0.1823,0.2365,0,LOW
DEF-11431,Naik,1,High Altitude (Siachen/Ladakh),39,29.3,12.0,0.85,3,0.0,0.208,-0.145,,0.65,0.255,0.279,7.0,0.254,62.5,68.0,11495.0,,67.0,2.5,0.2105,0.1949,0,LOW
DEF-11432,Naik,1,Counter-Insurgency,53,3.8,6.0,0.9,3,,0.347,0.4,0.592,,,0.037,6.2,0.33,46.4,61.0,8492.0,,,2.2,0.0684,0.1209,0,LOW
DEF-11433,Naik,1,Peace Station,156,19.8,9.0,0.15,3,1.0,0.156,0.549,0.778,0.472,,0.356,5.1,0.242,28.4,72.0,11075.0,,,3.5,0.7734,0.6815,2,HIGH
DEF-11434,Sepoy,1,Peace Station,70,22.9,13.0,0.15,3,0.0,0.275,,0.482,0.483,0.405,0.212,7.9,0.295,,63.0,5215.0,0.8,43.0,3.1,0.1765,0.2598,0,LOW
DEF-11435,Sepoy,1,Counter-Insurgency,51,6.4,13.0,0.9,2,0.0,0.323,-0.455,1.0,,0.816,0.025,7.0,0.258,,70.0,4502.0,0.76,67.0,3.0,0.3247,0.4197,1,MEDIUM
DEF-11436,Sepoy,1,Counter-Insurgency,61,17.7,14.0,0.9,2,1.0,0.284,-0.298,0.538,0.548,0.798,0.519,5.2,0.164,49.4,79.0,7755.0,0.5,,4.6,0.4385,0.3824,1,MEDIUM
DEF-11437,Havildar,2,Peace Station,51,10.9,15.0,0.15,1,0.0,0.491,-0.006,0.367,,0.407,0.078,5.5,,56.7,72.0,7776.0,0.89,43.0,,0.329,0.3195,0,LOW
DEF-11438,Sepoy,1,Peace Station,101,13.0,10.0,0.15,1,0.0,0.684,,0.752,,0.482,0.213,6.6,,,66.0,8405.0,0.78,44.0,2.6,0.7566,0.6533,2,HIGH
DEF-11439,Naik,1,High Altitude (Siachen/Ladakh),52,10.7,14.0,0.85,2,0.0,0.655,-0.458,1.0,0.569,0.789,0.386,5.3,0.151,34.9,81.0,,0.56,126.0,,0.7825,0.7019,2,HIGH
DEF-11440,Major,4,Peace Station,62,12.1,17.0,0.15,2,0.0,0.805,-0.15,0.372,0.346,0.354,0.12,6.5,0.194,46.5,83.0,11565.0,0.66,,,0.4009,0.3448,1,MEDIUM
DEF-11441,Sepoy,1,Counter-Insurgency,89,23.8,11.0,0.9,1,0.0,0.769,,0.906,,,,7.1,,,76.0,,,120.0,,0.5899,0.5611,1,MEDIUM
DEF-11442,Naik,1,Peace Station,84,13.3,12.0,0.15,1,0.0,0.799,-0.489,,0.642,0.419,0.547,6.0,0.245,54.0,,10705.0,0.58,61.0,3.3,0.3207,0.2772,0,LOW
DEF-11443,Sepoy,1,Counter-Insurgency,41,8.9,15.0,0.9,1,0.0,0.178,-0.195,,0.562,0.811,0.255,5.1,,51.4,73.0,5985.0,0.71,55.0,4.5,0.4029,0.3494,1,MEDIUM
DEF-11444,Subedar,3,Peace Station,102,14.6,6.0,0.15,3,0.0,0.456,,0.533,,0.667,0.235,7.2,0.235,50.5,,3632.0,0.95,38.0,2.7,0.2448,0.3368,0,LOW
DEF-11445,Sepoy,1,Peace Station,46,0.0,18.0,0.15,2,0.0,0.349,0.029,0.192,0.391,0.397,0.035,7.5,0.24,,60.0,8640.0,0.9,,2.5,0.1211,0.1672,0,LOW
DEF-11446,Naik,1,Counter-Insurgency,32,7.1,10.0,0.9,1,1.0,,-0.103,1.0,0.868,,0.344,5.6,0.18,51.1,67.0,12330.0,0.7,70.0,4.6,0.6377,0.5384,1,MEDIUM
DEF-11447,Havildar,2,Peace Station,17,24.6,11.0,0.15,3,1.0,0.194,-0.042,0.585,0.887,0.782,0.705,6.8,0.144,43.3,75.0,,,167.0,3.7,0.6642,0.5921,1,MEDIUM
DEF-11448,Major,4,Peace Station,57,12.8,11.0,0.15,1,0.0,0.422,0.143,0.157,0.287,0.467,0.154,,,73.0,67.0,10308.0,,51.0,2.6,0.0853,0.1835,0,LOW
DEF-11449,Naik,1,Counter-Insurgency,20,9.9,11.0,0.9,2,0.0,0.404,-0.019,0.662,0.714,0.391,0.451,6.8,0.214,45.3,65.0,7878.0,0.8,64.0,2.9,0.3341,0.2754,0,LOW
DEF-11450,Naik,1,Peace Station,37,15.5,15.0,0.15,1,0.0,0.445,-0.086,0.425,0.335,0.284,0.305,,0.233,53.6,69.0,11432.0,0.86,,2.8,0.3012,0.2133,0,LOW
DEF-11451,Naik,1,Peace Station,63,,14.0,0.15,4,0.0,0.52,0.488,,0.459,0.667,0.323,7.4,0.209,50.7,,6970.0,,46.0,2.3,0.139,0.0524,0,LOW
DEF-11452,Subedar,3,Peace Station,121,25.3,11.0,0.15,1,0.0,0.212,-0.341,0.676,0.619,0.852,0.469,,0.242,50.8,,,0.46,100.0,,0.5219,0.5191,1,MEDIUM
DEF-11453,Naik,1,Field Outpost,54,10.2,17.0,0.45,3,0.0,0.181,-0.301,0.769,0.615,0.62,0.425,5.9,0.169,38.5,71.0,8984.0,,80.0,3.0,0.7303,0.7072,2,HIGH
DEF-11454,Sepoy,1,High Altitude (Siachen/Ladakh),23,10.4,11.0,0.85,2,1.0,0.55,-0.292,0.63,0.516,0.751,,5.5,0.211,,,7403.0,0.58,57.0,3.6,0.6903,0.5664,1,MEDIUM
DEF-11455,Major,4,Counter-Insurgency,60,12.1,14.0,0.9,1,0.0,0.368,-0.05,0.874,0.593,0.645,,,,33.1,78.0,,0.57,85.0,3.8,0.6171,0.5228,1,MEDIUM
DEF-11456,Naik,1,Field Outpost,118,22.7,10.0,0.45,1,0.0,0.652,0.179,0.489,0.501,,0.457,5.4,0.258,50.1,69.0,,,76.0,2.7,0.5214,0.6121,1,MEDIUM
DEF-11457,Naik,1,Field Outpost,53,14.5,11.0,0.45,1,0.0,0.196,-0.206,,0.755,0.309,0.381,5.7,0.27,42.6,72.0,8345.0,0.86,55.0,2.7,0.5779,0.5176,1,MEDIUM
DEF-11458,Sepoy,1,Field Outpost,133,32.4,8.0,0.45,3,1.0,0.544,0.151,0.395,0.514,0.386,0.276,6.3,,,75.0,9198.0,,131.0,4.0,0.2349,0.2481,0,LOW
DEF-11459,Naik,1,High Altitude (Siachen/Ladakh),63,12.6,7.0,0.85,1,,0.373,-0.26,,0.524,0.396,0.265,7.2,0.181,63.5,65.0,11888.0,0.71,72.0,3.0,0.6653,0.5661,1,MEDIUM
DEF-11460,Sepoy,1,High Altitude (Siachen/Ladakh),96,29.0,10.0,0.85,3,,0.297,-0.459,0.627,0.382,0.383,0.45,7.5,0.218,48.9,,8019.0,0.57,,3.1,0.4591,0.4031,1,MEDIUM
DEF-11461,Naik,1,Counter-Insurgency,73,6.4,14.0,0.9,2,0.0,0.312,-0.534,1.0,0.425,0.691,,,0.241,46.7,82.0,6447.0,,90.0,,0.6163,0.5071,1,MEDIUM
DEF-11462,Sepoy,1,Counter-Insurgency,129,2.2,9.0,0.9,1,1.0,0.583,-0.022,0.459,,,0.059,5.4,0.223,,,12679.0,0.68,46.0,2.9,0.1648,0.2252,0,LOW
DEF-11463,Naik,1,Peace Station,190,13.1,11.0,0.15,1,0.0,,0.416,0.172,0.543,0.21,,7.8,0.244,71.2,68.0,7765.0,0.69,62.0,,0.0797,0.1536,0,LOW
DEF-11464,Colonel,4,Field Outpost,47,23.7,7.0,0.45,4,0.0,0.741,-0.228,0.521,0.509,0.85,0.44,6.1,0.17,42.0,76.0,10378.0,,64.0,3.5,0.3329,0.2763,0,LOW
DEF-11465,Sepoy,1,Field Outpost,70,9.9,8.0,0.45,1,1.0,0.273,-0.041,0.811,0.39,0.606,0.522,,,,,6513.0,,114.0,2.6,0.4185,0.3342,1,MEDIUM
DEF-11466,Major,4,Peace Station,121,8.8,13.0,0.15,1,,0.552,-0.505,0.385,0.842,0.328,0.299,,0.213,48.9,69.0,,,62.0,3.0,0.1163,0.2858,0,LOW
DEF-11467,Sepoy,1,Peace Station,74,,13.0,0.15,2,0.0,0.625,0.024,0.374,0.16,,0.204,7.4,,57.4,,9519.0,0.92,30.0,2.5,0.1147,0.0952,0,LOW
DEF-11468,Subedar,3,Counter-Insurgency,16,20.0,12.0,0.9,1,1.0,0.388,-0.422,0.645,0.623,0.709,0.635,5.0,0.189,40.6,90.0,11626.0,,95.0,3.1,0.8384,0.6925,2,HIGH
DEF-11469,Havildar,2,Field Outpost,53,7.3,13.0,0.45,2,0.0,0.173,-0.331,0.613,0.503,0.639,0.4,5.8,0.168,41.0,77.0,8232.0,0.69,69.0,3.7,0.3363,0.2979,0,LOW
DEF-11470,Naik,1,Field Outpost,74,6.8,9.0,0.45,1,0.0,0.135,,0.292,,,0.34,,0.307,54.0,65.0,,0.72,68.0,3.0,0.0572,0.152,0,LOW
DEF-11471,Havildar,2,Field Outpost,149,21.0,6.0,0.45,4,0.0,0.242,0.35,0.81,0.466,,0.421,5.1,0.205,45.3,78.0,,0.73,65.0,2.7,0.8422,0.7599,2,HIGH
DEF-11472,Subedar,3,High Altitude (Siachen/Ladakh),68,0.1,14.0,0.85,2,0.0,0.35,0.155,0.686,0.41,0.503,0.191,7.6,0.28,62.8,66.0,5420.0,0.83,57.0,2.7,0.2712,0.3128,0,LOW
DEF-11473,Sepoy,1,Peace Station,35,23.2,8.0,0.15,4,0.0,,0.211,0.237,0.634,0.786,0.116,7.5,0.244,55.7,64.0,7010.0,0.64,100.0,3.0,0.0661,0.0126,0,LOW
DEF-11474,Sepoy,1,Field Outpost,75,19.9,12.0,0.45,1,0.0,0.861,-0.112,0.348,,0.766,0.336,6.2,0.241,61.1,78.0,8990.0,0.75,58.0,2.7,0.1206,0.205,0,LOW
DEF-11475,Naik,1,Field Outpost,141,0.0,17.0,0.45,1,0.0,0.249,0.434,0.382,0.213,,0.054,,0.232,42.9,,6642.0,,35.0,1.8,0.2172,0.4031,0,LOW
DEF-11476,Havildar,2,Counter-Insurgency,43,14.1,16.0,0.9,4,0.0,0.804,-0.384,,0.935,0.522,0.351,5.5,0.253,40.9,,8918.0,0.78,58.0,3.0,0.6796,0.5499,1,MEDIUM
DEF-11477,Havildar,2,Field Outpost,46,0.0,14.0,0.45,1,0.0,0.367,0.022,0.537,0.566,0.472,0.241,5.4,,48.6,83.0,8800.0,0.63,63.0,3.1,0.3664,0.4399,1,MEDIUM
DEF-11478,Havildar,2,Counter-Insurgency,43,3.8,12.0,0.9,2,0.0,0.697,-0.206,0.764,0.458,0.669,0.171,6.8,0.274,61.4,63.0,,0.69,49.0,3.0,0.1948,0.2365,0,LOW
DEF-11479,Sepoy,1,Field Outpost,26,9.7,17.0,0.45,1,0.0,0.26,,0.713,0.77,,0.225,7.5,,62.2,77.0,10418.0,0.74,52.0,2.0,0.2013,0.1436,0,LOW
DEF-11480,Havildar,2,Counter-Insurgency,66,,8.0,0.9,4,,0.298,-0.311,0.772,0.841,0.769,0.348,5.5,0.211,39.7,79.0,9793.0,0.65,81.0,4.3,0.4086,0.36,1,MEDIUM
DEF-11481,Sepoy,1,Counter-Insurgency,62,,8.0,0.9,1,,0.504,-0.256,0.725,0.717,,0.609,4.8,0.223,,82.0,,0.38,72.0,3.2,0.8835,0.7744,2,HIGH
DEF-11482,Naik,1,Field Outpost,18,21.3,14.0,0.45,3,0.0,0.248,,0.691,0.964,0.391,0.541,5.9,0.249,34.4,,,,75.0,3.8,0.3334,0.2795,0,LOW
DEF-11483,Sepoy,1,Field Outpost,37,25.6,12.0,0.45,2,1.0,,-0.602,0.522,0.637,0.427,0.28,6.2,,,72.0,10875.0,,47.0,3.8,0.3625,0.3872,1,MEDIUM
DEF-11484,Sepoy,1,Field Outpost,72,12.8,13.0,0.45,1,0.0,0.314,,,0.176,0.222,0.265,,,72.8,71.0,10574.0,0.72,45.0,4.1,0.1792,0.3048,0,LOW
DEF-11485,Sepoy,1,High Altitude (Siachen/Ladakh),95,14.3,7.0,0.85,1,0.0,0.178,0.031,0.722,0.275,0.473,0.273,7.5,0.275,56.3,68.0,7668.0,,,,0.3501,0.3515,1,MEDIUM
DEF-11486,Sepoy,1,Field Outpost,110,27.4,11.0,0.45,4,0.0,0.458,-0.294,,,0.495,0.538,6.8,0.176,40.3,73.0,7753.0,0.68,69.0,3.4,0.3131,0.4165,1,MEDIUM
DEF-11487,Naik,1,Field Outpost,99,17.7,13.0,0.45,3,0.0,0.322,-0.702,0.73,0.741,0.485,0.438,4.4,0.158,52.8,74.0,,0.52,108.0,3.4,0.7203,0.6635,2,HIGH
DEF-11488,Sepoy,1,Field Outpost,64,,14.0,0.45,2,0.0,0.193,,0.813,0.468,0.488,0.395,8.1,0.219,47.3,67.0,10291.0,0.54,64.0,3.5,0.3545,0.2973,0,LOW
DEF-11489,Sepoy,1,High Altitude (Siachen/Ladakh),23,6.3,11.0,0.85,2,1.0,0.461,0.065,0.56,0.453,0.371,,7.1,0.209,40.9,77.0,,0.72,61.0,,0.3729,0.2423,0,LOW
DEF-11490,Sepoy,1,Peace Station,56,6.2,15.0,0.15,1,0.0,,,1.0,0.777,0.183,0.141,8.4,0.29,,,7114.0,0.76,51.0,1.5,0.1129,0.2573,0,LOW
DEF-11491,Sepoy,1,Peace Station,9,16.2,4.0,0.15,2,,0.078,0.051,0.474,0.235,0.419,0.2,6.2,0.338,47.0,,7881.0,0.76,32.0,3.3,0.2992,0.2321,0,LOW
DEF-11492,Sepoy,1,Peace Station,72,17.2,7.0,0.15,2,0.0,0.708,0.045,0.577,0.453,0.506,0.238,8.2,0.239,,62.0,5103.0,,79.0,2.5,0.1431,0.1714,0,LOW
DEF-11493,Sepoy,1,Peace Station,42,,11.0,0.15,3,2.0,,-0.032,0.193,,0.607,0.085,6.8,,,72.0,13711.0,0.81,,1.5,0.0878,0.1178,0,LOW
DEF-11494,Naik,1,Field Outpost,13,17.0,7.0,0.45,1,1.0,0.68,0.272,0.499,,0.818,,6.7,0.231,51.3,,11460.0,0.64,,3.7,0.2616,0.2167,0,LOW
DEF-11495,Naik,1,High Altitude (Siachen/Ladakh),80,3.6,9.0,0.85,4,0.0,0.487,-0.512,0.598,0.993,0.637,0.447,6.5,,46.4,69.0,9316.0,0.51,78.0,4.9,0.801,0.6412,2,HIGH
DEF-11496,Naik,1,Field Outpost,140,14.1,11.0,0.45,1,2.0,0.558,-0.242,0.917,0.709,0.96,0.32,,0.226,43.4,75.0,6237.0,0.66,78.0,3.9,0.665,0.6038,1,MEDIUM
DEF-11497,Naik,1,Peace Station,20,1.8,10.0,0.15,1,0.0,0.238,0.283,0.321,0.211,0.146,0.146,6.9,,59.7,,9372.0,,,2.9,0.0668,0.01,0,LOW
DEF-11498,Sepoy,1,Field Outpost,84,25.3,14.0,0.45,4,0.0,0.479,0.169,0.674,0.73,0.74,0.344,5.0,,45.1,71.0,,0.71,68.0,2.3,0.7186,0.6633,2,HIGH
DEF-11499,Subedar,3,Counter-Insurgency,50,11.4,19.0,0.9,2,0.0,0.226,,0.582,0.67,0.485,0.159,6.5,0.25,40.9,68.0,9866.0,0.64,71.0,3.4,0.2413,0.2819,0,LOW
DEF-11500,Naik,1,Peace Station,39,8.1,12.0,0.15,1,1.0,,-0.278,0.938,0.667,0.516,,6.8,,36.0,71.0,6182.0,0.7,79.0,3.4,0.4256,0.3632,1,MEDIUM
DEF-11501,Naik,1,Counter-Insurgency,39,4.3,15.0,0.9,3,0.0,0.209,,0.604,0.802,0.801,0.416,6.8,,53.8,72.0,,0.67,66.0,3.2,0.5379,0.437,1,MEDIUM
DEF-11502,Sepoy,1,Peace Station,50,3.4,12.0,0.15,2,0.0,0.387,-0.305,0.722,0.306,0.17,,7.9,0.234,,72.0,6527.0,0.79,82.0,3.1,0.0982,0.0983,0,LOW
DEF-11503,Sepoy,1,Peace Station,50,17.7,19.0,0.15,1,0.0,0.134,-0.098,,0.622,0.476,0.477,6.2,,47.7,72.0,,0.47,,,0.5537,0.495,1,MEDIUM
DEF-11504,Sepoy,1,High Altitude (Siachen/Ladakh),62,22.5,9.0,0.85,2,0.0,0.436,-0.431,0.528,0.53,0.952,0.628,6.1,,56.1,80.0,9407.0,0.74,84.0,3.7,0.5068,0.41,1,MEDIUM
DEF-11505,Sepoy,1,Field Outpost,36,21.7,12.0,0.45,1,0.0,0.22,0.026,,,0.586,0.075,6.7,0.294,72.1,69.0,10343.0,,32.0,3.0,0.2526,0.2982,0,LOW
DEF-11506,Naik,1,High Altitude (Siachen/Ladakh),41,25.9,14.0,0.85,1,0.0,0.301,-0.042,0.614,0.653,0.493,0.446,5.5,0.213,64.6,69.0,4904.0,0.62,91.0,4.2,0.3699,0.3739,1,MEDIUM
DEF-11507,Naik,1,Counter-Insurgency,88,28.9,12.0,0.9,1,0.0,0.352,-0.39,0.727,0.931,0.531,0.739,,0.187,46.3,72.0,5903.0,,97.0,4.1,0.9276,0.8182,2,HIGH
DEF-11508,Naik,1,Peace Station,34,22.1,13.0,0.15,2,0.0,0.117,0.106,0.673,,0.583,0.615,5.7,0.169,56.4,79.0,4549.0,0.56,115.0,4.1,0.678,0.5111,1,MEDIUM
DEF-11509,Havildar,2,High Altitude (Siachen/Ladakh),75,9.7,14.0,0.85,1,0.0,0.444,0.16,,0.73,0.682,0.326,6.4,0.216,33.4,,11034.0,0.69,80.0,3.1,0.5767,0.5403,1,MEDIUM
DEF-11510,Havildar,2,Field Outpost,51,15.4,15.0,0.45,3,0.0,0.775,0.276,0.833,0.54,0.797,0.272,,,59.6,75.0,,,54.0,3.0,0.3174,0.3707,0,LOW
DEF-11511,Havildar,2,Counter-Insurgency,45,0.0,15.0,0.9,2,0.0,0.301,,0.35,0.312,0.575,0.114,5.8,0.167,41.2,75.0,9082.0,0.7,70.0,4.8,0.3121,0.3629,0,LOW
DEF-11512,Major,4,Field Outpost,165,19.4,6.0,0.45,1,0.0,0.646,0.439,,0.528,0.351,0.267,7.8,0.252,70.9,75.0,,,43.0,2.8,0.2343,0.2339,0,LOW
DEF-11513,Sepoy,1,Peace Station,26,,12.0,0.15,2,1.0,0.468,-0.479,,0.675,,0.223,6.3,0.232,,79.0,11319.0,0.71,76.0,3.5,0.1129,0.2049,0,LOW
DEF-11514,Sepoy,1,Field Outpost,145,27.6,9.0,0.45,3,1.0,0.467,,0.524,0.544,0.76,,6.5,0.209,,78.0,10289.0,,64.0,3.0,0.2907,0.3142,0,LOW
DEF-11515,Sepoy,1,Counter-Insurgency,103,,11.0,0.9,2,1.0,0.305,-0.022,0.656,0.418,0.424,0.092,6.6,,,72.0,2684.0,0.75,,4.5,0.3201,0.3862,0,LOW
DEF-11516,Naik,1,Peace Station,42,18.4,11.0,0.15,1,0.0,0.499,-0.049,0.553,,0.83,0.4,6.9,0.234,61.2,75.0,,0.71,56.0,2.8,0.2923,0.3163,0,LOW
DEF-11517,Subedar,3,Peace Station,104,5.5,11.0,0.15,1,0.0,0.551,-0.073,0.68,0.292,0.415,,,0.253,55.9,73.0,,0.89,,2.2,0.1402,0.3121,0,LOW
DEF-11518,Sepoy,1,Peace Station,6,13.1,17.0,0.15,3,1.0,0.672,-0.237,0.336,0.246,0.418,,7.2,0.295,,65.0,,0.89,37.0,1.8,0.1271,0.1632,0,LOW
DEF-11519,Subedar,3,High Altitude (Siachen/Ladakh),40,0.1,6.0,0.85,1,0.0,0.651,-0.068,0.435,0.327,0.548,,5.2,,49.9,,10905.0,,57.0,,0.0639,0.0937,0,LOW
DEF-11520,Sepoy,1,Peace Station,34,25.5,11.0,0.15,1,3.0,0.818,-0.18,0.575,,,0.335,7.2,,,,,,45.0,1.8,0.09,0.0605,0,LOW
DEF-11521,Major,4,Peace Station,80,22.9,14.0,0.15,2,1.0,0.651,0.104,0.476,0.598,0.59,0.347,,,57.5,72.0,5479.0,0.85,78.0,,0.6546,0.5978,1,MEDIUM
DEF-11522,Sepoy,1,Field Outpost,96,10.0,14.0,0.45,1,0.0,0.197,-0.153,0.386,0.32,,,6.3,0.262,46.3,60.0,,0.69,55.0,3.2,0.2764,0.4202,0,LOW
DEF-11523,Sepoy,1,Peace Station,80,16.2,13.0,0.15,4,0.0,0.689,,0.357,0.689,0.563,0.298,,,,60.0,,,,2.5,0.218,0.2949,0,LOW
DEF-11524,Naik,1,Peace Station,69,,17.0,0.15,3,0.0,0.51,0.436,0.815,0.541,0.617,0.319,7.1,,40.8,68.0,14390.0,,41.0,2.4,0.1218,0.1,0,LOW
DEF-11525,Sepoy,1,Field Outpost,108,8.8,11.0,0.45,2,0.0,0.449,-0.211,0.683,0.629,0.848,0.29,7.0,0.252,54.7,66.0,,0.91,42.0,2.4,0.1243,0.2195,0,LOW
DEF-11526,Sepoy,1,Field Outpost,100,15.0,12.0,0.45,3,1.0,0.208,,,,0.17,0.035,,,74.7,64.0,12316.0,0.93,24.0,,0.0446,0.0747,0,LOW
DEF-11527,Sepoy,1,Peace Station,42,10.2,7.0,0.15,2,0.0,0.225,,0.644,0.501,,0.433,7.5,0.193,55.6,69.0,6228.0,0.76,50.0,,0.2534,0.2263,0,LOW
DEF-11528,Havildar,2,Peace Station,45,22.3,14.0,0.15,3,1.0,0.495,0.048,0.484,0.539,0.741,0.185,6.6,0.256,35.9,,,,51.0,3.0,0.6788,0.6218,1,MEDIUM
DEF-11529,Naik,1,Field Outpost,96,12.2,10.0,0.45,2,0.0,0.767,0.007,0.229,0.839,0.662,0.219,7.1,0.201,39.9,64.0,12173.0,0.64,51.0,3.5,0.3418,0.3446,0,LOW
DEF-11530,Sepoy,1,High Altitude (Siachen/Ladakh),62,34.3,14.0,0.85,1,0.0,0.578,,0.555,0.689,,0.607,5.6,0.2,25.9,85.0,13598.0,,98.0,4.0,0.9356,0.7467,2,HIGH
DEF-11531,Naik,1,Field Outpost,65,13.3,13.0,0.45,4,0.0,0.527,0.197,,0.389,0.323,0.136,,0.233,68.0,71.0,,0.77,34.0,1.8,0.2055,0.2112,0,LOW
DEF-11532,Havildar,2,Field Outpost,70,15.0,9.0,0.45,3,0.0,0.231,-0.349,,0.607,1.0,0.424,5.7,0.122,33.2,80.0,,0.61,79.0,,0.5544,0.4883,1,MEDIUM
DEF-11533,Sepoy,1,Peace Station,17,18.5,8.0,0.15,4,0.0,0.566,0.232,0.331,0.546,0.22,0.142,,,65.3,,12987.0,0.8,50.0,2.9,0.1113,0.1788,0,LOW
DEF-11534,Sepoy,1,Peace Station,40,21.1,,0.15,3,,0.615,0.077,,,0.304,0.233,6.7,,63.9,61.0,,0.85,36.0,3.2,0.335,0.3036,0,LOW
DEF-11535,Sepoy,1,Counter-Insurgency,84,14.7,20.0,0.9,2,0.0,,0.025,0.678,0.753,0.575,0.351,6.1,0.173,,78.0,6022.0,,,3.5,0.6097,0.6276,1,MEDIUM
DEF-11536,Sepoy,1,Peace Station,40,18.3,12.0,0.15,1,2.0,0.203,0.164,0.611,0.413,0.427,0.319,6.2,0.229,,69.0,8931.0,0.75,49.0,3.3,0.1886,0.1916,0,LOW
DEF-11537,Naik,1,Field Outpost,55,15.6,13.0,0.45,1,0.0,0.112,-0.365,0.585,0.821,,0.506,4.4,0.179,35.1,76.0,,0.62,74.0,4.0,0.5425,0.5122,1,MEDIUM
DEF-11538,Sepoy,1,Counter-Insurgency,84,7.4,9.0,0.9,1,0.0,0.538,0.116,0.458,,0.495,0.088,7.3,0.28,,75.0,12938.0,,86.0,,0.2522,0.3048,0,LOW
DEF-11539,Naik,1,High Altitude (Siachen/Ladakh),112,5.1,6.0,0.85,1,0.0,0.64,0.119,0.402,0.207,0.457,0.225,6.3,0.181,42.3,62.0,9404.0,0.68,49.0,,0.5467,0.4905,1,MEDIUM
DEF-11540,Havildar,2,High Altitude (Siachen/Ladakh),119,19.9,,0.85,2,0.0,0.35,,,,0.791,0.378,6.0,,43.5,,9851.0,0.73,55.0,3.5,0.7907,0.7901,2,HIGH
DEF-11541,Sepoy,1,High Altitude (Siachen/Ladakh),123,26.9,12.0,0.85,2,,0.561,0.23,,0.765,0.47,0.367,,0.367,,70.0,13343.0,0.6,96.0,3.6,0.4485,0.4661,1,MEDIUM
DEF-11542,Naik,1,Peace Station,58,0.1,5.0,0.15,1,1.0,,-0.119,0.511,0.17,0.158,0.014,9.5,0.338,58.2,66.0,9678.0,0.99,38.0,1.4,0.0822,0.1103,0,LOW
DEF-11543,Sepoy,1,Counter-Insurgency,55,1.8,13.0,0.9,2,0.0,0.45,-0.238,0.625,,0.635,,7.2,0.184,38.5,77.0,,0.84,68.0,,0.3856,0.4042,1,MEDIUM
DEF-11544,Major,4,Counter-Insurgency,28,1.7,11.0,0.9,1,0.0,0.47,,0.345,0.541,0.39,0.31,7.4,0.271,41.1,73.0,5467.0,0.7,54.0,,0.1641,0.2314,0,LOW
DEF-11545,Naik,1,Peace Station,140,20.6,11.0,0.15,2,0.0,0.277,-0.124,0.467,,,0.515,6.8,,37.7,75.0,8458.0,0.62,58.0,3.7,0.6914,0.7182,2,HIGH
DEF-11546,Havildar,2,High Altitude (Siachen/Ladakh),53,21.3,15.0,0.85,4,0.0,0.292,-0.234,0.468,0.713,0.517,0.486,6.1,0.23,46.3,75.0,8444.0,0.58,113.0,3.5,0.594,0.4453,1,MEDIUM
DEF-11547,Naik,1,Field Outpost,138,5.7,17.0,0.45,2,0.0,0.212,,0.407,0.792,0.45,0.277,6.1,0.163,42.2,,10509.0,0.64,62.0,4.1,0.2656,0.418,0,LOW
DEF-11548,Sepoy,1,High Altitude (Siachen/Ladakh),76,32.7,6.0,0.85,1,0.0,0.384,-0.352,0.699,0.747,0.54,0.496,5.6,,,75.0,7399.0,0.68,69.0,3.1,0.6222,0.5074,1,MEDIUM
DEF-11549,Naik,1,Peace Station,115,10.7,10.0,0.15,2,0.0,0.241,0.429,,0.635,0.466,0.0,6.7,0.284,65.7,,4324.0,,60.0,2.9,0.5867,0.6256,1,MEDIUM
DEF-11550,Major,4,Field Outpost,61,26.2,14.0,0.45,3,1.0,0.801,-0.116,0.422,0.477,0.394,0.525,,0.173,57.9,,5292.0,0.76,82.0,2.6,0.3834,0.4073,1,MEDIUM
DEF-11551,Naik,1,Peace Station,89,20.9,10.0,0.15,2,0.0,,-0.028,0.629,0.409,0.48,0.355,6.3,0.227,70.3,71.0,14029.0,0.72,66.0,3.0,0.4335,0.424,1,MEDIUM
DEF-11552,Havildar,2,Field Outpost,117,5.9,13.0,0.45,4,,0.19,0.368,,,0.337,0.139,6.9,0.272,59.1,,12534.0,,,2.0,0.334,0.398,1,MEDIUM
DEF-11553,Subedar,3,Peace Station,46,10.4,14.0,0.15,1,0.0,0.55,0.41,0.492,0.373,0.21,0.077,7.0,,53.9,63.0,13230.0,,48.0,3.3,0.0761,0.1787,0,LOW
DEF-11554,Sepoy,1,Field Outpost,123,6.6,13.0,0.45,1,1.0,0.434,,0.122,0.41,0.153,0.215,6.8,0.297,,62.0,6791.0,0.82,24.0,3.1,0.0619,0.2705,0,LOW
DEF-11555,Sepoy,1,High Altitude (Siachen/Ladakh),31,2.6,6.0,0.85,1,0.0,0.417,0.406,,0.577,0.57,0.49,5.9,0.232,,74.0,7689.0,0.64,78.0,3.1,0.5081,0.4818,1,MEDIUM
DEF-11556,Naik,1,Counter-Insurgency,162,11.8,16.0,0.9,3,0.0,0.443,-0.506,1.0,0.47,,0.455,7.1,0.136,46.3,83.0,,0.72,76.0,3.8,0.7036,0.847,2,HIGH
DEF-11557,Sepoy,1,Peace Station,70,3.8,8.0,0.15,2,0.0,0.433,0.555,0.325,0.153,0.467,0.0,7.7,,58.0,57.0,5078.0,0.97,,2.1,0.107,0.1795,0,LOW
DEF-11558,Havildar,2,Counter-Insurgency,41,12.5,16.0,0.9,1,0.0,0.325,0.051,0.479,0.425,0.343,0.25,,0.226,45.2,77.0,3636.0,,59.0,,0.6003,0.4589,1,MEDIUM
DEF-11559,Subedar,3,Field Outpost,101,30.4,13.0,0.45,1,0.0,0.531,-0.023,0.81,0.657,0.582,0.621,7.4,0.25,53.6,73.0,4862.0,0.74,69.0,2.7,0.4775,0.4559,1,MEDIUM
DEF-11560,Sepoy,1,High Altitude (Siachen/Ladakh),78,19.9,13.0,0.85,2,0.0,0.175,,0.731,,0.844,0.417,6.5,,55.6,,6614.0,,121.0,2.1,0.4507,0.5342,1,MEDIUM
DEF-11561,Sepoy,1,Field Outpost,18,9.3,,0.45,4,1.0,0.211,-0.49,,0.395,0.808,0.522,6.3,0.158,,79.0,,0.66,,3.8,0.5108,0.3174,1,MEDIUM
DEF-11562,Havildar,2,Counter-Insurgency,50,8.6,9.0,0.9,1,1.0,0.277,-0.064,,0.548,0.792,0.094,6.9,,60.3,82.0,9975.0,0.61,,2.8,0.3542,0.3377,0,LOW
DEF-11563,Sepoy,1,High Altitude (Siachen/Ladakh),32,10.6,14.0,0.85,1,0.0,0.548,-0.008,,,,,7.4,0.228,43.5,75.0,,0.57,51.0,2.8,0.24,0.2508,0,LOW
DEF-11564,Havildar,2,Field Outpost,34,31.6,13.0,0.45,2,0.0,0.207,-0.222,0.85,0.799,1.0,0.776,5.1,,33.3,72.0,,0.66,85.0,,0.9626,0.8217,2,HIGH
DEF-11565,Sepoy,1,Peace Station,33,4.7,9.0,0.15,1,0.0,0.357,-0.035,,0.333,0.516,0.334,6.8,0.215,56.1,70.0,5371.0,0.61,47.0,2.4,0.1808,0.2041,0,LOW
DEF-11566,Naik,1,Counter-Insurgency,87,14.0,18.0,0.9,2,,0.582,-0.201,0.593,0.278,0.346,0.236,,0.21,60.7,69.0,8947.0,0.7,95.0,,0.3768,0.3993,1,MEDIUM
DEF-11567,Sepoy,1,High Altitude (Siachen/Ladakh),106,,13.0,0.85,2,1.0,0.377,-0.213,0.777,0.564,0.51,0.586,7.0,0.113,,81.0,7130.0,0.52,70.0,2.8,0.7117,0.6279,1,MEDIUM
DEF-11568,Naik,1,Field Outpost,38,24.3,6.0,0.45,2,0.0,0.256,-0.715,,0.57,0.46,,,0.181,35.7,74.0,7241.0,0.61,72.0,3.7,0.5466,0.4167,1,MEDIUM
DEF-11569,Naik,1,Peace Station,14,11.2,15.0,0.15,4,1.0,0.635,0.364,,0.809,,0.405,5.8,0.286,35.4,72.0,10358.0,0.72,65.0,3.4,0.2306,0.169,0,LOW
DEF-11570,Naik,1,High Altitude (Siachen/Ladakh),9,5.8,9.0,0.85,1,0.0,0.209,0.045,0.423,0.15,0.479,0.228,6.4,0.348,55.2,56.0,,,34.0,2.6,0.2797,0.2846,0,LOW
DEF-11571,Sepoy,1,Counter-Insurgency,184,16.5,8.0,0.9,3,0.0,0.102,-0.349,,0.605,,0.29,5.6,,,,,0.73,70.0,2.9,0.5588,0.4738,1,MEDIUM
DEF-11572,Havildar,2,Peace Station,70,25.2,11.0,0.15,4,2.0,0.67,,0.345,0.401,0.526,0.226,,,69.3,76.0,9127.0,0.91,42.0,2.7,0.6987,0.677,2,HIGH
DEF-11573,Subedar,3,Counter-Insurgency,102,11.7,,0.9,1,0.0,0.312,-0.526,0.8,0.62,,,5.4,0.271,49.9,71.0,,,,3.6,0.6168,0.5334,1,MEDIUM
DEF-11574,Sepoy,1,Peace Station,57,6.9,,0.15,1,0.0,0.584,0.298,0.366,0.547,0.425,0.254,7.9,,,,6831.0,0.84,55.0,2.9,0.1625,0.2575,0,LOW
DEF-11575,Sepoy,1,Counter-Insurgency,12,14.9,16.0,0.9,3,0.0,0.108,-0.2,1.0,,0.513,0.557,,0.139,,80.0,7291.0,,90.0,4.2,0.8321,0.6695,2,HIGH
DEF-11576,Sepoy,1,High Altitude (Siachen/Ladakh),82,0.2,13.0,0.85,3,0.0,0.622,-0.135,0.664,0.793,0.391,0.214,6.3,0.206,,70.0,4497.0,0.79,58.0,2.2,0.2149,0.2754,0,LOW
DEF-11577,Naik,1,Peace Station,153,12.1,15.0,0.15,1,0.0,0.197,,0.511,0.423,,0.132,6.1,0.292,51.4,62.0,10571.0,0.79,33.0,2.7,0.2268,0.5173,0,LOW
DEF-11578,Naik,1,Peace Station,42,24.0,7.0,0.15,2,1.0,0.302,,,0.646,0.367,0.41,5.8,0.197,46.4,,4345.0,0.93,70.0,2.6,0.1693,0.1807,0,LOW
DEF-11579,Naik,1,Field Outpost,10,21.4,8.0,0.45,2,2.0,0.334,-0.52,0.327,0.569,0.389,0.398,5.9,0.245,48.0,72.0,,0.79,42.0,3.0,0.1814,0.2223,0,LOW
DEF-11580,Sepoy,1,Field Outpost,28,12.8,10.0,0.45,1,1.0,0.227,0.278,0.138,,0.308,0.298,,0.226,,70.0,7557.0,0.73,57.0,2.7,0.1906,0.1461,0,LOW
DEF-11581,Sepoy,1,Counter-Insurgency,105,28.1,7.0,0.9,3,0.0,0.4,-0.179,0.74,0.364,0.58,,6.7,0.271,59.3,83.0,9051.0,,75.0,3.3,0.5323,0.4346,1,MEDIUM
DEF-11582,Naik,1,High Altitude (Siachen/Ladakh),78,30.2,8.0,0.85,2,3.0,0.477,-0.128,0.783,0.718,0.648,0.493,5.9,0.211,37.0,77.0,,,79.0,3.3,0.7901,0.6281,2,HIGH
DEF-11583,Naik,1,Field Outpost,124,19.6,3.0,0.45,3,0.0,0.475,0.28,0.337,0.222,0.261,0.211,7.9,,48.5,67.0,1632.0,,40.0,1.9,0.2142,0.2226,0,LOW
DEF-11584,Colonel,4,Counter-Insurgency,64,1.5,14.0,0.9,2,0.0,0.675,0.181,0.835,0.871,0.456,0.341,4.8,0.194,30.6,71.0,,0.7,86.0,2.8,0.9085,0.8309,2,HIGH
DEF-11585,Sepoy,1,Field Outpost,95,0.0,16.0,0.45,2,0.0,,,0.2,0.14,0.51,0.0,6.7,0.312,,74.0,,,,,0.1358,0.2424,0,LOW
DEF-11586,Naik,1,High Altitude (Siachen/Ladakh),49,25.8,16.0,0.85,2,0.0,0.07,0.001,0.561,,0.613,0.159,7.6,0.259,44.4,,10182.0,0.78,95.0,2.5,0.5138,0.4586,1,MEDIUM
DEF-11587,Sepoy,1,High Altitude (Siachen/Ladakh),30,16.1,9.0,0.85,1,0.0,,-0.081,0.716,0.852,0.665,0.573,,,24.8,77.0,4760.0,0.54,80.0,2.8,0.6138,0.4431,1,MEDIUM
DEF-11588,Sepoy,1,Counter-Insurgency,95,27.9,15.0,0.9,3,0.0,0.519,-0.26,0.622,0.523,0.737,0.46,5.8,,37.0,,6779.0,0.71,68.0,3.1,0.8101,0.6993,2,HIGH
DEF-11589,Havildar,2,Peace Station,106,2.6,8.0,0.15,2,0.0,0.682,0.46,0.736,0.238,0.116,,8.5,0.18,66.4,65.0,,,52.0,2.1,0.293,0.3934,0,LOW
DEF-11590,Naik,1,Field Outpost,43,12.6,6.0,0.45,3,3.0,,,0.422,0.421,,0.079,6.5,0.25,53.9,75.0,7570.0,0.91,162.0,2.3,0.3846,0.2681,0,LOW
DEF-11591,Colonel,4,Field Outpost,145,22.7,7.0,0.45,3,0.0,0.441,-0.303,0.627,0.605,0.655,,5.9,0.226,41.2,69.0,,,62.0,2.8,0.3864,0.4012,1,MEDIUM
DEF-11592,Sepoy,1,Field Outpost,148,7.8,14.0,0.45,2,0.0,0.826,-0.217,0.538,0.839,0.321,0.163,6.2,0.199,,72.0,6546.0,0.72,63.0,3.8,0.484,0.5344,1,MEDIUM
DEF-11593,Sepoy,1,Field Outpost,34,22.6,9.0,0.45,1,1.0,0.642,-0.504,,,0.678,0.324,5.2,0.174,,88.0,9127.0,0.55,104.0,4.0,0.8909,0.7075,2,HIGH
DEF-11594,Havildar,2,High Altitude (Siachen/Ladakh),35,13.0,16.0,0.85,4,0.0,0.249,0.03,0.592,0.539,,0.504,6.2,0.265,46.6,69.0,9415.0,,70.0,2.8,0.5003,0.4326,1,MEDIUM
DEF-11595,Naik,1,Peace Station,36,14.2,14.0,0.15,1,2.0,,-0.686,0.336,0.602,0.345,0.266,7.0,0.237,46.8,,12263.0,,64.0,2.6,0.2466,0.1937,0,LOW
DEF-11596,Sepoy,1,Field Outpost,59,3.9,13.0,0.45,4,1.0,0.15,-0.777,,0.381,,0.28,5.6,,60.6,,9233.0,0.8,,4.3,0.3102,0.3184,0,LOW
DEF-11597,Sepoy,1,Peace Station,50,16.1,11.0,0.15,2,0.0,0.63,0.121,0.307,,0.426,,,0.198,,58.0,10664.0,0.84,42.0,,0.0903,0.1047,0,LOW
DEF-11598,Sepoy,1,Peace Station,25,32.6,17.0,0.15,1,0.0,0.067,-0.551,0.515,0.637,,0.469,5.8,0.181,,81.0,7304.0,0.7,155.0,3.7,0.6751,0.5716,1,MEDIUM
DEF-11599,Subedar,3,High Altitude (Siachen/Ladakh),36,17.3,10.0,0.85,3,0.0,0.2,-0.394,0.525,0.659,0.713,0.426,7.5,0.23,49.8,63.0,6304.0,0.79,70.0,3.0,0.226,0.2332,0,LOW
DEF-11600,Sepoy,1,Peace Station,12,7.3,9.0,0.15,3,0.0,0.397,-0.056,0.697,,0.493,0.064,6.9,0.251,,77.0,5976.0,0.8,64.0,2.9,0.1178,0.1611,0,LOW
DEF-11601,Sepoy,1,Peace Station,14,25.9,14.0,0.15,3,0.0,0.151,-0.531,0.514,0.772,0.332,0.488,6.6,0.232,37.0,64.0,7853.0,0.75,,3.0,0.5198,0.3574,1,MEDIUM
DEF-11602,Sepoy,1,Field Outpost,22,7.5,14.0,0.45,1,0.0,0.233,,0.632,0.576,0.559,0.28,7.6,0.206,,70.0,7605.0,0.79,49.0,3.6,0.296,0.3248,0,LOW
DEF-11603,Sepoy,1,Peace Station,178,28.6,21.0,0.15,3,0.0,0.278,0.486,0.737,0.564,0.353,0.335,7.4,0.276,58.4,66.0,,0.75,61.0,2.1,0.5532,0.7313,1,MEDIUM
DEF-11604,Sepoy,1,Peace Station,166,3.2,17.0,0.15,2,,0.122,0.109,0.644,0.444,0.328,,7.0,0.214,,65.0,,0.8,51.0,3.6,0.3729,0.5377,1,MEDIUM
DEF-11605,Naik,1,Counter-Insurgency,98,16.3,10.0,0.9,2,0.0,0.272,-0.015,1.0,,0.412,0.421,7.8,,39.8,80.0,13579.0,,90.0,4.0,0.7935,0.6827,2,HIGH
DEF-11606,Sepoy,1,High Altitude (Siachen/Ladakh),43,27.0,14.0,0.85,4,2.0,0.6,-0.519,0.745,0.648,0.729,0.539,5.2,,,83.0,5528.0,0.69,127.0,3.3,0.9618,0.827,2,HIGH
DEF-11607,Havildar,2,Peace Station,21,6.6,16.0,0.15,2,,0.501,0.486,0.203,,0.237,0.0,,0.285,54.8,70.0,8535.0,,68.0,,0.0691,0.103,0,LOW
DEF-11608,Sepoy,1,Peace Station,64,14.7,16.0,0.15,1,2.0,0.154,-0.881,0.359,,,0.486,,0.305,,68.0,1200.0,,55.0,3.2,0.1766,0.19,0,LOW
DEF-11609,Naik,1,Counter-Insurgency,83,23.8,14.0,0.9,2,0.0,0.358,-0.703,0.707,0.478,,0.574,6.8,0.293,38.7,77.0,6999.0,0.55,94.0,3.2,0.5098,0.4839,1,MEDIUM
DEF-11610,Subedar,3,Peace Station,39,0.0,,0.15,2,0.0,0.368,-0.231,0.319,0.172,,0.0,7.6,0.262,68.8,72.0,12172.0,0.7,44.0,,0.1098,0.0706,0,LOW
DEF-11611,Naik,1,Field Outpost,80,21.9,,0.45,3,0.0,0.46,,0.577,0.796,0.714,0.518,6.0,0.247,42.2,73.0,7189.0,,149.0,,0.8949,0.7775,2,HIGH
DEF-11612,Naik,1,Field Outpost,28,13.3,7.0,0.45,1,2.0,0.03,0.28,0.509,0.424,0.667,0.212,6.8,,41.6,79.0,,0.75,,2.7,0.3524,0.2948,0,LOW
DEF-11613,Sepoy,1,High Altitude (Siachen/Ladakh),44,26.3,10.0,0.85,3,0.0,0.182,,0.92,0.598,0.506,0.6,6.6,,44.2,,5361.0,0.64,78.0,4.5,0.8861,0.6155,2,HIGH
DEF-11614,Sepoy,1,Counter-Insurgency,54,7.0,14.0,0.9,3,0.0,0.47,-0.0,0.254,0.544,0.557,0.203,,,37.5,66.0,10141.0,,69.0,2.7,0.3611,0.3846,1,MEDIUM
DEF-11615,Naik,1,Field Outpost,169,2.2,10.0,0.45,1,0.0,0.279,,0.439,0.235,0.343,0.097,7.3,0.278,51.1,83.0,11514.0,0.77,,3.5,0.2119,0.2609,0,LOW
DEF-11616,Colonel,4,Field Outpost,36,9.4,11.0,0.45,1,0.0,0.057,-0.67,0.512,,0.548,0.393,7.1,,49.3,,15567.0,0.75,64.0,2.6,0.3714,0.2727,0,LOW
DEF-11617,Naik,1,High Altitude (Siachen/Ladakh),83,9.2,21.0,0.85,2,0.0,,0.172,0.303,,,,,0.293,63.2,71.0,,,59.0,2.3,0.1721,0.2943,0,LOW
DEF-11618,Naik,1,Counter-Insurgency,32,12.2,16.0,0.9,3,0.0,0.688,-0.247,,,,0.458,6.4,0.222,51.4,,,0.9,91.0,3.4,0.3011,0.2721,0,LOW
DEF-11619,Havildar,2,Counter-Insurgency,29,10.0,14.0,0.9,2,1.0,0.336,-0.575,,0.96,0.741,0.4,,0.17,38.8,79.0,8294.0,0.66,102.0,3.4,0.4962,0.4643,1,MEDIUM
DEF-11620,Naik,1,High Altitude (Siachen/Ladakh),39,0.0,10.0,0.85,3,0.0,0.268,-0.227,,,0.539,0.356,6.5,,39.2,75.0,,0.79,55.0,2.9,0.0962,0.1396,0,LOW
DEF-11621,Sepoy,1,Counter-Insurgency,65,13.2,13.0,0.9,2,0.0,0.65,,0.85,0.58,0.368,0.295,6.4,0.164,,75.0,,,92.0,3.6,0.4677,0.3744,1,MEDIUM
DEF-11622,Naik,1,Peace Station,156,16.0,5.0,0.15,2,1.0,0.534,0.375,0.365,0.253,0.515,0.188,,0.323,64.9,61.0,7027.0,0.95,50.0,3.0,0.107,0.2361,0,LOW
DEF-11623,Major,4,Field Outpost,43,12.4,14.0,0.45,1,0.0,0.528,-0.354,0.532,0.685,0.229,0.181,,0.203,54.7,64.0,7952.0,,60.0,2.7,0.4442,0.4939,1,MEDIUM
DEF-11624,Sepoy,1,Peace Station,106,16.4,12.0,0.15,1,2.0,0.534,-0.185,0.222,0.391,0.177,0.267,,0.312,,54.0,7529.0,0.78,87.0,1.7,0.0364,0.0927,0,LOW
DEF-11625,Naik,1,Peace Station,174,14.7,9.0,0.15,3,0.0,0.475,0.281,0.322,0.306,0.291,0.283,,,51.5,69.0,,,74.0,,0.0669,0.1019,0,LOW
DEF-11626,Sepoy,1,Field Outpost,75,2.3,22.0,0.45,3,0.0,0.345,-0.535,0.845,0.742,0.541,0.363,6.3,0.206,,80.0,10867.0,0.51,92.0,2.7,0.2887,0.3864,0,LOW
DEF-11627,Naik,1,Counter-Insurgency,117,11.4,9.0,0.9,2,0.0,,-0.55,0.498,,0.724,0.13,6.6,0.269,52.4,71.0,11659.0,0.8,67.0,4.3,0.3291,0.2995,0,LOW
DEF-11628,Sepoy,1,Field Outpost,37,15.0,14.0,0.45,2,4.0,0.219,0.5,0.537,0.514,0.644,0.249,6.3,0.242,,80.0,9699.0,,107.0,4.0,0.4599,0.367,1,MEDIUM
DEF-11629,Naik,1,High Altitude (Siachen/Ladakh),81,12.0,15.0,0.85,2,1.0,0.391,-0.34,,0.427,0.386,0.413,6.2,0.223,36.4,77.0,5884.0,,54.0,4.0,0.5641,0.5833,1,MEDIUM
DEF-11630,Havildar,2,Peace Station,94,1.3,11.0,0.15,1,1.0,0.374,0.071,0.932,0.429,0.519,0.2,6.5,0.251,63.5,,10964.0,,,,0.0403,0.102,0,LOW
DEF-11631,Sepoy,1,High Altitude (Siachen/Ladakh),24,24.4,17.0,0.85,2,0.0,0.065,-0.353,,0.83,0.769,0.432,5.9,,45.5,86.0,14695.0,,156.0,4.4,0.7869,0.7302,2,HIGH
DEF-11632,Naik,1,Field Outpost,35,5.7,6.0,0.45,2,2.0,0.245,,0.822,,,0.42,6.2,0.145,42.8,70.0,12187.0,0.74,,4.6,0.5446,0.3803,1,MEDIUM
DEF-11633,Havildar,2,High Altitude (Siachen/Ladakh),53,3.4,5.0,0.85,2,2.0,0.618,-0.145,0.45,0.339,0.492,0.289,6.3,0.127,50.3,,,0.6,61.0,3.8,0.2079,0.2024,0,LOW
DEF-11634,Subedar,3,Peace Station,39,14.3,11.0,0.15,2,0.0,0.47,-0.065,0.619,,0.451,0.331,7.3,0.242,59.5,82.0,11339.0,0.68,56.0,3.3,0.1148,0.1773,0,LOW
DEF-11635,Sepoy,1,Field Outpost,57,11.3,11.0,0.45,3,0.0,0.154,,0.29,0.476,0.393,0.121,7.5,0.24,,64.0,,0.82,58.0,2.8,0.1122,0.1093,0,LOW
DEF-11636,Sepoy,1,Field Outpost,22,19.1,14.0,0.45,1,4.0,0.289,,0.398,0.511,0.203,0.109,7.1,0.266,51.9,72.0,,0.92,53.0,3.2,0.0291,0.01,0,LOW
DEF-11637,Sepoy,1,Field Outpost,164,21.4,12.0,0.45,1,0.0,0.631,0.108,0.523,0.597,,0.295,5.7,0.177,,,,,,2.7,0.3614,0.3753,1,MEDIUM
DEF-11638,Colonel,4,Peace Station,112,20.1,10.0,0.15,1,,0.162,0.371,0.387,0.337,0.535,0.264,8.0,,55.7,72.0,7850.0,0.87,45.0,2.8,0.1029,0.2936,0,LOW
DEF-11639,Subedar,3,Field Outpost,326,14.0,12.0,0.45,3,1.0,0.668,-0.183,0.389,,0.393,0.259,6.5,0.282,51.2,63.0,10363.0,0.54,75.0,2.1,0.2495,0.3436,0,LOW
DEF-11640,Naik,1,Field Outpost,27,18.7,13.0,0.45,2,0.0,0.36,-0.381,0.434,,0.587,0.49,7.0,0.209,39.3,76.0,6137.0,0.65,69.0,2.2,0.2783,0.232,0,LOW
DEF-11641,Havildar,2,High Altitude (Siachen/Ladakh),83,0.7,,0.85,1,,0.183,-0.229,0.471,0.799,0.502,0.259,5.5,0.191,41.4,69.0,8499.0,0.67,134.0,3.0,0.7675,0.7306,2,HIGH
DEF-11642,Naik,1,High Altitude (Siachen/Ladakh),40,23.3,14.0,0.85,4,0.0,0.253,-0.565,0.64,0.854,0.562,0.507,5.3,0.061,39.5,79.0,8009.0,0.53,80.0,3.9,0.8795,0.7425,2,HIGH
DEF-11643,Naik,1,Counter-Insurgency,29,,11.0,0.9,2,0.0,0.602,0.014,,0.654,0.513,0.261,5.8,0.261,44.9,71.0,9526.0,0.69,124.0,,0.0944,0.1075,0,LOW
DEF-11644,Sepoy,1,Field Outpost,109,30.7,17.0,0.45,1,0.0,0.863,-0.76,0.668,0.477,0.504,0.674,6.9,0.207,,79.0,6548.0,,,3.5,0.4158,0.5557,1,MEDIUM
DEF-11645,Havildar,2,Peace Station,66,23.6,12.0,0.15,2,0.0,0.294,0.341,,,,0.386,,0.267,52.8,60.0,15443.0,,65.0,,0.4909,0.4295,1,MEDIUM
DEF-11646,Sepoy,1,High Altitude (Siachen/Ladakh),51,12.3,9.0,0.85,3,0.0,0.709,,0.936,0.664,0.542,0.416,5.2,0.23,,85.0,7435.0,0.73,94.0,3.6,0.2946,0.2728,0,LOW
DEF-11647,Havildar,2,Field Outpost,76,14.2,7.0,0.45,2,0.0,,,0.653,0.609,0.322,0.41,8.0,0.167,50.7,64.0,,0.75,63.0,,0.3389,0.4059,1,MEDIUM
DEF-11648,Havildar,2,Peace Station,36,24.1,19.0,0.15,2,0.0,0.486,-0.064,0.557,0.254,0.691,0.47,,0.208,62.9,,12236.0,,62.0,3.1,0.6367,0.5645,1,MEDIUM
DEF-11649,Havildar,2,High Altitude (Siachen/Ladakh),35,0.0,15.0,0.85,1,0.0,0.343,,0.774,0.59,0.716,0.086,6.8,0.176,61.1,69.0,8765.0,0.66,66.0,,0.4478,0.3796,1,MEDIUM
DEF-11650,Sepoy,1,Peace Station,41,12.6,12.0,0.15,1,2.0,0.191,0.214,,0.308,,0.169,5.9,,,,,0.65,74.0,2.6,0.2116,0.2672,0,LOW
DEF-11651,Sepoy,1,Peace Station,121,28.5,10.0,0.15,1,0.0,0.346,-0.261,,0.661,0.814,,5.8,0.117,41.0,,7017.0,0.66,,3.5,0.8125,0.7177,2,HIGH
DEF-11652,Sepoy,1,High Altitude (Siachen/Ladakh),116,21.2,12.0,0.85,1,0.0,0.242,-0.175,0.824,0.787,0.569,0.326,,0.165,53.3,62.0,8688.0,,79.0,3.8,0.5928,0.6666,1,MEDIUM
DEF-11653,Sepoy,1,High Altitude (Siachen/Ladakh),26,6.9,9.0,0.85,2,0.0,0.484,-0.08,1.0,0.328,0.323,0.182,,,31.2,82.0,11605.0,0.7,57.0,3.3,0.131,0.0457,0,LOW
DEF-11654,Sepoy,1,High Altitude (Siachen/Ladakh),160,16.7,17.0,0.85,2,0.0,0.334,0.28,0.352,0.272,0.784,0.322,6.4,,,71.0,7738.0,0.7,49.0,2.7,0.5604,0.7341,1,MEDIUM
DEF-11655,Major,4,Peace Station,63,5.7,13.0,0.15,2,0.0,0.533,0.582,0.785,,0.313,,7.2,0.246,60.4,69.0,,,39.0,2.8,0.1907,0.1776,0,LOW
DEF-11656,Naik,1,Counter-Insurgency,82,11.1,14.0,0.9,2,1.0,0.563,-0.269,0.642,0.609,0.584,0.585,6.1,0.203,45.1,75.0,7157.0,0.79,,4.7,0.6816,0.6595,1,MEDIUM
DEF-11657,Sepoy,1,High Altitude (Siachen/Ladakh),40,16.8,11.0,0.85,1,1.0,0.445,-0.631,0.736,0.728,0.626,0.593,6.2,0.193,35.4,,,0.59,,5.0,0.7223,0.5064,1,MEDIUM
DEF-11658,Sepoy,1,High Altitude (Siachen/Ladakh),65,18.3,16.0,0.85,1,0.0,0.3,-0.16,0.673,0.68,0.615,0.479,6.9,,44.4,75.0,9679.0,0.54,,3.1,0.4579,0.4184,1,MEDIUM
DEF-11659,Sepoy,1,High Altitude (Siachen/Ladakh),29,20.2,8.0,0.85,1,3.0,0.496,0.355,0.588,0.445,0.321,0.31,5.2,0.241,37.9,,7357.0,,82.0,,0.4926,0.3755,1,MEDIUM
DEF-11660,Naik,1,Field Outpost,38,24.5,15.0,0.45,1,1.0,0.561,-0.131,,0.786,0.747,0.403,5.3,0.194,42.4,72.0,,0.62,,2.9,0.7896,0.6329,2,HIGH
DEF-11661,Naik,1,Peace Station,104,3.9,12.0,0.15,3,0.0,0.949,-0.096,0.501,,0.167,0.071,7.5,0.237,55.0,,7804.0,,37.0,1.7,0.3022,0.3541,0,LOW
DEF-11662,Subedar,3,High Altitude (Siachen/Ladakh),105,,13.0,0.85,3,0.0,0.733,0.287,0.632,,,0.321,6.4,0.219,43.4,65.0,,0.69,75.0,3.0,0.2615,0.3651,0,LOW
DEF-11663,Naik,1,High Altitude (Siachen/Ladakh),85,6.8,9.0,0.85,3,1.0,0.512,-0.109,0.531,0.402,0.495,0.197,6.1,0.247,40.7,78.0,12195.0,0.68,59.0,3.3,0.3115,0.3777,0,LOW
DEF-11664,Colonel,4,Peace Station,49,10.6,18.0,0.15,2,2.0,0.756,0.18,0.617,0.394,0.304,0.0,5.7,0.226,66.8,61.0,,0.65,77.0,2.3,0.5605,0.5283,1,MEDIUM
DEF-11665,Subedar,3,High Altitude (Siachen/Ladakh),25,7.6,14.0,0.85,1,0.0,0.916,-0.479,0.342,0.47,,0.11,6.1,0.262,58.8,,9718.0,0.79,72.0,2.3,0.4248,0.245,1,MEDIUM
DEF-11666,Sepoy,1,Field Outpost,130,18.2,11.0,0.45,3,0.0,,,,0.655,0.694,,6.3,0.12,,81.0,8674.0,0.67,97.0,,0.6815,0.6632,1,MEDIUM
DEF-11667,Major,4,Field Outpost,109,23.0,7.0,0.45,2,0.0,0.288,-0.018,,0.54,0.606,,5.6,0.198,52.8,80.0,9919.0,0.7,78.0,4.2,0.7454,0.6016,2,HIGH
DEF-11668,Sepoy,1,Field Outpost,16,23.4,11.0,0.45,1,0.0,0.392,-0.506,1.0,0.782,0.826,0.659,5.0,,,79.0,12241.0,0.57,98.0,3.9,0.936,0.6495,2,HIGH
DEF-11669,Havildar,2,Peace Station,106,4.6,13.0,0.15,4,1.0,0.379,0.022,0.667,0.269,0.303,0.064,,,55.4,64.0,1638.0,,51.0,,0.1315,0.2717,0,LOW
DEF-11670,Sepoy,1,Peace Station,51,13.0,6.0,0.15,1,2.0,0.167,0.121,0.159,0.146,0.142,0.137,8.4,0.281,61.6,60.0,5690.0,,,2.4,0.4356,0.4034,1,MEDIUM
DEF-11671,Subedar,3,High Altitude (Siachen/Ladakh),96,4.4,13.0,0.85,2,0.0,0.126,-0.094,,,0.41,0.34,,0.187,51.1,67.0,12611.0,,68.0,3.3,0.3108,0.4274,1,MEDIUM
DEF-11672,Subedar,3,Peace Station,22,4.1,15.0,0.15,2,0.0,0.466,0.2,,0.359,,0.178,7.7,,52.8,60.0,6805.0,0.89,39.0,1.7,0.1934,0.1288,0,LOW
DEF-11673,Havildar,2,Peace Station,41,8.4,8.0,0.15,3,1.0,,0.559,0.186,0.233,0.36,0.197,7.5,,52.8,70.0,8881.0,0.87,,1.7,0.162,0.0546,0,LOW
DEF-11674,Havildar,2,Counter-Insurgency,68,16.9,14.0,0.9,4,0.0,0.349,-0.283,0.355,1.0,0.676,0.343,,,43.2,80.0,9428.0,0.76,71.0,3.2,0.66,0.5427,1,MEDIUM
DEF-11675,Sepoy,1,Peace Station,164,18.4,9.0,0.15,4,0.0,,,0.841,0.874,0.528,0.202,5.6,0.154,41.4,75.0,8471.0,,130.0,1.9,0.6265,0.6022,1,MEDIUM
DEF-11676,Sepoy,1,High Altitude (Siachen/Ladakh),68,19.6,12.0,0.85,2,0.0,,-0.507,0.587,0.534,0.871,0.366,6.7,0.211,,77.0,,0.56,99.0,,0.737,0.6266,2,HIGH
DEF-11677,Sepoy,1,Counter-Insurgency,118,19.0,12.0,0.9,2,0.0,0.117,-0.338,0.671,0.767,0.879,0.501,5.7,0.17,56.5,75.0,3848.0,,71.0,3.5,0.7629,0.7251,2,HIGH
DEF-11678,Sepoy,1,Field Outpost,74,6.8,12.0,0.45,1,0.0,0.291,,,0.52,0.196,0.14,6.8,0.232,,,6528.0,0.67,,3.2,0.1351,0.1322,0,LOW
DEF-11679,Naik,1,High Altitude (Siachen/Ladakh),72,24.1,17.0,0.85,2,0.0,,-0.521,0.797,,0.838,0.548,5.0,0.177,35.7,87.0,,0.52,92.0,4.7,0.9381,0.741,2,HIGH
DEF-11680,Sepoy,1,Counter-Insurgency,87,20.8,10.0,0.9,3,0.0,0.35,-0.051,1.0,0.624,,0.543,,0.123,44.8,73.0,8433.0,,103.0,4.2,0.822,0.669,2,HIGH
DEF-11681,Major,4,Counter-Insurgency,62,10.5,13.0,0.9,2,2.0,0.293,0.229,,,,,5.4,,54.6,71.0,12800.0,0.79,72.0,,0.5384,0.4663,1,MEDIUM
DEF-11682,Naik,1,Field Outpost,102,10.8,15.0,0.45,1,2.0,0.457,-0.34,0.356,0.499,0.683,0.281,7.9,0.246,47.4,,10757.0,,139.0,1.9,0.0966,0.2518,0,LOW
DEF-11683,Havildar,2,Field Outpost,31,,12.0,0.45,1,0.0,0.101,,,0.343,,0.038,7.9,0.254,70.0,75.0,,0.84,37.0,1.7,0.1977,0.2574,0,LOW
DEF-11684,Sepoy,1,Field Outpost,62,3.0,18.0,0.45,2,0.0,0.41,,,0.562,0.621,0.111,7.9,0.267,,72.0,,0.77,,3.6,0.1259,0.268,0,LOW
DEF-11685,Subedar,3,High Altitude (Siachen/Ladakh),172,19.7,17.0,0.85,1,0.0,0.069,-0.535,,0.677,1.0,0.473,5.9,,45.8,80.0,8558.0,0.66,118.0,,0.5701,0.685,1,MEDIUM
DEF-11686,Subedar,3,Counter-Insurgency,121,21.0,11.0,0.9,1,0.0,0.541,-0.007,1.0,0.645,0.761,0.492,,0.208,50.3,72.0,8581.0,0.59,91.0,4.4,0.72,0.7215,2,HIGH
DEF-11687,Naik,1,High Altitude (Siachen/Ladakh),77,6.1,8.0,0.85,1,0.0,0.737,-0.119,0.516,0.56,,,6.0,0.257,63.0,69.0,5586.0,0.68,49.0,3.1,0.3578,0.2978,0,LOW
DEF-11688,Naik,1,Field Outpost,112,3.5,11.0,0.45,1,0.0,,,0.349,0.431,0.683,0.203,6.6,0.173,43.9,66.0,3646.0,0.83,43.0,2.8,0.1749,0.2209,0,LOW
DEF-11689,Havildar,2,Field Outpost,147,6.0,7.0,0.45,1,2.0,0.234,0.126,0.395,0.397,0.277,0.152,6.1,,66.0,64.0,8577.0,0.79,41.0,3.2,0.1551,0.2552,0,LOW
DEF-11690,Sepoy,1,Peace Station,14,14.9,14.0,0.15,3,2.0,0.4,0.396,0.373,0.21,0.16,0.137,8.2,0.36,,55.0,7041.0,0.81,55.0,2.3,0.1079,0.0985,0,LOW
DEF-11691,Naik,1,Peace Station,54,2.3,12.0,0.15,2,1.0,,,0.419,0.755,0.253,0.036,7.8,,49.4,67.0,8624.0,,43.0,2.3,0.143,0.1781,0,LOW
DEF-11692,Sepoy,1,High Altitude (Siachen/Ladakh),41,23.6,7.0,0.85,2,0.0,0.87,-0.406,0.544,,0.66,0.597,6.2,0.202,40.8,75.0,7979.0,0.68,73.0,3.3,0.6789,0.5061,1,MEDIUM
DEF-11693,Sepoy,1,Peace Station,23,23.1,14.0,0.15,2,,0.478,-0.266,0.478,0.353,0.432,0.395,6.6,0.221,,,12831.0,,79.0,2.1,0.1408,0.1417,0,LOW
DEF-11694,Sepoy,1,Peace Station,186,17.6,15.0,0.15,1,0.0,0.329,0.109,0.365,0.38,0.328,0.281,7.0,0.287,51.2,68.0,,,,2.6,0.0358,0.2418,0,LOW
DEF-11695,Sepoy,1,High Altitude (Siachen/Ladakh),90,20.9,16.0,0.85,3,0.0,0.575,-0.64,0.991,0.685,0.629,0.697,6.2,0.157,,89.0,7347.0,,118.0,,0.8711,0.9047,2,HIGH
DEF-11696,Sepoy,1,Peace Station,110,14.5,10.0,0.15,4,0.0,0.388,0.014,0.377,0.638,0.268,0.179,6.7,0.287,,69.0,11378.0,,47.0,,0.0439,0.1462,0,LOW
DEF-11697,Sepoy,1,Counter-Insurgency,42,18.0,21.0,0.9,1,0.0,0.338,-0.406,0.689,,0.432,0.439,6.0,0.168,,71.0,13787.0,,85.0,3.8,0.4555,0.429,1,MEDIUM
DEF-11698,Major,4,Peace Station,53,2.9,12.0,0.15,1,0.0,0.287,,,,0.241,0.173,7.0,0.202,69.2,67.0,5592.0,,,,0.1809,0.2107,0,LOW
DEF-11699,Naik,1,Counter-Insurgency,64,25.8,7.0,0.9,2,0.0,0.141,-0.322,0.787,0.832,0.635,0.572,,0.128,39.5,,9993.0,0.59,76.0,,0.9245,0.7262,2,HIGH
DEF-11700,Major,4,Field Outpost,81,9.9,6.0,0.45,1,2.0,,-0.184,,0.395,0.6,0.42,,0.236,30.5,67.0,,,69.0,2.4,0.5095,0.3666,1,MEDIUM
DEF-11701,Sepoy,1,Peace Station,100,12.9,11.0,0.15,4,0.0,0.452,-0.496,0.708,0.707,0.311,0.161,6.9,0.163,64.4,,12012.0,,,3.3,0.2544,0.4409,0,LOW
DEF-11702,Sepoy,1,High Altitude (Siachen/Ladakh),17,35.1,7.0,0.85,2,0.0,0.2,0.055,0.981,0.797,0.616,0.785,,0.133,14.0,,9684.0,0.52,142.0,3.4,0.98,0.7855,2,HIGH
DEF-11703,Naik,1,Counter-Insurgency,96,12.1,11.0,0.9,1,0.0,0.611,,,0.418,0.784,0.21,6.7,0.22,54.0,76.0,8724.0,,,2.9,0.4735,0.5097,1,MEDIUM
DEF-11704,Sepoy,1,Field Outpost,55,20.3,11.0,0.45,2,0.0,0.188,,0.936,0.812,0.516,,,0.136,43.4,77.0,5170.0,,97.0,4.0,0.7438,0.6938,2,HIGH
DEF-11705,Sepoy,1,High Altitude (Siachen/Ladakh),150,18.4,9.0,0.85,2,0.0,0.643,-0.138,0.601,0.453,0.441,0.447,5.8,0.263,,,13107.0,0.77,63.0,,0.7347,0.7284,2,HIGH
DEF-11706,Naik,1,Counter-Insurgency,133,2.7,17.0,0.9,1,0.0,0.72,0.116,0.58,0.676,0.545,0.145,5.9,0.239,41.3,67.0,11779.0,0.96,,2.8,0.2987,0.4916,1,MEDIUM
DEF-11707,Sepoy,1,Peace Station,76,5.5,21.0,0.15,3,0.0,0.169,0.184,,0.431,0.342,0.206,7.4,0.267,,70.0,2974.0,0.79,65.0,2.2,0.1064,0.2348,0,LOW
DEF-11708,Naik,1,High Altitude (Siachen/Ladakh),65,31.3,7.0,0.85,1,0.0,0.319,,,0.766,0.893,0.862,5.3,0.211,31.9,79.0,10014.0,0.56,154.0,3.7,0.9769,0.7767,2,HIGH
DEF-11709,Naik,1,Peace Station,53,18.9,15.0,0.15,4,0.0,0.416,0.119,,,,0.531,5.8,0.16,47.2,63.0,9681.0,0.87,96.0,4.3,0.2365,0.2579,0,LOW
DEF-11710,Sepoy,1,Field Outpost,81,13.9,14.0,0.45,1,0.0,0.454,-0.24,0.477,0.43,0.372,,6.5,,,75.0,4006.0,0.86,48.0,3.1,0.1586,0.2151,0,LOW
DEF-11711,Sepoy,1,Peace Station,129,9.4,9.0,0.15,3,0.0,0.563,0.018,0.251,0.375,0.337,0.318,,,,61.0,10494.0,0.72,78.0,3.1,0.1357,0.3108,0,LOW
DEF-11712,Havildar,2,Field Outpost,66,16.7,17.0,0.45,1,1.0,0.461,,0.313,0.282,,0.232,6.2,0.273,53.7,63.0,5640.0,0.72,,2.9,0.2636,0.3286,0,LOW
DEF-11713,Naik,1,Peace Station,45,17.5,10.0,0.15,2,1.0,,-0.127,0.563,0.574,0.466,0.569,7.0,0.181,50.1,67.0,,0.68,92.0,,0.2151,0.2037,0,LOW
DEF-11714,Sepoy,1,Peace Station,65,15.9,7.0,0.15,2,0.0,0.644,,0.493,0.29,0.247,,7.0,0.259,,81.0,9921.0,,81.0,2.8,0.111,0.1507,0,LOW
DEF-11715,Colonel,4,Field Outpost,77,23.1,13.0,0.45,1,0.0,0.544,-0.849,,0.906,1.0,0.357,4.9,0.261,37.5,85.0,6033.0,0.58,76.0,4.2,0.802,0.6503,2,HIGH
DEF-11716,Sepoy,1,Field Outpost,29,6.6,8.0,0.45,2,0.0,0.247,0.472,0.91,0.79,0.515,,,,,84.0,8872.0,,75.0,4.3,0.3978,0.2958,1,MEDIUM
DEF-11717,Naik,1,Field Outpost,24,5.5,15.0,0.45,1,1.0,,0.178,0.73,0.657,0.604,0.432,6.9,0.208,52.6,82.0,7736.0,0.81,65.0,3.3,0.3347,0.2977,0,LOW
DEF-11718,Colonel,4,Field Outpost,45,22.9,5.0,0.45,2,0.0,0.468,-0.191,,0.518,0.419,0.508,6.8,,64.1,80.0,11653.0,0.75,,2.9,0.2451,0.1754,0,LOW
DEF-11719,Sepoy,1,Peace Station,150,32.0,11.0,0.15,2,1.0,0.333,-0.325,1.0,,0.772,0.85,4.7,0.151,,94.0,7347.0,0.74,,3.9,0.9231,0.8319,2,HIGH
DEF-11720,Sepoy,1,Counter-Insurgency,125,21.2,11.0,0.9,3,0.0,0.109,-0.476,0.79,0.538,0.43,0.601,,0.132,,82.0,5849.0,0.6,98.0,3.7,0.7907,0.7423,2,HIGH
DEF-11721,Sepoy,1,Field Outpost,20,25.0,12.0,0.45,1,0.0,0.169,-0.271,0.685,0.6,0.333,0.479,5.5,,,70.0,5655.0,0.78,51.0,2.3,0.5468,0.4099,1,MEDIUM
DEF-11722,Sepoy,1,Peace Station,34,13.4,19.0,0.15,1,0.0,0.702,-0.292,1.0,0.527,0.528,0.15,6.7,0.199,44.6,72.0,,,,2.6,0.4655,0.3568,1,MEDIUM
DEF-11723,Sepoy,1,Field Outpost,99,,6.0,0.45,2,0.0,0.581,,0.637,,0.588,0.303,6.2,0.275,,64.0,4361.0,,52.0,3.9,0.4283,0.4029,1,MEDIUM
DEF-11724,Naik,1,High Altitude (Siachen/Ladakh),49,16.1,14.0,0.85,3,0.0,0.683,,0.437,0.677,0.505,0.46,6.0,0.175,61.4,72.0,8064.0,0.67,75.0,3.7,0.5283,0.4054,1,MEDIUM
DEF-11725,Sepoy,1,Peace Station,84,13.5,14.0,0.15,3,,0.449,0.076,0.372,0.556,,0.326,5.9,,,75.0,15356.0,0.82,50.0,,0.4189,0.4828,1,MEDIUM
DEF-11726,Naik,1,Peace Station,21,26.0,6.0,0.15,2,1.0,0.237,-0.199,0.981,0.551,0.392,0.501,,0.228,51.3,,6485.0,0.73,72.0,3.3,0.5148,0.3911,1,MEDIUM
DEF-11727,Colonel,4,High Altitude (Siachen/Ladakh),64,23.5,7.0,0.85,3,0.0,0.49,-0.514,0.727,0.355,,0.38,6.9,,49.6,,14576.0,0.86,86.0,3.2,0.6409,0.5612,1,MEDIUM
DEF-11728,Havildar,2,Field Outpost,60,10.6,14.0,0.45,3,0.0,0.159,0.022,0.426,0.769,0.666,,,0.219,37.3,81.0,15054.0,0.78,90.0,3.3,0.4217,0.4209,1,MEDIUM
DEF-11729,Naik,1,Field Outpost,110,0.0,15.0,0.45,1,0.0,0.085,,0.295,0.198,0.37,,,0.335,50.3,64.0,,0.87,45.0,2.0,0.1729,0.2799,0,LOW
DEF-11730,Sepoy,1,Counter-Insurgency,81,13.5,8.0,0.9,1,0.0,0.635,-0.211,0.57,,0.898,0.299,6.5,0.223,51.5,75.0,10657.0,0.75,99.0,3.5,0.4621,0.4657,1,MEDIUM
DEF-11731,Naik,1,Peace Station,70,4.2,10.0,0.15,1,0.0,,,0.344,,0.55,,7.5,,58.1,,7018.0,0.79,58.0,,0.1395,0.1835,0,LOW
DEF-11732,Naik,1,Field Outpost,17,14.2,10.0,0.45,1,2.0,0.778,,,0.802,0.645,0.522,6.9,0.23,49.3,62.0,6754.0,0.69,89.0,2.9,0.8249,0.6731,2,HIGH
DEF-11733,Sepoy,1,Peace Station,175,4.9,16.0,0.15,2,0.0,0.247,0.172,,,0.733,,6.2,0.25,47.2,73.0,11387.0,0.69,87.0,4.1,0.426,0.5696,1,MEDIUM
DEF-11734,Sepoy,1,Peace Station,95,24.7,24.0,0.15,2,2.0,0.261,-0.452,0.708,,0.55,0.404,5.6,,,71.0,8396.0,0.77,76.0,3.9,0.5948,0.7062,1,MEDIUM
DEF-11735,Subedar,3,Peace Station,40,19.8,12.0,0.15,2,1.0,0.439,-0.383,0.618,,0.588,0.187,5.1,0.228,53.8,65.0,7437.0,0.84,60.0,4.0,0.6396,0.5292,1,MEDIUM
DEF-11736,Sepoy,1,Field Outpost,69,,19.0,0.45,1,0.0,0.435,-0.403,,0.435,0.478,,6.8,0.207,49.8,76.0,11535.0,0.73,84.0,,0.048,0.1651,0,LOW
DEF-11737,Sepoy,1,Peace Station,50,23.1,8.0,0.15,3,0.0,0.284,-0.033,0.986,0.611,0.716,0.414,6.5,,,76.0,9020.0,0.73,81.0,2.2,0.234,0.1627,0,LOW
DEF-11738,Sepoy,1,Field Outpost,56,17.3,15.0,0.45,2,1.0,,,,,0.734,0.526,6.0,,53.3,75.0,5106.0,0.5,,2.4,0.7702,0.6587,2,HIGH
DEF-11739,Sepoy,1,Counter-Insurgency,124,18.6,,0.9,2,0.0,0.676,0.02,0.368,,0.567,,6.0,0.279,48.9,74.0,,0.74,53.0,3.2,0.3632,0.3663,1,MEDIUM
DEF-11740,Havildar,2,High Altitude (Siachen/Ladakh),34,26.2,18.0,0.85,4,0.0,0.635,-0.637,,0.785,1.0,0.76,5.9,,32.1,85.0,,0.59,100.0,4.7,0.903,0.7806,2,HIGH
DEF-11741,Havildar,2,Peace Station,97,12.9,14.0,0.15,1,2.0,0.365,0.107,0.722,0.595,0.363,0.304,6.7,,54.8,80.0,8743.0,,110.0,3.1,0.1209,0.1691,0,LOW
DEF-11742,Havildar,2,Peace Station,127,19.1,8.0,0.15,1,0.0,0.669,0.001,0.046,0.279,0.298,0.027,7.2,0.307,55.4,62.0,11360.0,1.0,25.0,,0.0692,0.1452,0,LOW
DEF-11743,Sepoy,1,Field Outpost,88,5.0,12.0,0.45,2,0.0,0.331,,0.069,0.128,0.045,0.0,7.7,0.288,,63.0,11293.0,0.88,40.0,1.7,0.1311,0.2652,0,LOW
DEF-11744,Sepoy,1,Field Outpost,58,14.7,12.0,0.45,3,0.0,0.389,-0.4,0.705,0.535,0.49,0.451,5.6,0.152,46.0,81.0,8117.0,0.59,74.0,4.2,0.4892,0.4412,1,MEDIUM
DEF-11745,Naik,1,Counter-Insurgency,38,,15.0,0.9,1,1.0,0.165,-0.443,,1.0,0.408,0.473,,0.221,44.5,81.0,9496.0,0.38,69.0,1.8,0.3368,0.2911,0,LOW
DEF-11746,Sepoy,1,Counter-Insurgency,42,20.9,15.0,0.9,3,0.0,0.464,0.007,0.871,0.585,,0.277,,0.227,,64.0,11818.0,0.82,52.0,2.5,0.8571,0.6772,2,HIGH
DEF-11747,Sepoy,1,Field Outpost,70,13.3,13.0,0.45,4,0.0,0.514,0.174,0.759,0.404,0.52,0.372,,,38.3,,6886.0,0.6,,2.9,0.6016,0.551,1,MEDIUM
DEF-11748,Havildar,2,Peace Station,66,16.2,8.0,0.15,2,0.0,0.665,,,0.968,0.583,0.188,7.0,0.196,55.1,71.0,,,52.0,3.1,0.1797,0.2494,0,LOW
DEF-11749,Sepoy,1,Counter-Insurgency,104,13.8,,0.9,1,1.0,0.266,-0.025,0.534,0.341,0.549,0.28,,0.169,,,4667.0,,64.0,2.8,0.5816,0.578,1,MEDIUM
DEF-11750,Naik,1,High Altitude (Siachen/Ladakh),22,16.0,19.0,0.85,2,1.0,0.608,,0.693,0.102,0.223,0.247,8.4,0.359,68.5,57.0,,0.77,41.0,,0.343,0.2905,0,LOW
DEF-11751,Sepoy,1,Field Outpost,123,10.6,14.0,0.45,1,0.0,0.346,-0.047,0.428,0.593,0.636,0.299,7.0,0.238,,68.0,9742.0,0.76,74.0,3.1,0.5483,0.6436,1,MEDIUM
DEF-11752,Sepoy,1,Field Outpost,240,18.2,13.0,0.45,1,0.0,0.551,-0.22,0.598,0.73,0.72,0.576,6.7,0.19,,,9208.0,0.6,86.0,2.8,0.8579,0.7961,2,HIGH
DEF-11753,Sepoy,1,Field Outpost,62,18.5,11.0,0.45,3,0.0,0.592,0.268,0.503,0.414,,0.516,7.3,,,70.0,,,72.0,3.0,0.3759,0.2936,0,LOW
DEF-11754,Major,4,Counter-Insurgency,56,14.1,9.0,0.9,2,0.0,0.42,,0.598,0.783,0.537,0.402,3.9,,53.2,77.0,4654.0,0.54,,3.7,0.438,0.3678,1,MEDIUM
DEF-11755,Havildar,2,Peace Station,59,,11.0,0.15,1,4.0,0.254,,0.355,0.404,0.571,0.088,7.8,0.313,61.9,70.0,,0.57,46.0,2.4,0.1028,0.1157,0,LOW
DEF-11756,Major,4,High Altitude (Siachen/Ladakh),68,16.9,11.0,0.85,1,,0.481,-0.198,0.941,0.947,0.967,0.718,5.4,0.239,30.3,86.0,4139.0,0.62,141.0,,0.8963,0.7956,2,HIGH
DEF-11757,Naik,1,Peace Station,53,9.5,14.0,0.15,2,3.0,0.19,-0.435,0.429,0.514,0.862,0.204,6.3,0.226,61.2,77.0,8761.0,0.75,49.0,2.6,0.1415,0.2074,0,LOW
DEF-11758,Sepoy,1,Counter-Insurgency,14,18.1,5.0,0.9,2,0.0,0.174,0.001,0.299,0.553,0.451,0.406,6.4,0.213,,82.0,,0.72,52.0,3.9,0.312,0.2833,0,LOW
DEF-11759,Naik,1,Field Outpost,58,20.6,13.0,0.45,2,0.0,0.456,-0.321,0.471,0.581,0.466,0.489,7.1,0.255,38.7,72.0,3385.0,0.56,81.0,,0.5578,0.4577,1,MEDIUM
DEF-11760,Naik,1,Peace Station,71,26.5,9.0,0.15,3,1.0,0.215,,0.88,1.0,0.686,0.536,6.3,0.204,54.3,,7287.0,0.71,92.0,3.4,0.5142,0.4907,1,MEDIUM
DEF-11761,Havildar,2,Peace Station,131,16.7,19.0,0.15,2,0.0,0.685,,,0.262,0.163,0.182,,,52.7,66.0,10469.0,0.77,33.0,1.7,0.5828,0.7617,1,MEDIUM
DEF-11762,Sepoy,1,Field Outpost,34,9.3,11.0,0.45,4,0.0,0.623,-0.43,,0.378,0.234,0.302,7.5,,,,12232.0,0.72,49.0,3.8,0.5936,0.4135,1,MEDIUM
DEF-11763,Naik,1,Peace Station,160,13.1,19.0,0.15,4,,0.053,-0.302,,0.578,,0.451,6.1,0.208,42.1,75.0,6055.0,0.86,67.0,,0.5219,0.6406,1,MEDIUM
DEF-11764,Sepoy,1,Field Outpost,51,4.3,11.0,0.45,1,1.0,0.782,0.386,,0.441,0.522,0.057,6.4,0.298,,68.0,12474.0,0.79,67.0,2.1,0.2542,0.2218,0,LOW
DEF-11765,Sepoy,1,Peace Station,36,20.2,12.0,0.15,1,0.0,0.153,-0.388,,0.49,0.298,0.319,8.4,0.242,69.9,61.0,9678.0,,40.0,,0.1063,0.1286,0,LOW
DEF-11766,Havildar,2,Peace Station,95,0.0,8.0,0.15,1,1.0,0.42,0.285,0.539,,0.401,0.235,6.2,0.289,45.4,70.0,8649.0,,70.0,,0.1314,0.1144,0,LOW
DEF-11767,Naik,1,Field Outpost,47,22.7,18.0,0.45,1,2.0,0.248,,0.349,0.425,0.217,0.415,,,44.4,71.0,5818.0,0.81,,2.8,0.0313,0.1044,0,LOW
DEF-11768,Sepoy,1,Field Outpost,62,23.7,9.0,0.45,1,0.0,0.317,-0.236,,,0.424,0.3,,0.225,52.4,78.0,8705.0,0.83,83.0,3.0,0.4838,0.4293,1,MEDIUM
DEF-11769,Sepoy,1,Field Outpost,65,0.0,10.0,0.45,2,1.0,0.66,,0.471,0.438,0.442,0.159,,0.189,52.5,62.0,10200.0,0.85,83.0,,0.568,0.4984,1,MEDIUM
DEF-11770,Naik,1,Field Outpost,92,24.8,12.0,0.45,1,0.0,,-0.043,1.0,1.0,0.602,0.672,,,48.3,77.0,6615.0,0.65,99.0,4.2,0.5599,0.5074,1,MEDIUM
DEF-11771,Havildar,2,Field Outpost,61,22.7,12.0,0.45,1,0.0,0.096,-0.205,0.479,0.312,0.292,0.257,,0.302,74.3,61.0,8366.0,1.0,65.0,2.7,0.1062,0.0973,0,LOW
DEF-11772,Subedar,3,Field Outpost,57,11.5,21.0,0.45,1,2.0,0.064,-0.225,0.799,,,0.336,7.0,0.227,32.9,74.0,7861.0,0.76,56.0,2.9,0.4739,0.5229,1,MEDIUM
DEF-11773,Major,4,Peace Station,50,3.9,12.0,0.15,1,0.0,0.382,0.335,0.276,0.468,,0.0,7.1,,58.5,59.0,7053.0,0.76,32.0,3.2,0.0994,0.1543,0,LOW
DEF-11774,Havildar,2,Peace Station,86,6.9,12.0,0.15,2,0.0,,0.322,0.24,,,,8.4,0.335,54.7,64.0,,,53.0,3.4,0.0359,0.1498,0,LOW
DEF-11775,Sepoy,1,Peace Station,45,7.6,13.0,0.15,1,0.0,,0.304,0.598,0.613,0.35,,6.2,0.224,40.1,64.0,10340.0,0.7,144.0,3.7,0.4135,0.3853,1,MEDIUM
DEF-11776,Naik,1,High Altitude (Siachen/Ladakh),133,25.2,6.0,0.85,4,0.0,0.365,-0.358,0.34,0.377,0.441,0.356,,0.221,54.9,72.0,6599.0,0.73,,2.7,0.3779,0.4837,1,MEDIUM
DEF-11777,Sepoy,1,Field Outpost,65,10.2,14.0,0.45,1,0.0,0.103,,,0.381,,0.0,7.9,0.237,71.9,66.0,14118.0,0.72,32.0,3.1,0.0985,0.2329,0,LOW
DEF-11778,Sepoy,1,Field Outpost,18,21.7,14.0,0.45,4,0.0,0.369,0.211,0.774,,0.391,0.281,6.9,0.206,57.0,69.0,,0.86,43.0,2.6,0.4124,0.3459,1,MEDIUM
DEF-11779,Havildar,2,High Altitude (Siachen/Ladakh),77,12.9,10.0,0.85,1,0.0,0.354,,0.754,,0.513,,6.3,,51.7,75.0,,0.7,78.0,2.2,0.3927,0.4343,1,MEDIUM
DEF-11780,Sepoy,1,Peace Station,85,14.5,,0.15,2,2.0,0.401,,0.296,0.646,0.4,0.225,6.7,0.241,,72.0,13575.0,0.65,96.0,,0.1936,0.1876,0,LOW
DEF-11781,Subedar,3,Field Outpost,134,0.6,14.0,0.45,1,2.0,0.366,0.241,0.357,,0.543,0.111,6.4,0.214,52.9,68.0,7247.0,0.83,42.0,3.4,0.0637,0.2074,0,LOW
DEF-11782,Naik,1,Peace Station,39,4.2,11.0,0.15,3,0.0,,-0.268,0.538,0.3,0.476,0.0,6.3,0.254,63.9,,6282.0,0.97,31.0,1.7,0.0725,0.1064,0,LOW
DEF-11783,Naik,1,High Altitude (Siachen/Ladakh),35,25.0,10.0,0.85,1,0.0,0.313,,0.862,0.806,0.925,0.488,4.5,0.187,52.6,87.0,8394.0,,83.0,3.6,0.945,0.7345,2,HIGH
DEF-11784,Naik,1,High Altitude (Siachen/Ladakh),94,12.7,8.0,0.85,4,0.0,0.385,0.211,0.422,0.132,0.229,0.19,6.3,0.265,71.4,65.0,16043.0,0.82,31.0,,0.2036,0.2349,0,LOW
DEF-11785,Subedar,3,High Altitude (Siachen/Ladakh),122,16.6,10.0,0.85,1,1.0,,-0.447,0.924,0.696,0.616,0.439,4.5,0.217,46.6,70.0,3807.0,,96.0,3.4,0.9542,0.851,2,HIGH
DEF-11786,Naik,1,Counter-Insurgency,38,29.4,14.0,0.9,1,0.0,0.249,-0.095,0.674,0.692,0.573,0.477,4.6,0.221,40.5,69.0,8739.0,0.72,57.0,4.0,0.8982,0.6836,2,HIGH
DEF-11787,Naik,1,High Altitude (Siachen/Ladakh),75,12.9,15.0,0.85,2,0.0,0.195,-0.231,0.963,0.87,0.582,0.622,5.9,0.143,42.5,82.0,11726.0,0.51,,3.2,0.4937,0.4442,1,MEDIUM
DEF-11788,Sepoy,1,High Altitude (Siachen/Ladakh),62,12.4,12.0,0.85,3,1.0,0.093,-0.167,0.492,0.635,0.681,0.514,6.3,0.254,,76.0,6414.0,,104.0,3.2,0.5602,0.6304,1,MEDIUM
DEF-11789,Naik,1,Peace Station,39,,16.0,0.15,4,0.0,0.65,,,0.613,0.478,0.291,4.9,0.27,46.1,68.0,16748.0,0.66,76.0,3.8,0.3904,0.3664,1,MEDIUM
DEF-11790,Sepoy,1,Peace Station,60,14.1,6.0,0.15,2,0.0,0.183,-0.106,0.403,0.204,0.584,0.153,6.7,0.293,,69.0,14116.0,0.84,62.0,1.8,0.2642,0.2628,0,LOW
DEF-11791,Havildar,2,Counter-Insurgency,117,16.7,14.0,0.9,3,0.0,0.103,,0.637,,0.349,0.421,,0.156,42.7,,,0.8,75.0,,0.5879,0.5758,1,MEDIUM
DEF-11792,Naik,1,Counter-Insurgency,66,,8.0,0.9,3,1.0,0.516,,,0.775,0.53,0.661,6.0,0.202,45.8,74.0,9530.0,,151.0,3.7,0.6136,0.5413,1,MEDIUM
DEF-11793,Naik,1,Field Outpost,58,14.0,14.0,0.45,2,0.0,0.415,-0.124,0.589,0.966,0.378,0.394,,0.173,39.6,72.0,7170.0,0.88,64.0,4.3,0.6106,0.5064,1,MEDIUM
DEF-11794,Sepoy,1,Field Outpost,91,20.7,10.0,0.45,2,0.0,0.657,-0.03,0.388,,0.364,0.37,6.5,0.227,,69.0,5470.0,,91.0,2.1,0.4433,0.4907,1,MEDIUM
DEF-11795,Sepoy,1,Counter-Insurgency,123,13.0,13.0,0.9,1,1.0,0.813,-0.599,,,0.731,0.145,6.5,0.242,,,7694.0,,71.0,4.0,0.3062,0.4468,1,MEDIUM
DEF-11796,Havildar,2,Peace Station,33,22.3,14.0,0.15,2,1.0,0.613,-0.243,0.55,,,0.286,6.9,0.205,55.2,,,0.98,64.0,3.7,0.265,0.2482,0,LOW
DEF-11797,Sepoy,1,Peace Station,77,17.6,16.0,0.15,3,0.0,0.404,-0.476,,,0.216,0.281,7.2,0.293,,,11515.0,,54.0,2.8,0.0261,0.1789,0,LOW
DEF-11798,Sepoy,1,Field Outpost,51,12.1,13.0,0.45,2,0.0,0.43,,0.241,0.417,0.898,0.214,,,,,3465.0,0.71,,,0.3739,0.3267,1,MEDIUM
DEF-11799,Sepoy,1,Peace Station,66,14.6,12.0,0.15,3,0.0,0.59,,0.995,0.679,0.726,0.422,7.5,0.223,,78.0,8873.0,,95.0,,0.3568,0.2516,0,LOW
DEF-11800,Major,4,Field Outpost,95,0.0,15.0,0.45,3,0.0,0.146,-0.192,0.352,,0.491,0.047,,,65.7,63.0,12442.0,0.79,28.0,,0.0494,0.1305,0,LOW
DEF-11801,Havildar,2,High Altitude (Siachen/Ladakh),54,24.1,13.0,0.85,3,0.0,0.602,-0.174,1.0,,0.624,0.648,5.1,,42.2,80.0,12981.0,0.64,79.0,3.3,0.8947,0.7685,2,HIGH
DEF-11802,Sepoy,1,Peace Station,61,3.3,17.0,0.15,1,0.0,0.357,-0.171,0.471,0.431,,0.216,8.1,,49.5,72.0,12507.0,0.72,74.0,3.6,0.0569,0.1819,0,LOW
DEF-11803,Sepoy,1,Counter-Insurgency,111,4.9,9.0,0.9,1,0.0,0.32,0.15,,0.289,0.496,0.152,6.9,0.255,58.8,66.0,11309.0,0.84,45.0,1.7,0.0835,0.1208,0,LOW
DEF-11804,Sepoy,1,Counter-Insurgency,83,10.3,16.0,0.9,1,0.0,0.288,-0.569,0.556,1.0,0.522,0.317,7.2,0.197,47.1,68.0,,0.68,63.0,3.7,0.364,0.4099,1,MEDIUM
DEF-11805,Havildar,2,High Altitude (Siachen/Ladakh),60,0.0,8.0,0.85,4,0.0,0.513,0.096,0.309,0.322,0.224,,,0.262,55.8,75.0,,0.66,49.0,3.7,0.3272,0.2251,0,LOW
DEF-11806,Naik,1,Counter-Insurgency,70,18.0,10.0,0.9,1,0.0,0.095,-0.066,0.368,0.614,0.911,0.424,7.2,0.179,42.3,85.0,,,109.0,,0.5488,0.4869,1,MEDIUM
DEF-11807,Sepoy,1,Field Outpost,67,17.1,11.0,0.45,1,2.0,0.262,-0.47,0.63,,0.386,,,0.191,,80.0,10258.0,0.84,47.0,3.5,0.1557,0.2766,0,LOW
DEF-11808,Sepoy,1,Field Outpost,17,9.9,7.0,0.45,1,0.0,0.409,0.194,0.62,0.518,0.617,0.33,,0.219,,73.0,,,76.0,3.2,0.4974,0.3466,1,MEDIUM
DEF-11809,Sepoy,1,High Altitude (Siachen/Ladakh),70,8.2,16.0,0.85,1,0.0,0.143,0.144,0.62,0.655,0.569,0.226,,0.21,,,9532.0,0.66,56.0,3.3,0.3797,0.325,1,MEDIUM
DEF-11810,Naik,1,Field Outpost,26,8.1,10.0,0.45,1,0.0,0.242,0.031,0.447,0.533,0.872,0.301,6.4,0.196,55.3,67.0,,0.89,48.0,3.1,0.1195,0.2235,0,LOW
DEF-11811,Havildar,2,Field Outpost,121,19.2,18.0,0.45,1,0.0,0.477,-0.394,,0.833,0.94,0.713,3.9,,39.5,74.0,7139.0,,118.0,3.7,0.9721,0.9306,2,HIGH
DEF-11812,Sepoy,1,Field Outpost,26,0.5,11.0,0.45,1,0.0,0.7,0.061,,0.169,0.434,0.182,,,60.2,60.0,6892.0,0.69,,2.7,0.1111,0.01,0,LOW
DEF-11813,Sepoy,1,High Altitude (Siachen/Ladakh),49,10.5,17.0,0.85,4,0.0,0.165,0.336,0.692,0.863,0.642,0.304,,0.194,,68.0,,,68.0,2.9,0.6445,0.5273,1,MEDIUM
DEF-11814,Sepoy,1,High Altitude (Siachen/Ladakh),44,1.0,11.0,0.85,2,0.0,0.479,,0.499,0.267,,0.08,6.2,0.219,,74.0,10862.0,0.72,47.0,3.1,0.3226,0.2578,0,LOW
DEF-11815,Major,4,High Altitude (Siachen/Ladakh),146,20.5,17.0,0.85,3,0.0,0.629,-0.195,0.832,0.613,0.604,0.339,6.8,,47.7,,11464.0,,65.0,2.7,0.5507,0.7157,1,MEDIUM
DEF-11816,Sepoy,1,High Altitude (Siachen/Ladakh),118,11.1,13.0,0.85,2,0.0,0.32,-0.561,0.578,0.388,0.88,0.302,7.7,,42.7,76.0,,0.58,53.0,3.0,0.3348,0.4295,1,MEDIUM
DEF-11817,Havildar,2,High Altitude (Siachen/Ladakh),10,18.6,20.0,0.85,3,0.0,0.494,-0.335,0.853,,0.443,,5.7,0.195,34.0,,6947.0,,76.0,4.4,0.8969,0.7347,2,HIGH
DEF-11818,Naik,1,Field Outpost,64,24.6,13.0,0.45,4,0.0,0.355,0.316,0.624,,0.427,0.201,5.1,0.306,42.1,71.0,5242.0,,89.0,,0.806,0.647,2,HIGH
DEF-11819,Sepoy,1,Peace Station,29,24.8,10.0,0.15,4,0.0,0.354,-0.12,0.262,0.354,0.849,0.27,8.4,0.282,53.8,64.0,10089.0,0.6,39.0,3.1,0.5237,0.4491,1,MEDIUM
DEF-11820,Sepoy,1,High Altitude (Siachen/Ladakh),71,5.3,10.0,0.85,1,0.0,0.584,-0.33,0.703,0.363,0.396,0.294,6.6,0.22,,69.0,,,51.0,,0.2419,0.2118,0,LOW
DEF-11821,Sepoy,1,Peace Station,94,16.6,10.0,0.15,3,0.0,0.398,0.416,0.279,0.651,0.693,0.256,5.9,0.285,,66.0,8395.0,0.76,59.0,3.0,0.316,0.3385,0,LOW
DEF-11822,Naik,1,Counter-Insurgency,74,23.5,12.0,0.9,1,0.0,0.492,,0.964,0.622,1.0,0.583,5.9,0.154,45.8,70.0,12644.0,0.67,93.0,3.7,0.8805,0.7657,2,HIGH
DEF-11823,Havildar,2,High Altitude (Siachen/Ladakh),97,19.9,14.0,0.85,1,0.0,0.081,0.195,0.419,0.606,0.335,0.514,5.2,0.193,55.1,,,,60.0,3.8,0.9086,0.8743,2,HIGH
DEF-11824,Naik,1,High Altitude (Siachen/Ladakh),54,20.8,12.0,0.85,1,0.0,0.58,-0.353,0.81,0.635,0.57,0.567,6.5,,29.9,72.0,5202.0,0.65,117.0,,0.7916,0.6616,2,HIGH
DEF-11825,Naik,1,Counter-Insurgency,76,0.0,10.0,0.9,2,0.0,0.276,0.02,0.601,0.342,0.322,0.163,9.5,0.314,64.8,,9480.0,,38.0,2.5,0.0993,0.1675,0,LOW
DEF-11826,Sepoy,1,Field Outpost,95,19.8,13.0,0.45,2,0.0,0.235,-0.189,0.986,0.606,0.811,0.608,4.9,,,73.0,8340.0,,85.0,4.6,0.9482,0.8933,2,HIGH
DEF-11827,Major,4,Peace Station,48,7.3,14.0,0.15,1,1.0,0.306,0.081,0.671,0.312,0.119,,7.6,,58.3,,2974.0,,37.0,,0.1988,0.1768,0,LOW
DEF-11828,Havildar,2,Field Outpost,36,19.6,9.0,0.45,3,0.0,0.425,-0.175,0.353,0.796,,0.422,,0.122,56.4,,1378.0,0.72,59.0,4.5,0.7076,0.5212,1,MEDIUM
DEF-11829,Sepoy,1,Peace Station,42,19.5,7.0,0.15,2,1.0,0.74,-0.171,0.409,0.185,0.381,0.42,,0.22,62.7,68.0,8142.0,,42.0,2.8,0.0635,0.12,0,LOW
DEF-11830,Major,4,Field Outpost,59,19.0,12.0,0.45,1,1.0,0.319,-0.145,,0.644,0.853,0.445,6.1,0.241,54.3,70.0,9461.0,0.73,76.0,3.3,0.3177,0.3064,0,LOW
DEF-11831,Naik,1,Field Outpost,65,13.1,14.0,0.45,2,0.0,0.643,0.177,0.263,0.48,0.498,0.251,7.0,,58.5,,12759.0,0.72,40.0,2.4,0.1581,0.2692,0,LOW
DEF-11832,Naik,1,High Altitude (Siachen/Ladakh),78,25.2,9.0,0.85,2,0.0,0.285,-0.606,1.0,0.514,,0.623,5.3,0.18,42.3,80.0,10485.0,0.68,154.0,3.4,0.8887,0.7097,2,HIGH
DEF-11833,Havildar,2,Field Outpost,39,18.3,16.0,0.45,1,0.0,0.354,-0.099,0.563,,,0.396,5.0,0.103,40.1,76.0,7220.0,0.59,97.0,3.7,0.844,0.6926,2,HIGH
DEF-11834,Havildar,2,Field Outpost,97,16.7,9.0,0.45,1,0.0,0.625,-0.13,0.617,0.326,0.543,,7.3,0.334,45.5,75.0,10357.0,0.78,56.0,3.6,0.3401,0.3033,0,LOW
DEF-11835,Naik,1,Peace Station,165,6.1,13.0,0.15,4,0.0,0.114,-0.122,0.338,0.243,0.242,0.108,,,56.9,,10225.0,0.86,32.0,2.0,0.0572,0.2143,0,LOW
DEF-11836,Sepoy,1,Field Outpost,44,17.4,17.0,0.45,3,0.0,0.801,-0.226,,0.525,,,5.8,0.145,,76.0,8744.0,,70.0,4.2,0.7183,0.583,1,MEDIUM
DEF-11837,Sepoy,1,Peace Station,216,30.8,11.0,0.15,1,0.0,0.595,-0.207,1.0,0.586,0.683,,5.3,0.124,37.2,78.0,8898.0,0.7,72.0,3.7,0.8847,0.7931,2,HIGH
DEF-11838,Subedar,3,Peace Station,177,2.2,10.0,0.15,2,0.0,0.089,,0.271,0.273,0.526,0.315,,,51.2,,7464.0,0.62,42.0,3.0,0.0995,0.1982,0,LOW
DEF-11839,Sepoy,1,High Altitude (Siachen/Ladakh),64,20.2,15.0,0.85,1,1.0,0.271,0.307,0.497,0.489,0.211,0.312,,0.202,,67.0,4821.0,0.63,53.0,2.7,0.2098,0.2915,0,LOW
DEF-11840,Sepoy,1,Peace Station,58,21.3,18.0,0.15,2,0.0,0.244,0.204,0.925,,0.254,0.208,,0.212,48.5,68.0,7350.0,,48.0,3.5,0.2779,0.3876,0,LOW
DEF-11841,Sepoy,1,Peace Station,42,28.7,8.0,0.15,2,3.0,0.158,0.154,0.327,0.383,0.409,0.366,7.8,,53.1,76.0,9511.0,,69.0,2.9,0.2114,0.1826,0,LOW
DEF-11842,Sepoy,1,Peace Station,105,20.2,13.0,0.15,1,0.0,0.352,-0.13,0.706,0.505,0.915,0.211,7.3,,49.5,71.0,14034.0,0.71,52.0,2.9,0.169,0.2677,0,LOW
DEF-11843,Naik,1,Field Outpost,67,,12.0,0.45,1,0.0,0.465,0.075,0.639,0.691,,,5.7,,48.9,71.0,7365.0,,62.0,2.7,0.753,0.682,2,HIGH
DEF-11844,Major,4,High Altitude (Siachen/Ladakh),71,17.6,11.0,0.85,1,1.0,0.215,-0.015,,0.695,,0.546,4.4,0.16,30.7,83.0,9839.0,0.77,136.0,,0.7283,0.625,2,HIGH
DEF-11845,Sepoy,1,Counter-Insurgency,37,11.7,6.0,0.9,2,0.0,0.41,-0.305,0.8,0.652,0.676,0.244,,,,67.0,12254.0,,,3.0,0.6635,0.5392,1,MEDIUM
DEF-11846,Sepoy,1,High Altitude (Siachen/Ladakh),106,24.4,14.0,0.85,4,0.0,0.113,-0.424,0.751,,0.692,0.627,4.8,0.152,,72.0,10726.0,0.56,117.0,4.7,0.9729,0.8518,2,HIGH
DEF-11847,Sepoy,1,Field Outpost,56,0.8,13.0,0.45,4,0.0,0.327,-0.228,0.946,0.944,0.632,0.413,5.5,0.27,,75.0,11768.0,0.99,94.0,,0.3859,0.3447,1,MEDIUM
DEF-11848,Subedar,3,Peace Station,31,9.9,16.0,0.15,4,1.0,0.241,-0.218,0.805,0.896,0.349,,5.7,0.135,44.5,71.0,,,,4.3,0.4897,0.4431,1,MEDIUM
DEF-11849,Naik,1,Peace Station,61,17.8,15.0,0.15,4,2.0,0.185,0.379,0.199,,0.58,0.257,6.9,,54.0,54.0,9262.0,,52.0,3.0,0.0506,0.163,0,LOW
DEF-11850,Sepoy,1,Field Outpost,38,24.0,9.0,0.45,1,0.0,0.105,0.085,0.424,0.481,0.68,0.396,6.1,,37.5,75.0,,0.7,97.0,3.6,0.7201,0.6097,1,MEDIUM
DEF-11851,Havildar,2,Field Outpost,134,13.9,10.0,0.45,3,0.0,0.771,,0.367,,0.517,0.496,6.9,0.21,61.8,,,,61.0,3.0,0.1491,0.2395,0,LOW
DEF-11852,Subedar,3,High Altitude (Siachen/Ladakh),176,7.4,10.0,0.85,1,0.0,0.526,,0.627,0.661,0.543,0.361,5.5,0.117,58.4,70.0,8081.0,0.65,87.0,3.5,0.262,0.4053,0,LOW
DEF-11853,Havildar,2,Peace Station,62,12.2,14.0,0.15,3,2.0,0.583,-0.366,0.77,0.971,0.684,0.483,5.5,0.115,40.5,84.0,10632.0,0.52,119.0,4.1,0.5989,0.5425,1,MEDIUM
DEF-11854,Subedar,3,Peace Station,116,10.9,10.0,0.15,3,0.0,0.3,0.033,0.563,0.403,0.224,0.0,6.9,,60.7,68.0,6998.0,,35.0,3.2,0.123,0.301,0,LOW
DEF-11855,Sepoy,1,Peace Station,114,11.3,,0.15,2,2.0,0.787,0.109,,0.315,0.245,0.192,,0.249,48.9,77.0,11555.0,0.64,,2.7,0.1469,0.2312,0,LOW
DEF-11856,Havildar,2,High Altitude (Siachen/Ladakh),6,10.3,14.0,0.85,2,0.0,0.275,,0.998,,0.669,,6.4,0.239,62.7,71.0,,0.58,102.0,3.9,0.3725,0.3434,1,MEDIUM
DEF-11857,Naik,1,Peace Station,42,10.3,9.0,0.15,1,2.0,0.277,0.114,0.545,,0.429,0.23,6.6,0.214,40.6,,11727.0,0.91,76.0,2.7,0.1639,0.1275,0,LOW
DEF-11858,Havildar,2,Field Outpost,69,0.0,11.0,0.45,1,0.0,0.669,0.302,0.701,0.329,0.23,,7.9,0.257,58.4,66.0,9533.0,0.9,51.0,2.5,0.2331,0.1805,0,LOW
DEF-11859,Havildar,2,Peace Station,49,16.6,15.0,0.15,4,0.0,0.327,-0.363,0.445,,0.571,0.363,7.0,0.195,57.5,76.0,,0.88,56.0,3.4,0.4819,0.4875,1,MEDIUM
DEF-11860,Havildar,2,Field Outpost,40,19.7,,0.45,3,0.0,0.169,,0.691,0.445,0.414,0.4,5.9,,62.6,74.0,6217.0,0.73,155.0,4.3,0.5284,0.4426,1,MEDIUM
DEF-11861,Naik,1,Peace Station,119,26.7,16.0,0.15,1,0.0,,0.182,,0.189,0.224,0.408,,0.295,50.2,62.0,15700.0,0.71,,,0.5386,0.6462,1,MEDIUM
DEF-11862,Sepoy,1,Peace Station,48,21.3,11.0,0.15,1,0.0,0.221,-0.447,0.596,0.382,0.434,,5.2,0.157,,72.0,7387.0,,48.0,3.7,0.2209,0.2715,0,LOW
DEF-11863,Naik,1,Peace Station,78,20.9,10.0,0.15,1,2.0,0.377,,0.541,0.578,,0.36,5.4,,43.9,73.0,8990.0,,60.0,,0.5917,0.6048,1,MEDIUM
DEF-11864,Colonel,4,Peace Station,113,16.5,9.0,0.15,4,,0.348,-0.243,0.324,,0.503,0.259,7.8,0.21,45.6,79.0,10898.0,0.84,46.0,2.1,0.162,0.2667,0,LOW
DEF-11865,Major,4,Peace Station,138,0.0,15.0,0.15,4,1.0,0.197,-0.397,,0.247,0.405,0.105,,0.188,47.9,69.0,1200.0,0.66,58.0,,0.0625,0.2829,0,LOW
DEF-11866,Sepoy,1,High Altitude (Siachen/Ladakh),31,16.4,6.0,0.85,2,0.0,0.69,0.089,0.481,,0.392,0.516,,0.219,,68.0,9303.0,0.66,60.0,2.9,0.6442,0.4688,1,MEDIUM
DEF-11867,Sepoy,1,Peace Station,33,15.0,14.0,0.15,2,0.0,0.783,,0.575,0.431,0.404,0.196,,,,69.0,,,56.0,3.2,0.1593,0.1358,0,LOW
DEF-11868,Sepoy,1,Peace Station,73,22.8,5.0,0.15,3,0.0,0.556,-0.318,,0.59,,,5.9,0.223,,77.0,5741.0,0.69,,,0.5994,0.472,1,MEDIUM
DEF-11869,Havildar,2,Field Outpost,14,18.8,13.0,0.45,1,1.0,0.067,0.143,,0.871,1.0,0.482,8.4,0.301,57.2,69.0,,0.7,70.0,3.2,0.3382,0.2358,0,LOW
DEF-11870,Havildar,2,High Altitude (Siachen/Ladakh),34,12.9,14.0,0.85,4,0.0,0.379,-0.373,0.596,0.408,0.521,0.257,7.0,0.293,41.0,74.0,7626.0,0.6,65.0,4.5,0.1941,0.2598,0,LOW
DEF-11871,Sepoy,1,Peace Station,126,30.6,7.0,0.15,2,0.0,0.72,0.092,0.471,0.379,,0.573,6.0,,,78.0,8026.0,,57.0,3.4,0.5673,0.4707,1,MEDIUM
DEF-11872,Naik,1,Field Outpost,92,21.2,13.0,0.45,1,0.0,0.432,,0.473,0.22,0.443,0.258,6.5,0.307,70.0,,12405.0,0.77,58.0,2.6,0.2156,0.3356,0,LOW
DEF-11873,Havildar,2,High Altitude (Siachen/Ladakh),59,16.9,9.0,0.85,1,0.0,0.174,0.018,0.541,0.698,0.974,0.48,5.8,0.121,58.7,80.0,,0.65,106.0,5.0,0.7218,0.6138,1,MEDIUM
DEF-11874,Havildar,2,Peace Station,84,17.9,8.0,0.15,2,0.0,,,0.475,,0.567,0.329,6.5,0.237,44.3,80.0,5564.0,,,,0.5149,0.3776,1,MEDIUM
DEF-11875,Naik,1,Field Outpost,96,14.5,5.0,0.45,1,0.0,0.56,-0.249,0.428,0.414,0.994,0.409,7.3,0.285,57.9,69.0,,0.63,52.0,,0.1731,0.1987,0,LOW
DEF-11876,Naik,1,Peace Station,24,14.1,11.0,0.15,2,0.0,0.792,-0.256,0.514,0.543,0.404,0.4,6.5,,54.8,,3248.0,0.8,65.0,3.2,0.2388,0.1962,0,LOW
DEF-11877,Naik,1,Peace Station,47,0.0,11.0,0.15,3,0.0,0.2,-0.278,0.397,0.279,0.293,0.018,8.9,,65.2,69.0,7204.0,0.76,,2.6,0.055,0.0262,0,LOW
DEF-11878,Sepoy,1,Counter-Insurgency,136,6.2,8.0,0.9,3,1.0,,,,0.647,0.657,0.459,6.4,0.184,41.6,70.0,7877.0,0.72,85.0,3.5,0.5062,0.5168,1,MEDIUM
DEF-11879,Naik,1,Peace Station,74,9.4,18.0,0.15,2,0.0,0.118,-0.046,0.342,,0.906,0.236,7.4,0.248,62.9,70.0,,0.74,,2.9,0.1418,0.3074,0,LOW
DEF-11880,Naik,1,Peace Station,77,17.8,10.0,0.15,2,3.0,0.433,0.06,0.396,0.688,,0.184,4.9,0.217,44.2,72.0,5635.0,,,,0.4121,0.3251,1,MEDIUM
DEF-11881,Subedar,3,Counter-Insurgency,63,0.0,10.0,0.9,1,0.0,0.105,-0.188,,,0.606,,6.7,,55.8,68.0,7910.0,,54.0,2.5,0.1911,0.2257,0,LOW
DEF-11882,Naik,1,High Altitude (Siachen/Ladakh),17,9.6,16.0,0.85,2,0.0,,,0.949,,0.516,0.435,,0.124,45.8,85.0,6300.0,0.6,,3.3,0.5164,0.4521,1,MEDIUM
DEF-11883,Havildar,2,Field Outpost,43,8.5,10.0,0.45,1,0.0,0.134,-0.028,0.295,0.258,0.262,,,0.181,53.5,73.0,15098.0,,63.0,2.3,0.1324,0.1729,0,LOW
DEF-11884,Sepoy,1,High Altitude (Siachen/Ladakh),82,15.0,13.0,0.85,4,4.0,0.513,-0.64,0.629,0.834,0.858,,7.0,0.19,,83.0,,0.61,109.0,4.7,0.437,0.4719,1,MEDIUM
DEF-11885,Naik,1,High Altitude (Siachen/Ladakh),48,,14.0,0.85,4,4.0,,-0.46,0.565,0.638,,,,0.188,22.2,71.0,10239.0,0.69,84.0,4.0,0.6981,0.6493,1,MEDIUM
DEF-11886,Sepoy,1,High Altitude (Siachen/Ladakh),32,8.5,8.0,0.85,1,0.0,0.118,0.203,0.694,,0.477,0.268,6.8,,,77.0,9165.0,,,1.7,0.5892,0.5238,1,MEDIUM
DEF-11887,Sepoy,1,Peace Station,35,9.1,12.0,0.15,3,0.0,0.456,0.095,,0.324,0.852,0.008,6.7,0.197,,74.0,10776.0,0.64,39.0,1.8,0.0854,0.153,0,LOW
DEF-11888,Havildar,2,Field Outpost,137,8.2,14.0,0.45,3,0.0,0.667,,0.486,0.568,0.437,,5.8,,48.7,78.0,9281.0,0.69,77.0,3.3,0.499,0.5972,1,MEDIUM
DEF-11889,Colonel,4,Peace Station,46,10.7,13.0,0.15,4,1.0,0.657,-0.223,0.434,0.534,0.384,0.424,6.8,0.239,48.1,73.0,,,57.0,2.2,0.2724,0.3267,0,LOW
DEF-11890,Sepoy,1,Peace Station,122,13.6,10.0,0.15,2,0.0,0.256,-0.141,,0.374,,0.168,6.5,0.265,,65.0,10509.0,0.73,154.0,3.1,0.298,0.4565,1,MEDIUM
DEF-11891,Sepoy,1,Field Outpost,77,25.2,7.0,0.45,3,1.0,0.59,-0.162,0.443,0.606,0.632,0.422,,0.134,40.5,76.0,,0.74,95.0,,0.9398,0.7364,2,HIGH
DEF-11892,Havildar,2,Field Outpost,55,5.4,13.0,0.45,2,0.0,0.311,0.026,0.421,0.474,0.379,,,0.176,73.5,,7720.0,0.79,43.0,3.2,0.0787,0.1293,0,LOW
DEF-11893,Sepoy,1,Peace Station,39,28.9,10.0,0.15,1,0.0,0.169,0.092,,0.773,0.627,0.506,5.8,0.257,,72.0,8469.0,0.67,65.0,,0.2741,0.2757,0,LOW
DEF-11894,Naik,1,Peace Station,94,3.5,5.0,0.15,1,0.0,0.666,0.345,0.324,0.381,0.558,0.043,7.2,0.294,50.9,76.0,10796.0,,61.0,2.7,0.1835,0.1377,0,LOW
DEF-11895,Havildar,2,Field Outpost,114,22.1,3.0,0.45,1,0.0,0.608,0.238,0.395,0.643,0.646,0.342,6.6,0.214,61.2,69.0,12089.0,,83.0,2.6,0.1899,0.1904,0,LOW
DEF-11896,Naik,1,Field Outpost,99,10.0,,0.45,1,1.0,0.209,0.654,0.169,0.24,0.961,0.159,,0.233,35.2,,,,44.0,2.5,0.3542,0.3122,0,LOW
DEF-11897,Sepoy,1,Counter-Insurgency,26,6.3,8.0,0.9,1,2.0,0.492,-0.002,0.74,0.564,0.533,0.148,6.2,,,69.0,,0.67,,4.0,0.2971,0.2832,0,LOW
DEF-11898,Sepoy,1,High Altitude (Siachen/Ladakh),46,25.2,14.0,0.85,3,1.0,0.056,,0.86,0.735,,0.423,5.8,0.163,34.5,84.0,,0.66,84.0,4.5,0.9121,0.7752,2,HIGH
DEF-11899,Havildar,2,Counter-Insurgency,50,14.7,12.0,0.9,3,0.0,0.598,0.114,,0.426,0.361,0.288,,0.134,57.7,70.0,,,120.0,2.8,0.658,0.4654,1,MEDIUM
DEF-11900,Naik,1,Field Outpost,15,14.4,16.0,0.45,4,0.0,0.297,-0.049,0.471,0.547,0.951,0.494,,,43.1,82.0,5811.0,0.81,100.0,4.2,0.6191,0.6011,1,MEDIUM
DEF-11901,Sepoy,1,High Altitude (Siachen/Ladakh),84,11.6,9.0,0.85,1,0.0,0.895,-0.086,0.846,1.0,0.654,0.504,5.3,,,,8497.0,,81.0,4.6,0.6161,0.5472,1,MEDIUM
DEF-11902,Havildar,2,Counter-Insurgency,91,9.1,12.0,0.9,4,0.0,0.557,-0.129,0.373,,,0.239,6.0,,39.0,75.0,8083.0,,56.0,3.5,0.3702,0.4147,1,MEDIUM
DEF-11903,Sepoy,1,High Altitude (Siachen/Ladakh),89,12.5,18.0,0.85,2,2.0,0.61,-0.255,0.637,0.502,0.894,0.517,6.2,0.19,,77.0,11139.0,0.83,69.0,3.6,0.6975,0.6972,2,HIGH
DEF-11904,Havildar,2,High Altitude (Siachen/Ladakh),81,0.0,12.0,0.85,2,0.0,0.604,-0.223,0.931,,0.431,0.384,3.7,0.215,39.7,82.0,6543.0,0.85,78.0,3.4,0.4455,0.357,1,MEDIUM
DEF-11905,Sepoy,1,Field Outpost,53,0.0,11.0,0.45,2,1.0,0.477,0.151,0.257,0.453,0.377,0.0,7.9,,,67.0,10082.0,0.8,35.0,2.7,0.0921,0.0793,0,LOW
DEF-11906,Major,4,Peace Station,38,17.3,9.0,0.15,3,0.0,0.44,,0.404,0.495,0.223,0.241,6.2,,58.1,66.0,13486.0,0.83,38.0,2.5,0.2943,0.2926,0,LOW
DEF-11907,Sepoy,1,Counter-Insurgency,52,24.1,14.0,0.9,1,0.0,0.699,-0.423,0.712,0.572,,0.535,6.3,0.16,38.5,,8388.0,0.69,79.0,2.7,0.7919,0.7251,2,HIGH
DEF-11908,Sepoy,1,High Altitude (Siachen/Ladakh),77,25.6,10.0,0.85,3,0.0,0.401,-0.652,0.685,0.684,0.624,0.741,4.7,0.151,37.8,72.0,4248.0,0.65,97.0,4.1,0.9644,0.8055,2,HIGH
DEF-11909,Sepoy,1,High Altitude (Siachen/Ladakh),129,5.9,12.0,0.85,3,0.0,0.457,-0.208,0.537,0.238,0.256,0.115,,0.249,,,9786.0,0.84,50.0,2.5,0.2137,0.2896,0,LOW
DEF-11910,Sepoy,1,Peace Station,67,15.6,16.0,0.15,4,0.0,0.745,0.176,0.469,0.348,,,6.5,0.169,49.2,70.0,14124.0,0.72,82.0,3.5,0.6607,0.5611,1,MEDIUM
DEF-11911,Subedar,3,Peace Station,66,0.0,11.0,0.15,4,0.0,0.229,,0.385,,0.397,0.016,8.5,0.312,48.3,64.0,5387.0,0.86,36.0,2.1,0.1986,0.2494,0,LOW
DEF-11912,Colonel,4,Field Outpost,16,11.0,16.0,0.45,2,1.0,0.54,,0.813,0.521,0.533,0.208,6.6,,50.7,72.0,8936.0,0.87,75.0,4.7,0.2794,0.2183,0,LOW
DEF-11913,Sepoy,1,High Altitude (Siachen/Ladakh),80,21.0,11.0,0.85,3,0.0,0.57,-0.202,0.564,0.877,0.368,,6.2,,39.6,,,0.59,,3.6,0.8257,0.7165,2,HIGH
DEF-11914,Sepoy,1,Counter-Insurgency,134,13.9,18.0,0.9,4,0.0,0.75,0.162,0.536,,0.711,0.553,5.5,0.189,58.0,,10643.0,0.64,81.0,2.4,0.6076,0.6358,1,MEDIUM
DEF-11915,Havildar,2,Peace Station,60,11.2,14.0,0.15,4,0.0,0.438,-0.263,0.407,0.521,0.545,0.191,6.4,,52.7,69.0,5873.0,0.79,99.0,2.9,0.0955,0.1916,0,LOW
DEF-11916,Subedar,3,High Altitude (Siachen/Ladakh),57,13.9,13.0,0.85,3,1.0,0.681,-0.164,0.654,0.617,,0.371,6.4,0.262,47.1,68.0,9868.0,0.81,,3.7,0.2669,0.2745,0,LOW
DEF-11917,Naik,1,Peace Station,50,24.9,12.0,0.15,3,0.0,0.211,-0.382,0.521,0.508,0.532,0.57,7.1,0.201,40.3,75.0,4833.0,,96.0,4.1,0.269,0.2456,0,LOW
DEF-11918,Sepoy,1,Field Outpost,96,11.9,17.0,0.45,1,0.0,0.686,,0.314,0.3,0.198,0.298,6.6,0.203,58.5,64.0,12868.0,0.85,,,0.1842,0.3149,0,LOW
DEF-11919,Sepoy,1,Field Outpost,15,14.6,7.0,0.45,3,0.0,0.551,,0.54,0.57,0.093,0.128,6.3,0.249,60.8,72.0,8959.0,0.89,43.0,2.9,0.2636,0.2249,0,LOW
DEF-11920,Naik,1,High Altitude (Siachen/Ladakh),122,26.9,13.0,0.85,1,0.0,0.178,-0.151,1.0,0.758,0.632,0.628,6.8,0.233,44.7,66.0,,0.73,,3.8,0.7875,0.7152,2,HIGH
DEF-11921,Sepoy,1,Counter-Insurgency,56,12.1,14.0,0.9,2,0.0,0.235,-0.252,0.404,0.532,0.875,0.352,7.0,,,,9964.0,,52.0,4.3,0.2849,0.3152,0,LOW
DEF-11922,Naik,1,Peace Station,81,0.1,15.0,0.15,2,0.0,0.551,0.09,0.215,0.181,0.199,,,,52.8,66.0,6955.0,,43.0,3.7,0.0995,0.2237,0,LOW
DEF-11923,Sepoy,1,Field Outpost,100,25.6,9.0,0.45,1,1.0,0.363,-0.256,0.742,0.357,0.772,0.507,5.0,0.19,38.5,66.0,,,116.0,4.0,0.6774,0.6116,1,MEDIUM
DEF-11924,Havildar,2,Field Outpost,35,22.6,,0.45,1,0.0,0.016,,0.753,0.444,0.519,0.418,7.1,0.131,51.6,68.0,4550.0,0.69,,3.7,0.4105,0.3102,1,MEDIUM
DEF-11925,Sepoy,1,Peace Station,63,0.0,8.0,0.15,3,1.0,,-0.448,0.259,0.335,,,7.6,,,69.0,9307.0,,28.0,2.8,0.0416,0.0933,0,LOW
DEF-11926,Naik,1,Counter-Insurgency,55,12.9,,0.9,3,0.0,0.072,,1.0,0.858,0.585,0.474,,0.161,19.6,,,0.62,85.0,3.5,0.6158,0.5494,1,MEDIUM
DEF-11927,Naik,1,Counter-Insurgency,29,13.8,14.0,0.9,2,2.0,0.255,-0.237,0.799,1.0,,0.333,,0.14,35.5,71.0,9395.0,,69.0,3.6,0.8448,0.601,2,HIGH
DEF-11928,Naik,1,Peace Station,113,25.6,13.0,0.15,2,1.0,0.573,,,0.618,,0.318,7.3,0.156,60.5,,10102.0,,45.0,3.9,0.1418,0.2475,0,LOW
DEF-11929,Sepoy,1,Field Outpost,52,13.9,16.0,0.45,4,1.0,0.385,,0.582,0.478,0.633,0.414,6.2,0.205,,78.0,4312.0,0.6,,,0.3229,0.1994,0,LOW
DEF-11930,Naik,1,Peace Station,28,15.4,15.0,0.15,1,0.0,0.197,-0.344,0.732,0.482,,,6.6,0.199,61.8,81.0,12456.0,0.78,,3.3,0.1672,0.2995,0,LOW
DEF-11931,Naik,1,Field Outpost,66,15.7,10.0,0.45,2,1.0,0.688,-0.122,0.472,,0.534,0.253,7.8,,41.8,65.0,10226.0,,72.0,3.4,0.258,0.2503,0,LOW
DEF-11932,Naik,1,High Altitude (Siachen/Ladakh),23,10.0,8.0,0.85,2,0.0,,-0.5,0.324,0.703,,0.421,,0.233,41.5,,,0.67,51.0,3.8,0.5636,0.5007,1,MEDIUM
DEF-11933,Naik,1,Peace Station,48,25.0,9.0,0.15,4,,0.477,-0.011,,0.318,0.38,0.402,,,63.2,,7980.0,,67.0,2.1,0.3292,0.3188,0,LOW
DEF-11934,Naik,1,Counter-Insurgency,76,7.3,17.0,0.9,1,2.0,0.737,,0.808,0.533,0.674,0.344,6.0,0.149,40.6,,6105.0,,101.0,3.6,0.5397,0.6468,1,MEDIUM
DEF-11935,Havildar,2,Field Outpost,21,9.9,14.0,0.45,4,0.0,0.254,-0.06,0.595,0.568,0.406,0.311,,0.238,56.3,62.0,3945.0,0.83,52.0,2.5,0.374,0.332,1,MEDIUM
DEF-11936,Sepoy,1,Counter-Insurgency,92,13.9,10.0,0.9,1,,0.483,-0.252,0.393,0.504,0.507,,6.3,0.223,46.2,68.0,9483.0,0.64,69.0,2.6,0.4307,0.4424,1,MEDIUM
DEF-11937,Havildar,2,Peace Station,68,2.6,18.0,0.15,1,1.0,,,0.618,0.606,0.825,0.303,6.4,0.124,39.4,73.0,,0.62,89.0,3.0,0.325,0.3604,0,LOW
DEF-11938,Naik,1,High Altitude (Siachen/Ladakh),100,29.0,14.0,0.85,1,0.0,0.36,-0.683,,0.474,0.755,0.499,,0.182,47.2,68.0,12499.0,0.86,62.0,3.8,0.6157,0.5924,1,MEDIUM
DEF-11939,Sepoy,1,High Altitude (Siachen/Ladakh),99,14.0,14.0,0.85,2,0.0,0.603,0.021,0.502,,0.427,0.292,5.8,0.237,,74.0,5519.0,0.54,61.0,1.7,0.421,0.4347,1,MEDIUM
DEF-11940,Sepoy,1,Peace Station,47,21.0,8.0,0.15,2,0.0,0.254,0.13,0.686,0.595,0.872,0.388,,0.222,,78.0,,,74.0,3.4,0.6159,0.475,1,MEDIUM
DEF-11941,Sepoy,1,Peace Station,48,5.9,14.0,0.15,2,0.0,0.423,-0.004,0.359,,0.801,0.151,,0.271,52.7,,11125.0,,55.0,3.3,0.1555,0.1269,0,LOW
DEF-11942,Havildar,2,Counter-Insurgency,84,20.0,12.0,0.9,1,0.0,0.266,-0.386,0.625,,0.749,0.304,5.5,0.27,48.1,77.0,8939.0,,64.0,,0.9144,0.8106,2,HIGH
DEF-11943,Havildar,2,Field Outpost,31,,14.0,0.45,2,0.0,0.368,-0.306,0.511,0.76,0.39,0.408,6.4,,39.5,82.0,10942.0,0.65,82.0,,0.3279,0.3018,0,LOW
DEF-11944,Havildar,2,Field Outpost,31,22.0,7.0,0.45,3,2.0,0.511,-0.23,,0.932,,,5.8,0.189,66.0,,11834.0,,88.0,,0.5972,0.4014,1,MEDIUM
DEF-11945,Naik,1,Counter-Insurgency,43,30.2,13.0,0.9,3,2.0,0.608,-0.077,0.548,0.542,,0.514,6.9,0.168,50.2,,,,,3.6,0.4576,0.4836,1,MEDIUM
DEF-11946,Sepoy,1,Peace Station,24,9.3,11.0,0.15,3,0.0,0.349,0.005,0.317,0.79,0.493,0.0,5.5,,54.6,75.0,10501.0,0.8,71.0,2.6,0.2588,0.1348,0,LOW
DEF-11947,Sepoy,1,Field Outpost,28,12.4,18.0,0.45,4,0.0,0.025,-0.023,0.406,0.501,0.867,0.136,7.9,,,72.0,3861.0,,78.0,,0.4378,0.3225,1,MEDIUM
DEF-11948,Sepoy,1,High Altitude (Siachen/Ladakh),29,6.8,12.0,0.85,2,0.0,0.676,0.065,0.495,0.401,0.729,0.12,6.8,0.166,53.8,,6293.0,,39.0,1.9,0.3228,0.3814,0,LOW
DEF-11949,Sepoy,1,Field Outpost,52,13.2,12.0,0.45,1,1.0,0.426,-0.261,,0.484,0.456,0.456,6.3,,42.6,67.0,7955.0,,55.0,4.1,0.1967,0.1851,0,LOW
DEF-11950,Sepoy,1,Peace Station,51,19.6,13.0,0.15,1,1.0,0.374,0.186,,0.879,,0.393,7.4,0.219,,73.0,14419.0,,100.0,2.8,0.1916,0.2201,0,LOW
DEF-11951,Sepoy,1,Field Outpost,109,19.2,15.0,0.45,1,0.0,0.206,-0.14,0.495,0.604,0.9,0.316,,0.142,,,10958.0,0.6,,3.1,0.2362,0.3445,0,LOW
DEF-11952,Naik,1,High Altitude (Siachen/Ladakh),53,27.9,10.0,0.85,2,1.0,,-0.7,0.556,0.609,,0.689,,0.151,33.1,77.0,9045.0,0.7,73.0,2.8,0.7339,0.5575,1,MEDIUM
DEF-11953,Havildar,2,Field Outpost,60,18.2,10.0,0.45,4,0.0,0.479,0.055,0.621,0.333,0.918,0.409,6.7,,36.5,74.0,10786.0,,64.0,,0.8619,0.6907,2,HIGH
DEF-11954,Colonel,4,High Altitude (Siachen/Ladakh),159,14.0,12.0,0.85,3,0.0,0.624,-0.613,1.0,,0.99,0.652,5.2,0.05,17.8,87.0,7098.0,,110.0,,0.9795,0.9264,2,HIGH
DEF-11955,Major,4,Peace Station,10,4.7,15.0,0.15,1,0.0,,-0.243,,,0.351,,6.9,0.185,34.6,67.0,,0.66,59.0,3.8,0.4155,0.3996,1,MEDIUM
DEF-11956,Naik,1,High Altitude (Siachen/Ladakh),72,21.4,10.0,0.85,2,0.0,0.093,0.175,0.604,,0.801,0.573,5.7,0.192,41.3,,4514.0,0.63,76.0,4.4,0.8304,0.7261,2,HIGH
DEF-11957,Sepoy,1,Field Outpost,56,12.7,7.0,0.45,2,0.0,0.453,-0.003,0.359,0.83,0.551,0.404,4.7,0.227,60.3,78.0,9728.0,0.78,66.0,3.3,0.3111,0.2904,0,LOW
DEF-11958,Naik,1,Counter-Insurgency,76,21.6,10.0,0.9,4,0.0,0.865,,0.524,0.548,,0.454,6.0,0.209,38.8,73.0,8884.0,0.61,91.0,3.8,0.8403,0.7434,2,HIGH
DEF-11959,Havildar,2,Peace Station,45,10.4,17.0,0.15,1,0.0,,-0.171,0.321,0.461,0.548,0.151,6.6,0.282,47.1,65.0,5213.0,,,2.3,0.0256,0.1631,0,LOW
DEF-11960,Sepoy,1,Field Outpost,53,24.2,15.0,0.45,2,0.0,0.133,,,0.582,0.322,0.433,5.4,0.169,,70.0,,0.75,61.0,3.1,0.5694,0.575,1,MEDIUM
DEF-11961,Sepoy,1,Peace Station,125,17.3,17.0,0.15,4,0.0,0.744,0.284,0.648,0.55,0.641,0.329,5.9,0.217,34.8,78.0,9689.0,0.73,61.0,2.9,0.6493,0.696,1,MEDIUM
DEF-11962,Havildar,2,Field Outpost,84,22.4,8.0,0.45,4,0.0,0.723,0.543,0.65,0.284,0.657,0.333,5.9,0.14,45.4,72.0,9390.0,,51.0,2.2,0.4354,0.341,1,MEDIUM
DEF-11963,Sepoy,1,Peace Station,54,17.3,10.0,0.15,1,4.0,0.188,-0.049,0.552,0.955,0.926,0.39,,0.17,43.7,80.0,6740.0,0.71,71.0,4.2,0.354,0.3905,1,MEDIUM
DEF-11964,Naik,1,High Altitude (Siachen/Ladakh),38,6.1,11.0,0.85,1,1.0,0.416,-0.611,0.433,,0.28,0.259,6.3,0.24,53.3,67.0,14619.0,0.8,46.0,3.4,0.2808,0.2654,0,LOW
DEF-11965,Naik,1,Counter-Insurgency,31,10.9,13.0,0.9,2,0.0,0.371,-0.46,0.591,0.727,,,5.6,,52.4,77.0,8752.0,,77.0,3.3,0.5939,0.5135,1,MEDIUM
DEF-11966,Sepoy,1,Peace Station,46,3.1,15.0,0.15,3,,0.326,-0.069,,0.606,0.509,0.173,6.2,0.318,,61.0,12994.0,0.68,57.0,4.4,0.1896,0.2235,0,LOW
DEF-11967,Sepoy,1,Peace Station,57,15.6,14.0,0.15,1,0.0,0.405,-0.172,0.346,0.534,0.568,0.46,,0.28,56.3,74.0,9934.0,0.6,61.0,3.6,0.4012,0.296,1,MEDIUM
DEF-11968,Sepoy,1,Counter-Insurgency,158,1.6,7.0,0.9,4,0.0,,-0.098,0.422,0.287,0.245,0.202,6.8,0.268,45.0,69.0,8431.0,,55.0,3.4,0.4761,0.4394,1,MEDIUM
DEF-11969,Sepoy,1,Field Outpost,69,16.5,9.0,0.45,1,0.0,0.734,-0.34,0.356,0.215,0.176,0.094,7.0,0.183,,71.0,12393.0,0.81,50.0,2.5,0.4962,0.3346,1,MEDIUM
DEF-11970,Sepoy,1,Field Outpost,41,0.0,11.0,0.45,2,0.0,0.605,,0.634,0.358,0.277,0.0,,,,63.0,12914.0,0.7,67.0,2.5,0.1166,0.0838,0,LOW
DEF-11971,Havildar,2,Peace Station,10,20.9,10.0,0.15,3,0.0,0.355,,0.76,0.498,,,7.9,0.225,44.2,72.0,11361.0,,,3.7,0.3556,0.1644,0,LOW
DEF-11972,Sepoy,1,Field Outpost,37,4.6,8.0,0.45,1,0.0,0.325,,,0.856,0.606,0.6,6.3,,44.5,67.0,10413.0,0.77,,4.9,0.4066,0.3017,1,MEDIUM
DEF-11973,Naik,1,Peace Station,46,5.9,16.0,0.15,1,1.0,0.393,-0.209,0.363,,0.405,0.291,6.5,0.223,52.1,69.0,7570.0,0.61,53.0,2.9,0.057,0.1224,0,LOW
DEF-11974,Sepoy,1,High Altitude (Siachen/Ladakh),73,25.7,6.0,0.85,2,0.0,0.295,,,0.89,0.628,0.426,,0.201,48.6,,9768.0,0.56,79.0,4.9,0.5649,0.3527,1,MEDIUM
DEF-11975,Major,4,Field Outpost,47,16.7,9.0,0.45,3,0.0,0.428,-0.16,0.692,0.631,0.417,0.45,6.2,0.258,59.9,69.0,7260.0,0.54,59.0,2.4,0.3122,0.3371,0,LOW
DEF-11976,Sepoy,1,High Altitude (Siachen/Ladakh),162,21.2,13.0,0.85,1,2.0,0.24,,0.529,0.684,,0.356,5.5,0.159,57.9,82.0,10630.0,0.54,60.0,3.8,0.5359,0.5888,1,MEDIUM
DEF-11977,Sepoy,1,Peace Station,55,5.5,11.0,0.15,2,0.0,0.555,0.119,0.608,0.282,,0.349,7.0,0.209,51.3,70.0,12586.0,0.66,,,0.2187,0.2821,0,LOW
DEF-11978,Subedar,3,Field Outpost,111,22.2,9.0,0.45,2,0.0,0.107,-0.341,0.453,0.515,0.518,,7.0,0.209,44.7,,10090.0,0.64,120.0,3.3,0.2337,0.2972,0,LOW
DEF-11979,Havildar,2,Peace Station,20,12.8,12.0,0.15,2,0.0,0.4,0.504,,,0.655,0.172,6.8,,48.5,60.0,,0.79,61.0,3.3,0.5678,0.4601,1,MEDIUM
DEF-11980,Sepoy,1,Counter-Insurgency,61,15.0,9.0,0.9,4,0.0,0.524,-0.702,0.49,,0.577,0.421,,,,71.0,,,147.0,3.7,0.6733,0.5539,1,MEDIUM
DEF-11981,Havildar,2,Field Outpost,38,26.7,10.0,0.45,2,0.0,0.711,-0.268,0.509,0.742,0.649,0.416,,0.327,58.0,67.0,8911.0,,65.0,3.8,0.1766,0.1075,0,LOW
DEF-11982,Naik,1,Peace Station,113,4.1,9.0,0.15,2,0.0,0.393,0.212,0.64,0.278,0.39,,7.5,0.247,61.9,67.0,10814.0,,73.0,,0.7456,0.6449,2,HIGH
DEF-11983,Naik,1,Peace Station,49,21.8,9.0,0.15,2,0.0,0.237,-0.382,0.518,0.871,0.848,,,0.239,44.8,86.0,7092.0,0.59,64.0,3.6,0.1021,0.0628,0,LOW
DEF-11984,Sepoy,1,Peace Station,127,17.3,11.0,0.15,3,1.0,0.073,0.16,0.239,0.284,0.101,0.029,8.0,0.28,,60.0,6944.0,,37.0,2.0,0.0275,0.2108,0,LOW
DEF-11985,Sepoy,1,Peace Station,91,12.2,8.0,0.15,1,0.0,0.408,0.357,,0.636,0.352,,6.8,0.251,,,8933.0,0.8,38.0,3.3,0.1783,0.1703,0,LOW
DEF-11986,Havildar,2,Field Outpost,45,4.7,11.0,0.45,3,0.0,0.305,,0.459,0.491,0.516,0.12,5.1,0.149,54.1,77.0,9624.0,0.62,94.0,2.3,0.1589,0.1511,0,LOW
DEF-11987,Naik,1,Peace Station,30,12.1,20.0,0.15,1,0.0,0.51,-0.115,0.565,0.511,0.55,0.183,,0.207,46.5,71.0,7280.0,,57.0,2.8,0.2204,0.2238,0,LOW
DEF-11988,Sepoy,1,Counter-Insurgency,39,7.0,,0.9,2,1.0,0.556,0.107,,0.827,0.574,,6.9,,57.6,70.0,6349.0,0.76,73.0,3.4,0.166,0.1901,0,LOW
DEF-11989,Havildar,2,Peace Station,53,24.1,18.0,0.15,2,0.0,,-0.141,0.375,0.565,0.55,0.424,7.4,,44.2,74.0,13247.0,0.87,74.0,3.6,0.8488,0.7571,2,HIGH
DEF-11990,Havildar,2,High Altitude (Siachen/Ladakh),91,14.8,11.0,0.85,1,0.0,0.624,,0.563,0.546,0.775,0.257,,0.235,39.3,,8739.0,0.6,101.0,3.5,0.555,0.4835,1,MEDIUM
DEF-11991,Sepoy,1,Peace Station,62,8.2,20.0,0.15,1,0.0,0.57,0.112,0.54,0.641,0.525,0.381,,,,64.0,11351.0,,51.0,2.5,0.2388,0.2929,0,LOW
DEF-11992,Naik,1,Peace Station,100,1.8,11.0,0.15,1,0.0,0.386,-0.308,0.632,0.347,0.232,0.166,8.2,,63.2,62.0,8568.0,0.82,48.0,2.6,0.1607,0.2096,0,LOW
DEF-11993,Sepoy,1,Counter-Insurgency,133,10.1,10.0,0.9,1,0.0,0.244,-0.62,,0.945,0.789,,,,,,7426.0,0.67,107.0,3.3,0.7959,0.7485,2,HIGH
DEF-11994,Havildar,2,High Altitude (Siachen/Ladakh),64,24.5,12.0,0.85,3,,0.196,-0.523,0.795,,0.615,0.253,7.0,0.271,42.3,82.0,5973.0,0.86,55.0,4.0,0.3719,0.3479,1,MEDIUM
DEF-11995,Naik,1,Field Outpost,33,14.9,16.0,0.45,3,3.0,0.553,-0.223,0.668,0.922,0.757,0.411,,0.198,53.6,72.0,12034.0,0.7,78.0,,0.5166,0.4363,1,MEDIUM
DEF-11996,Major,4,High Altitude (Siachen/Ladakh),78,12.5,16.0,0.85,1,1.0,0.412,0.168,1.0,0.553,0.771,0.317,5.8,0.181,26.9,73.0,9249.0,0.57,72.0,,0.0873,0.2463,0,LOW
DEF-11997,Sepoy,1,Counter-Insurgency,172,28.4,13.0,0.9,1,1.0,0.629,-0.647,0.941,0.829,0.608,0.545,5.3,0.14,,82.0,10069.0,0.55,86.0,4.3,0.8023,0.8065,2,HIGH
DEF-11998,Sepoy,1,Field Outpost,104,10.5,11.0,0.45,3,0.0,0.173,-0.572,0.727,0.587,0.368,0.27,5.3,0.292,,64.0,9884.0,,,1.6,0.2811,0.399,0,LOW
DEF-11999,Sepoy,1,Peace Station,75,7.1,9.0,0.15,1,0.0,0.42,0.149,0.75,0.068,,0.012,6.3,0.302,57.6,,12064.0,,57.0,,0.3898,0.3267,1,MEDIUM
DEF-12000,Sepoy,1,Peace Station,36,17.4,10.0,0.15,4,0.0,0.273,0.165,0.392,,0.531,0.452,7.4,,39.5,72.0,4184.0,0.74,,2.5,0.2988,0.2593,0,LOW
DEF-12001,Sepoy,1,High Altitude (Siachen/Ladakh),56,17.6,7.0,0.85,1,0.0,0.377,-0.058,0.372,0.175,0.319,0.222,,,,68.0,,,,1.3,0.5492,0.4702,1,MEDIUM
DEF-12002,Subedar,3,High Altitude (Siachen/Ladakh),21,9.0,9.0,0.85,3,0.0,0.115,0.112,0.694,0.323,0.327,0.236,6.9,0.24,54.3,73.0,11125.0,0.74,72.0,2.8,0.5351,0.4291,1,MEDIUM
DEF-12003,Sepoy,1,High Altitude (Siachen/Ladakh),29,7.2,14.0,0.85,2,0.0,0.79,-0.585,,0.264,,0.041,6.1,0.306,,66.0,6679.0,0.82,44.0,3.0,0.1067,0.0947,0,LOW
DEF-12004,Sepoy,1,Peace Station,79,,12.0,0.15,1,0.0,0.118,0.098,0.768,0.506,0.276,0.42,7.5,0.221,52.0,69.0,8336.0,0.86,46.0,2.2,0.3269,0.3309,0,LOW
DEF-12005,Havildar,2,Counter-Insurgency,17,10.3,19.0,0.9,1,1.0,0.642,0.123,0.5,0.634,1.0,0.691,5.8,0.197,50.1,83.0,7250.0,,91.0,,0.5726,0.4878,1,MEDIUM
DEF-12006,Sepoy,1,Field Outpost,51,1.7,8.0,0.45,2,0.0,0.333,0.432,0.334,0.515,0.814,0.034,7.0,0.176,49.6,69.0,10970.0,0.68,65.0,3.5,0.4513,0.4612,1,MEDIUM
DEF-12007,Havildar,2,Field Outpost,27,15.6,14.0,0.45,1,0.0,0.816,0.152,,,,0.352,5.6,,39.4,73.0,6680.0,0.89,96.0,3.0,0.8247,0.6627,2,HIGH
DEF-12008,Sepoy,1,Peace Station,30,21.6,10.0,0.15,2,1.0,0.258,,0.287,0.49,0.741,0.29,8.1,,,71.0,13246.0,0.75,51.0,3.6,0.0871,0.1353,0,LOW
DEF-12009,Naik,1,Counter-Insurgency,65,12.4,10.0,0.9,1,1.0,0.007,0.085,0.677,,0.993,0.471,6.8,,62.5,86.0,8392.0,0.65,83.0,3.8,0.1278,0.2066,0,LOW
DEF-12010,Sepoy,1,Field Outpost,39,18.6,17.0,0.45,2,0.0,0.611,-0.019,0.4,,,,7.3,0.166,,63.0,11544.0,,,2.3,0.1048,0.1537,0,LOW
DEF-12011,Sepoy,1,Field Outpost,23,5.1,12.0,0.45,2,0.0,0.339,0.024,,,0.167,0.068,8.4,0.253,,59.0,6329.0,0.85,42.0,1.2,0.1023,0.1868,0,LOW
DEF-12012,Subedar,3,Counter-Insurgency,44,19.3,15.0,0.9,2,1.0,,-0.556,,,,0.489,5.8,0.139,45.6,75.0,11851.0,0.9,,2.2,0.4137,0.3976,1,MEDIUM
DEF-12013,Sepoy,1,Counter-Insurgency,23,5.9,10.0,0.9,1,0.0,0.663,-0.082,0.416,0.261,0.302,0.106,7.6,,,,,0.8,78.0,2.4,0.02,0.1007,0,LOW
DEF-12014,Naik,1,Peace Station,123,16.6,15.0,0.15,2,1.0,0.395,-0.35,,0.564,0.365,,6.4,0.175,54.7,71.0,11112.0,0.79,62.0,3.2,0.5235,0.5824,1,MEDIUM
DEF-12015,Sepoy,1,Counter-Insurgency,94,20.5,,0.9,2,,0.568,,0.849,0.535,0.842,,5.9,0.198,57.3,77.0,6070.0,0.76,70.0,3.5,0.7781,0.6966,2,HIGH
DEF-12016,Sepoy,1,High Altitude (Siachen/Ladakh),94,14.8,13.0,0.85,4,,0.49,-0.468,0.586,1.0,0.752,0.566,,,45.7,72.0,8016.0,0.69,66.0,3.4,0.3618,0.4171,1,MEDIUM
DEF-12017,Subedar,3,Peace Station,37,3.5,19.0,0.15,3,0.0,0.907,-0.099,0.323,0.257,0.127,0.052,7.0,,54.2,,7237.0,0.76,28.0,2.9,0.2887,0.3452,0,LOW
DEF-12018,Sepoy,1,Peace Station,81,3.9,14.0,0.15,1,0.0,0.324,,,,0.334,,,0.311,,66.0,8826.0,,69.0,2.5,0.0849,0.1617,0,LOW
DEF-12019,Naik,1,Field Outpost,71,27.5,14.0,0.45,1,4.0,0.154,,0.787,0.748,0.695,0.484,,0.239,45.7,85.0,8276.0,0.59,,3.8,0.4997,0.5541,1,MEDIUM
DEF-12020,Major,4,Field Outpost,39,7.5,8.0,0.45,1,0.0,0.354,0.064,,0.57,0.425,0.325,6.3,0.22,40.0,70.0,8505.0,0.71,,3.7,0.0518,0.1197,0,LOW
DEF-12021,Naik,1,High Altitude (Siachen/Ladakh),60,,14.0,0.85,1,0.0,0.644,,,0.577,0.789,0.271,6.5,0.18,59.4,72.0,7753.0,0.85,102.0,4.0,0.4582,0.4688,1,MEDIUM
DEF-12022,Major,4,Peace Station,20,15.0,12.0,0.15,1,0.0,0.395,-0.314,,0.377,,0.261,7.2,0.301,59.9,65.0,7887.0,,,3.0,0.4045,0.3896,1,MEDIUM
DEF-12023,Sepoy,1,High Altitude (Siachen/Ladakh),31,5.5,13.0,0.85,1,1.0,0.27,0.079,,0.4,0.266,0.176,6.9,0.273,,,9588.0,0.78,47.0,3.1,0.1539,0.2299,0,LOW
DEF-12024,Sepoy,1,High Altitude (Siachen/Ladakh),59,9.5,10.0,0.85,1,1.0,0.629,0.473,0.938,0.618,0.51,0.363,5.4,0.219,42.6,71.0,9027.0,,,3.1,0.511,0.3977,1,MEDIUM
DEF-12025,Sepoy,1,Field Outpost,46,28.4,16.0,0.45,1,0.0,0.481,-0.201,0.743,0.563,0.599,,,0.171,39.9,79.0,,0.56,92.0,4.9,0.6774,0.593,1,MEDIUM
DEF-12026,Havildar,2,Counter-Insurgency,77,43.7,14.0,0.9,1,2.0,0.353,0.113,0.585,0.382,0.849,0.601,6.5,,42.3,70.0,10909.0,0.51,,3.1,0.8255,0.6789,2,HIGH
DEF-12027,Colonel,4,High Altitude (Siachen/Ladakh),39,11.3,7.0,0.85,1,0.0,0.626,,0.536,0.384,0.643,,6.2,0.134,62.0,64.0,8829.0,,69.0,,0.4785,0.4116,1,MEDIUM
DEF-12028,Sepoy,1,Peace Station,50,,9.0,0.15,1,0.0,0.264,0.017,0.416,,0.434,0.229,7.1,0.313,46.9,79.0,10920.0,0.88,44.0,3.4,0.0975,0.1563,0,LOW
DEF-12029,Naik,1,High Altitude (Siachen/Ladakh),62,0.1,4.0,0.85,2,0.0,0.118,0.396,0.074,0.078,0.254,0.0,7.5,,58.1,67.0,9522.0,0.89,62.0,,0.2185,0.2165,0,LOW
DEF-12030,Sepoy,1,Counter-Insurgency,37,0.0,12.0,0.9,1,0.0,0.267,-0.529,,0.65,0.532,0.308,5.2,0.199,,72.0,,0.82,109.0,3.1,0.1124,0.1593,0,LOW
DEF-12031,Naik,1,Peace Station,50,6.7,14.0,0.15,1,1.0,0.252,-0.356,,0.499,,0.217,6.6,0.224,59.5,70.0,10767.0,,48.0,3.8,0.0821,0.1319,0,LOW
DEF-12032,Naik,1,Counter-Insurgency,71,10.2,12.0,0.9,1,0.0,0.82,0.147,,0.341,,0.165,6.6,0.226,52.1,70.0,13143.0,0.76,69.0,2.2,0.4269,0.5064,1,MEDIUM
DEF-12033,Major,4,Peace Station,142,13.8,12.0,0.15,2,,0.648,-0.196,0.399,,0.708,0.311,6.2,0.253,32.7,73.0,6499.0,0.57,151.0,3.4,0.5848,0.6391,1,MEDIUM
DEF-12034,Naik,1,Field Outpost,37,19.9,10.0,0.45,3,1.0,0.58,-0.567,0.962,,0.726,0.512,6.2,0.197,54.6,76.0,8368.0,,76.0,4.3,0.7864,0.64,2,HIGH
DEF-12035,Sepoy,1,High Altitude (Siachen/Ladakh),46,15.9,13.0,0.85,1,0.0,0.164,-0.636,0.604,0.864,0.38,0.301,5.9,0.108,44.1,81.0,9049.0,0.61,90.0,3.5,0.3659,0.3634,1,MEDIUM
DEF-12036,Sepoy,1,High Altitude (Siachen/Ladakh),103,20.0,14.0,0.85,2,0.0,0.298,,0.628,0.62,,0.552,5.2,0.15,,,11183.0,0.78,90.0,4.1,0.3971,0.4204,1,MEDIUM
DEF-12037,Sepoy,1,High Altitude (Siachen/Ladakh),118,8.8,15.0,0.85,2,3.0,0.163,,0.634,,0.688,,7.0,0.179,,,,,69.0,4.0,0.3159,0.3182,0,LOW
DEF-12038,Sepoy,1,Field Outpost,85,13.4,14.0,0.45,2,0.0,0.256,-0.057,0.485,0.244,0.406,,6.8,0.27,,70.0,5711.0,0.88,45.0,,0.1769,0.2277,0,LOW
DEF-12039,Sepoy,1,High Altitude (Siachen/Ladakh),116,10.9,9.0,0.85,3,,0.057,,0.442,0.444,0.566,0.356,6.7,0.222,50.5,70.0,11679.0,0.61,,3.6,0.7103,0.6132,1,MEDIUM
DEF-12040,Subedar,3,High Altitude (Siachen/Ladakh),36,3.2,7.0,0.85,3,,0.409,0.064,,0.15,,,7.9,0.236,47.4,63.0,5210.0,,,2.7,0.1858,0.1995,0,LOW
DEF-12041,Naik,1,Field Outpost,110,0.0,12.0,0.45,1,3.0,0.185,-0.15,0.364,0.475,0.688,0.255,6.5,0.125,51.9,70.0,5472.0,,60.0,3.0,0.1573,0.2451,0,LOW
DEF-12042,Naik,1,Field Outpost,96,8.3,9.0,0.45,1,1.0,,-0.42,0.437,0.555,0.556,0.143,6.6,0.233,54.6,64.0,9968.0,0.68,47.0,2.0,0.6464,0.4939,1,MEDIUM
DEF-12043,Sepoy,1,High Altitude (Siachen/Ladakh),30,0.0,11.0,0.85,2,2.0,,,0.296,,0.162,0.0,7.6,,,55.0,10367.0,0.98,54.0,1.9,0.4722,0.4043,1,MEDIUM
DEF-12044,Subedar,3,Peace Station,51,4.4,12.0,0.15,4,0.0,0.175,,0.199,0.16,,0.0,7.7,0.219,59.5,,8169.0,0.87,23.0,2.2,0.1309,0.1008,0,LOW
DEF-12045,Havildar,2,Field Outpost,12,18.6,15.0,0.45,3,0.0,0.812,-0.218,0.501,0.359,,0.48,,0.221,35.4,71.0,,0.54,65.0,2.9,0.5958,0.5282,1,MEDIUM
DEF-12046,Sepoy,1,Peace Station,68,15.5,13.0,0.15,1,0.0,0.403,0.154,0.565,0.311,0.324,,8.0,0.261,,72.0,,,53.0,1.8,0.271,0.3549,0,LOW
DEF-12047,Havildar,2,High Altitude (Siachen/Ladakh),109,14.2,11.0,0.85,1,0.0,0.445,0.112,0.747,0.445,0.308,0.381,6.4,,46.6,68.0,,0.74,58.0,,0.3686,0.469,1,MEDIUM
DEF-12048,Naik,1,Peace Station,45,24.0,10.0,0.15,3,0.0,0.387,0.094,0.205,0.627,0.434,0.438,5.0,,45.9,68.0,12395.0,0.8,59.0,3.0,0.3349,0.2638,0,LOW
DEF-12049,Sepoy,1,Field Outpost,32,7.8,19.0,0.45,2,2.0,0.358,0.076,0.579,0.356,0.195,0.038,,0.206,,,,0.62,57.0,,0.1895,0.2056,0,LOW
DEF-12050,Naik,1,Peace Station,31,19.8,11.0,0.15,2,0.0,0.114,0.134,0.754,,0.44,0.29,5.6,0.273,44.3,65.0,11362.0,0.52,85.0,,0.4397,0.3794,1,MEDIUM
DEF-12051,Naik,1,Peace Station,62,7.1,14.0,0.15,2,0.0,0.467,0.056,0.44,0.567,0.466,,7.9,0.23,42.1,,11574.0,,59.0,2.6,0.3631,0.3017,0,LOW
DEF-12052,Sepoy,1,Field Outpost,85,16.4,16.0,0.45,1,,0.073,-0.374,0.717,0.449,0.661,0.426,7.1,0.228,,70.0,6586.0,0.78,55.0,3.1,0.2496,0.3255,0,LOW
DEF-12053,Major,4,Field Outpost,144,15.3,10.0,0.45,3,0.0,,0.077,0.456,0.568,0.416,0.443,5.5,0.27,41.8,,11203.0,,108.0,4.1,0.4856,0.5188,1,MEDIUM
DEF-12054,Havildar,2,Field Outpost,11,15.8,11.0,0.45,3,1.0,0.428,0.123,,0.35,0.366,0.221,6.2,0.196,55.1,70.0,8767.0,0.66,51.0,2.9,0.7372,0.5994,2,HIGH
DEF-12055,Naik,1,Peace Station,134,10.7,15.0,0.15,2,2.0,0.417,0.232,0.134,0.275,0.405,0.094,7.7,,75.6,,9655.0,,24.0,2.6,0.0906,0.3161,0,LOW
DEF-12056,Naik,1,Counter-Insurgency,70,16.7,12.0,0.9,2,1.0,0.696,-0.199,0.629,0.983,0.583,,6.8,0.173,43.0,74.0,10365.0,,,3.7,0.8091,0.6833,2,HIGH
DEF-12057,Sepoy,1,Peace Station,106,17.4,,0.15,2,0.0,0.444,,0.435,,0.387,0.532,6.0,,47.0,78.0,13969.0,0.71,68.0,3.6,0.3026,0.3464,0,LOW
DEF-12058,Naik,1,Counter-Insurgency,93,1.8,8.0,0.9,1,4.0,0.446,,0.445,0.565,0.398,0.375,,0.243,48.7,75.0,8773.0,0.47,52.0,3.5,0.587,0.4394,1,MEDIUM
DEF-12059,Naik,1,High Altitude (Siachen/Ladakh),64,,9.0,0.85,1,0.0,0.362,-0.14,0.328,0.337,0.22,0.387,6.5,0.272,61.0,,11680.0,0.84,,,0.0517,0.1574,0,LOW
DEF-12060,Sepoy,1,Peace Station,62,3.5,4.0,0.15,1,0.0,0.407,0.16,0.111,0.299,0.209,0.058,6.0,0.302,,64.0,7243.0,0.92,39.0,1.3,0.0379,0.1137,0,LOW
DEF-12061,Naik,1,Field Outpost,78,6.5,11.0,0.45,4,1.0,0.486,0.041,0.371,0.22,0.224,0.035,8.0,0.32,69.8,67.0,10158.0,0.82,54.0,3.2,0.1357,0.1879,0,LOW
DEF-12062,Havildar,2,Counter-Insurgency,53,16.1,13.0,0.9,1,0.0,,-0.56,0.869,0.961,0.771,0.507,6.2,0.238,35.2,84.0,7176.0,0.57,84.0,4.7,0.975,0.8999,2,HIGH
DEF-12063,Naik,1,Field Outpost,56,19.1,21.0,0.45,1,0.0,0.382,-0.207,0.472,0.969,0.457,0.538,6.0,0.196,50.8,,8786.0,0.73,64.0,3.4,0.2188,0.2176,0,LOW
DEF-12064,Sepoy,1,Peace Station,87,15.9,11.0,0.15,2,0.0,0.067,,0.418,0.314,0.516,,7.8,,,62.0,12825.0,0.62,,2.7,0.1283,0.1761,0,LOW
DEF-12065,Havildar,2,Field Outpost,37,16.8,14.0,0.45,1,0.0,0.229,-0.053,0.485,0.563,0.665,0.301,5.2,0.246,65.7,74.0,8484.0,0.85,118.0,3.6,0.4863,0.4433,1,MEDIUM
DEF-12066,Sepoy,1,Field Outpost,111,4.3,,0.45,1,0.0,0.444,0.041,0.178,0.52,0.726,0.18,7.3,,,66.0,8067.0,0.79,50.0,3.0,0.0554,0.0625,0,LOW
DEF-12067,Sepoy,1,High Altitude (Siachen/Ladakh),106,,14.0,0.85,2,1.0,0.43,-0.596,0.58,0.364,0.574,0.149,7.0,0.219,50.4,71.0,14703.0,0.49,,3.7,0.5668,0.6392,1,MEDIUM
DEF-12068,Sepoy,1,Counter-Insurgency,46,0.0,7.0,0.9,2,0.0,0.533,0.237,,0.501,0.293,,7.3,,,71.0,11166.0,0.88,152.0,,0.7144,0.5467,1,MEDIUM
DEF-12069,Sepoy,1,Peace Station,88,6.2,15.0,0.15,2,1.0,0.79,-0.009,0.476,0.508,,0.143,8.1,,64.1,67.0,,0.8,31.0,,0.022,0.1471,0,LOW
DEF-12070,Havildar,2,Peace Station,81,2.6,8.0,0.15,2,0.0,0.157,,,0.098,,0.177,6.9,0.243,62.8,71.0,9815.0,1.0,,2.5,0.0343,0.1474,0,LOW
DEF-12071,Naik,1,Peace Station,43,14.1,5.0,0.15,2,0.0,0.18,-0.201,0.235,0.822,0.426,0.26,6.7,0.288,55.7,64.0,7518.0,0.66,66.0,3.5,0.2093,0.169,0,LOW
DEF-12072,Sepoy,1,Counter-Insurgency,91,34.0,,0.9,2,1.0,0.277,-0.029,0.41,0.499,0.636,0.659,,0.18,,78.0,,0.74,66.0,2.8,0.7555,0.5789,2,HIGH
DEF-12073,Subedar,3,Field Outpost,140,20.5,7.0,0.45,2,0.0,0.743,-0.254,,0.502,0.906,0.421,4.9,,49.6,80.0,,0.75,122.0,3.0,0.5887,0.5154,1,MEDIUM
DEF-12074,Subedar,3,Counter-Insurgency,114,0.0,11.0,0.9,1,0.0,0.572,,0.765,0.704,,0.15,6.9,0.237,64.1,82.0,8268.0,,71.0,3.5,0.2934,0.284,0,LOW
DEF-12075,Subedar,3,Field Outpost,23,1.1,13.0,0.45,2,0.0,0.225,0.28,0.321,0.588,0.4,0.04,7.0,,67.3,57.0,11412.0,0.82,40.0,2.6,0.2223,0.1456,0,LOW
DEF-12076,Sepoy,1,High Altitude (Siachen/Ladakh),83,3.0,13.0,0.85,1,0.0,0.206,-0.381,0.359,0.457,0.392,0.29,,0.137,,,5158.0,0.78,81.0,,0.2492,0.2666,0,LOW
DEF-12077,Naik,1,Peace Station,103,0.0,6.0,0.15,1,0.0,0.223,0.099,0.259,0.527,0.272,0.125,6.9,0.297,39.2,60.0,12588.0,,36.0,2.4,0.3909,0.3511,1,MEDIUM
DEF-12078,Colonel,4,Counter-Insurgency,42,,10.0,0.9,1,0.0,,-0.182,0.514,0.546,0.474,0.34,,0.233,45.5,77.0,7562.0,0.73,,3.5,0.6945,0.6353,1,MEDIUM
DEF-12079,Havildar,2,Field Outpost,111,15.9,13.0,0.45,1,0.0,0.247,,0.297,0.28,,0.208,7.5,0.204,43.8,68.0,11028.0,0.91,47.0,2.4,0.2714,0.303,0,LOW
DEF-12080,Sepoy,1,High Altitude (Siachen/Ladakh),39,3.0,16.0,0.85,2,0.0,0.347,,0.422,0.43,0.308,0.317,6.8,0.233,,76.0,9955.0,0.68,78.0,3.4,0.1623,0.2178,0,LOW
DEF-12081,Sepoy,1,Peace Station,53,12.1,12.0,0.15,2,1.0,0.242,0.17,0.114,0.134,0.336,0.0,5.8,0.265,,73.0,8556.0,0.72,35.0,2.8,0.0452,0.0701,0,LOW
DEF-12082,Naik,1,High Altitude (Siachen/Ladakh),40,15.9,15.0,0.85,1,0.0,,0.241,0.613,0.816,0.896,,,0.19,41.7,,14944.0,,61.0,4.8,0.8197,0.6501,2,HIGH
DEF-12083,Subedar,3,Field Outpost,35,19.9,16.0,0.45,4,2.0,0.422,0.033,0.341,0.261,0.276,0.398,7.9,0.257,63.7,67.0,10317.0,0.77,56.0,3.5,0.2133,0.255,0,LOW
DEF-12084,Naik,1,Peace Station,78,15.3,7.0,0.15,2,0.0,0.63,0.205,0.281,0.48,0.348,,,0.339,43.6,68.0,15017.0,,97.0,1.8,0.0818,0.01,0,LOW
DEF-12085,Naik,1,Field Outpost,25,16.8,10.0,0.45,3,1.0,0.322,-0.715,,0.397,0.474,,6.0,,53.6,70.0,11781.0,,64.0,4.8,0.3725,0.2733,0,LOW
DEF-12086,Sepoy,1,Field Outpost,55,13.7,12.0,0.45,2,0.0,0.041,-0.032,,0.744,0.477,0.653,7.1,0.217,,72.0,9128.0,0.6,69.0,3.4,0.4565,0.4522,1,MEDIUM
DEF-12087,Naik,1,Peace Station,78,5.4,12.0,0.15,1,0.0,0.369,0.313,0.074,0.326,0.292,,8.6,0.265,59.0,63.0,4591.0,,105.0,,0.1662,0.2721,0,LOW
DEF-12088,Havildar,2,Peace Station,40,7.2,11.0,0.15,4,0.0,0.473,-0.054,0.155,0.149,0.466,0.242,5.8,0.221,73.4,57.0,12723.0,,50.0,,0.1498,0.1565,0,LOW
DEF-12089,Sepoy,1,Field Outpost,122,2.8,5.0,0.45,3,0.0,0.758,-0.203,,0.252,0.321,0.043,7.5,,49.4,66.0,5273.0,0.81,67.0,3.0,0.1462,0.1761,0,LOW
DEF-12090,Havildar,2,Peace Station,57,26.7,10.0,0.15,2,2.0,0.154,-0.027,0.25,0.605,0.353,0.38,6.4,,46.4,,5865.0,0.73,41.0,,0.1455,0.0877,0,LOW
DEF-12091,Major,4,Field Outpost,152,1.5,13.0,0.45,1,0.0,0.136,0.292,0.272,,0.329,0.0,8.2,0.259,38.8,66.0,13657.0,0.81,47.0,2.4,0.4589,0.4828,1,MEDIUM
DEF-12092,Sepoy,1,Field Outpost,23,22.1,13.0,0.45,1,0.0,0.156,-0.492,0.589,0.817,0.496,0.487,,0.221,,78.0,2896.0,0.52,85.0,2.7,0.6359,0.5586,1,MEDIUM
DEF-12093,Naik,1,Peace Station,80,1.6,10.0,0.15,3,1.0,0.792,-0.155,,0.287,0.164,0.0,6.6,,44.4,63.0,7043.0,0.85,25.0,2.3,0.1093,0.2381,0,LOW
DEF-12094,Sepoy,1,Peace Station,71,20.5,12.0,0.15,1,0.0,0.376,0.303,,0.5,,,6.6,0.253,54.3,67.0,12486.0,,55.0,1.9,0.06,0.1277,0,LOW
DEF-12095,Havildar,2,High Altitude (Siachen/Ladakh),49,22.3,10.0,0.85,2,0.0,,-0.263,,0.794,0.594,,,0.181,46.3,70.0,7041.0,0.72,57.0,3.6,0.5072,0.4105,1,MEDIUM
DEF-12096,Naik,1,Peace Station,64,23.8,11.0,0.15,2,0.0,0.182,-0.09,0.339,0.301,0.804,0.283,,0.189,45.6,68.0,7001.0,0.73,49.0,2.9,0.3527,0.3612,1,MEDIUM
DEF-12097,Naik,1,High Altitude (Siachen/Ladakh),87,5.1,6.0,0.85,1,0.0,0.053,-0.261,0.996,0.676,0.568,,7.0,,51.8,81.0,4778.0,0.68,,3.8,0.4329,0.3658,1,MEDIUM
DEF-12098,Havildar,2,Field Outpost,96,15.4,13.0,0.45,3,0.0,0.103,-0.284,0.865,0.593,0.611,0.396,4.9,,47.9,76.0,8018.0,0.71,100.0,3.5,0.5444,0.5398,1,MEDIUM
DEF-12099,Sepoy,1,Counter-Insurgency,59,8.9,8.0,0.9,3,1.0,0.158,0.179,0.393,0.581,0.535,0.258,7.0,0.21,51.4,,7185.0,0.76,60.0,3.2,0.1854,0.1843,0,LOW
DEF-12100,Subedar,3,Peace Station,80,6.5,7.0,0.15,1,0.0,0.826,-0.197,0.459,,0.28,0.139,6.3,,48.8,70.0,,,33.0,2.6,0.2585,0.2234,0,LOW
DEF-12101,Naik,1,High Altitude (Siachen/Ladakh),37,14.4,9.0,0.85,2,0.0,0.228,0.108,,0.396,0.686,0.353,6.2,,63.3,67.0,10953.0,,92.0,,0.5981,0.5003,1,MEDIUM
DEF-12102,Sepoy,1,Field Outpost,97,20.9,10.0,0.45,3,1.0,0.372,0.051,,0.326,0.376,0.361,5.0,0.268,,64.0,,,41.0,2.0,0.6698,0.5743,1,MEDIUM
DEF-12103,Naik,1,Peace Station,136,8.9,8.0,0.15,2,1.0,0.817,-0.006,0.785,0.728,0.851,0.224,6.1,0.224,62.6,72.0,11436.0,0.77,,2.9,0.1395,0.2141,0,LOW
DEF-12104,Havildar,2,Peace Station,101,16.8,6.0,0.15,2,0.0,0.27,,0.223,,0.081,0.307,8.4,0.256,57.9,,,0.79,,,0.2312,0.1475,0,LOW
DEF-12105,Sepoy,1,Field Outpost,40,6.3,10.0,0.45,2,0.0,0.298,,0.463,0.619,1.0,0.23,7.2,,44.2,65.0,9061.0,0.68,,,0.249,0.2304,0,LOW
DEF-12106,Subedar,3,Peace Station,33,5.1,10.0,0.15,1,0.0,,-0.059,,0.696,0.606,0.41,5.9,,38.3,67.0,,0.83,93.0,3.8,0.2721,0.2554,0,LOW
DEF-12107,Subedar,3,Field Outpost,205,11.2,16.0,0.45,4,1.0,0.488,0.333,,0.285,0.343,0.163,7.9,,54.4,65.0,13410.0,1.0,47.0,3.6,0.405,0.5485,1,MEDIUM
DEF-12108,Sepoy,1,Counter-Insurgency,131,11.8,9.0,0.9,2,1.0,0.219,,0.356,,0.407,0.35,6.3,0.309,58.8,62.0,10544.0,0.82,33.0,3.1,0.3268,0.3783,0,LOW
DEF-12109,Colonel,4,Field Outpost,96,19.7,,0.45,1,0.0,0.69,-0.209,,0.596,0.458,0.446,,0.2,38.1,77.0,,0.71,57.0,3.3,0.4936,0.4524,1,MEDIUM
DEF-12110,Sepoy,1,Field Outpost,140,3.4,12.0,0.45,3,3.0,0.092,-0.265,,0.688,0.435,0.202,,0.203,,76.0,8822.0,0.66,,3.6,0.2443,0.3976,0,LOW
DEF-12111,Sepoy,1,High Altitude (Siachen/Ladakh),63,32.3,14.0,0.85,2,0.0,0.13,0.168,0.75,,0.441,0.476,6.9,0.231,,70.0,8314.0,0.64,84.0,,0.497,0.47,1,MEDIUM
DEF-12112,Sepoy,1,High Altitude (Siachen/Ladakh),95,0.0,9.0,0.85,1,1.0,0.634,-0.132,0.519,0.493,0.385,0.305,5.6,0.232,,70.0,10580.0,0.66,63.0,2.8,0.4152,0.2896,1,MEDIUM
DEF-12113,Subedar,3,Peace Station,121,15.9,12.0,0.15,3,1.0,0.683,,0.691,,0.372,0.351,6.2,,59.4,78.0,16441.0,0.58,62.0,2.3,0.6297,0.5486,1,MEDIUM
DEF-12114,Naik,1,High Altitude (Siachen/Ladakh),53,11.6,20.0,0.85,1,1.0,0.65,0.353,0.506,0.68,0.422,0.399,3.8,0.132,34.6,76.0,7568.0,0.58,82.0,3.7,0.6459,0.6483,1,MEDIUM
DEF-12115,Sepoy,1,Field Outpost,83,8.5,7.0,0.45,2,3.0,0.388,0.469,0.482,0.347,,0.0,,0.203,,61.0,9759.0,0.72,58.0,,0.3005,0.2037,0,LOW
DEF-12116,Sepoy,1,Peace Station,114,12.5,10.0,0.15,2,0.0,0.524,0.153,0.425,0.593,0.521,0.09,5.1,0.225,54.0,,3760.0,0.77,78.0,3.0,0.2495,0.2825,0,LOW
DEF-12117,Naik,1,Peace Station,32,19.7,9.0,0.15,1,0.0,0.574,,0.49,0.211,0.247,0.311,5.9,,55.7,67.0,6709.0,0.81,52.0,,0.5565,0.4502,1,MEDIUM
DEF-12118,Sepoy,1,Peace Station,50,21.0,14.0,0.15,3,0.0,0.313,-0.342,0.636,0.452,0.385,0.369,6.2,0.263,,76.0,11218.0,0.77,52.0,,0.2126,0.1861,0,LOW
DEF-12119,Subedar,3,Field Outpost,113,12.2,9.0,0.45,2,1.0,0.608,,,,0.43,,5.9,0.181,54.9,63.0,6252.0,0.74,92.0,3.0,0.3331,0.2982,0,LOW
DEF-12120,Havildar,2,Peace Station,72,16.8,11.0,0.15,3,1.0,0.556,0.175,0.515,0.712,0.304,0.388,6.0,0.244,40.1,71.0,3689.0,0.66,63.0,2.9,0.1622,0.1865,0,LOW
DEF-12121,Naik,1,Field Outpost,66,2.7,10.0,0.45,2,,0.434,-0.034,0.519,0.363,0.757,0.302,7.0,,48.2,71.0,,,,2.5,0.5252,0.5229,1,MEDIUM
DEF-12122,Major,4,Field Outpost,62,12.4,16.0,0.45,4,0.0,0.274,,0.304,0.685,0.561,0.294,6.4,0.236,47.1,,9571.0,0.64,57.0,2.2,0.2174,0.3372,0,LOW
DEF-12123,Sepoy,1,High Altitude (Siachen/Ladakh),119,17.4,9.0,0.85,1,0.0,,,0.521,0.538,0.379,0.423,7.4,0.227,61.6,65.0,8489.0,0.73,58.0,3.6,0.2724,0.3147,0,LOW
DEF-12124,Colonel,4,Field Outpost,34,0.0,17.0,0.45,2,0.0,0.674,-0.282,,0.554,,0.139,6.8,0.242,48.9,73.0,7405.0,,57.0,2.8,0.1624,0.1407,0,LOW
DEF-12125,Naik,1,High Altitude (Siachen/Ladakh),48,14.7,15.0,0.85,4,0.0,0.295,-0.426,0.585,0.483,0.327,0.289,6.1,0.241,41.5,77.0,,0.96,75.0,3.8,0.5226,0.4339,1,MEDIUM
DEF-12126,Naik,1,Counter-Insurgency,25,12.6,13.0,0.9,1,1.0,0.583,,,,0.385,0.229,6.8,,71.2,,9619.0,0.65,53.0,2.3,0.9102,0.7133,2,HIGH
DEF-12127,Sepoy,1,Counter-Insurgency,52,24.8,11.0,0.9,1,0.0,0.01,-0.171,0.708,0.779,1.0,0.6,6.1,0.178,,81.0,10324.0,0.63,,3.9,0.3544,0.2877,0,LOW
DEF-12128,Subedar,3,Counter-Insurgency,70,,11.0,0.9,4,0.0,0.638,-0.592,,,0.84,0.376,5.6,0.173,41.0,82.0,6894.0,0.68,95.0,3.4,0.859,0.7327,2,HIGH
DEF-12129,Sepoy,1,Peace Station,16,18.1,12.0,0.15,4,0.0,0.32,-0.372,0.534,0.367,0.358,0.251,7.7,0.245,43.0,70.0,7372.0,0.84,79.0,2.8,0.26,0.249,0,LOW
DEF-12130,Sepoy,1,Peace Station,38,11.7,13.0,0.15,3,1.0,0.458,,0.204,0.728,0.28,0.22,5.8,0.276,,68.0,6931.0,0.76,,2.2,0.0902,0.1309,0,LOW
DEF-12131,Sepoy,1,Field Outpost,72,19.4,7.0,0.45,2,0.0,0.206,-0.056,0.306,0.243,0.54,0.219,6.0,0.201,,62.0,,1.0,79.0,2.2,0.1155,0.0662,0,LOW
DEF-12132,Naik,1,Field Outpost,82,18.8,17.0,0.45,2,0.0,0.78,0.175,0.829,,0.204,0.242,9.0,0.263,64.1,69.0,11753.0,0.65,84.0,2.3,0.112,0.1745,0,LOW
DEF-12133,Naik,1,Peace Station,158,2.9,8.0,0.15,1,0.0,0.327,,,0.402,0.573,,,,55.0,76.0,12003.0,,76.0,2.8,0.1335,0.1596,0,LOW
DEF-12134,Havildar,2,Peace Station,89,16.6,13.0,0.15,2,0.0,0.546,0.208,0.954,0.464,0.685,,,0.265,52.6,67.0,10219.0,,48.0,,0.5792,0.5893,1,MEDIUM
DEF-12135,Subedar,3,Counter-Insurgency,57,24.0,14.0,0.9,2,3.0,0.272,-0.035,0.651,0.683,0.806,0.438,7.0,0.136,43.6,76.0,8041.0,0.73,,3.0,0.354,0.3021,0,LOW
DEF-12136,Sepoy,1,Peace Station,69,22.4,11.0,0.15,1,1.0,0.837,0.13,0.501,0.808,0.463,0.365,7.0,0.174,,81.0,9701.0,0.66,62.0,3.5,0.3624,0.4047,1,MEDIUM
DEF-12137,Havildar,2,Field Outpost,70,14.2,13.0,0.45,2,1.0,0.594,,0.42,1.0,0.804,0.491,6.1,0.216,45.7,68.0,,0.44,,2.8,0.2082,0.1244,0,LOW
DEF-12138,Sepoy,1,Peace Station,48,16.7,18.0,0.15,2,0.0,0.449,0.201,,,,0.078,,0.306,,66.0,11686.0,0.6,50.0,3.2,0.2299,0.3806,0,LOW
DEF-12139,Subedar,3,High Altitude (Siachen/Ladakh),74,21.8,11.0,0.85,2,0.0,0.428,-0.399,0.63,0.902,0.935,0.403,5.7,,43.3,81.0,8920.0,0.76,118.0,2.7,0.747,0.5819,2,HIGH
DEF-12140,Havildar,2,Field Outpost,47,4.3,17.0,0.45,2,0.0,0.28,0.177,,0.532,0.531,,6.9,0.196,50.8,73.0,12785.0,0.96,51.0,,0.1695,0.1689,0,LOW
DEF-12141,Naik,1,Peace Station,76,18.0,14.0,0.15,3,0.0,0.171,-0.18,0.924,,0.422,0.414,6.2,,52.1,66.0,14136.0,,54.0,2.5,0.2615,0.4018,0,LOW
DEF-12142,Havildar,2,Counter-Insurgency,62,0.0,9.0,0.9,1,1.0,0.399,-0.509,0.434,0.507,0.385,0.187,7.1,0.233,53.7,75.0,,0.7,59.0,1.1,0.114,0.19,0,LOW
DEF-12143,Sepoy,1,High Altitude (Siachen/Ladakh),56,21.3,9.0,0.85,2,0.0,0.029,-0.022,0.554,,0.391,,,0.13,53.1,76.0,4117.0,0.59,69.0,3.5,0.4393,0.4479,1,MEDIUM
DEF-12144,Naik,1,High Altitude (Siachen/Ladakh),57,10.7,8.0,0.85,2,0.0,0.267,-0.277,,0.702,,0.303,6.3,0.193,48.3,78.0,7408.0,0.69,62.0,3.7,0.1713,0.1853,0,LOW
DEF-12145,Havildar,2,Counter-Insurgency,98,13.3,20.0,0.9,1,0.0,0.756,0.097,0.52,,0.581,,6.5,0.131,52.7,68.0,7888.0,0.62,84.0,2.5,0.6832,0.7616,2,HIGH
DEF-12146,Naik,1,Field Outpost,93,9.3,9.0,0.45,1,4.0,0.646,,0.337,0.273,0.671,0.035,,0.276,56.8,66.0,10345.0,1.0,41.0,2.3,0.647,0.5771,1,MEDIUM
DEF-12147,Sepoy,1,High Altitude (Siachen/Ladakh),54,13.7,13.0,0.85,2,2.0,0.105,-0.784,0.544,0.656,1.0,0.369,,,46.6,84.0,7457.0,0.52,,4.7,0.3421,0.3167,0,LOW
DEF-12148,Naik,1,Peace Station,96,16.2,12.0,0.15,2,0.0,,,0.354,0.474,0.721,0.322,,0.227,55.1,69.0,7281.0,0.76,65.0,3.1,0.053,0.1272,0,LOW
DEF-12149,Havildar,2,High Altitude (Siachen/Ladakh),61,20.4,11.0,0.85,4,0.0,0.437,-0.035,,,0.264,0.375,6.7,0.22,50.7,,8806.0,0.76,45.0,3.8,0.4457,0.5014,1,MEDIUM
DEF-12150,Sepoy,1,Peace Station,62,25.0,9.0,0.15,2,0.0,0.479,-0.654,0.647,0.704,0.567,0.433,4.3,0.183,51.0,73.0,6743.0,0.73,74.0,1.9,0.6365,0.5967,1,MEDIUM
DEF-12151,Sepoy,1,Peace Station,48,14.4,10.0,0.15,1,0.0,0.398,,0.424,0.434,0.427,0.134,6.3,,,68.0,4006.0,,40.0,2.7,0.1073,0.0702,0,LOW
DEF-12152,Havildar,2,Field Outpost,149,0.0,18.0,0.45,2,2.0,0.33,,0.286,0.529,,0.214,,0.285,57.4,68.0,12684.0,,118.0,2.5,0.2704,0.5099,1,MEDIUM
DEF-12153,Havildar,2,Peace Station,140,25.1,10.0,0.15,3,0.0,0.346,-0.054,,0.526,0.567,0.306,5.8,0.278,57.6,58.0,,0.75,52.0,3.3,0.4138,0.387,1,MEDIUM
DEF-12154,Sepoy,1,Field Outpost,42,1.5,20.0,0.45,2,2.0,0.411,0.398,0.993,,0.588,0.179,6.2,0.167,,78.0,11634.0,0.66,83.0,2.4,0.2763,0.3734,0,LOW
DEF-12155,Sepoy,1,Field Outpost,52,10.4,,0.45,3,1.0,0.39,-0.014,,0.49,0.379,0.021,5.7,0.275,,65.0,4831.0,0.79,57.0,1.6,0.5836,0.4655,1,MEDIUM
DEF-12156,Sepoy,1,Field Outpost,79,9.8,9.0,0.45,3,1.0,0.129,-0.308,0.499,0.376,0.437,0.341,,0.239,,73.0,6101.0,0.72,64.0,4.1,0.1095,0.2152,0,LOW
DEF-12157,Sepoy,1,Peace Station,88,14.1,9.0,0.15,1,0.0,0.798,0.001,0.373,0.47,0.283,,,0.262,74.7,66.0,6483.0,0.77,68.0,,0.2298,0.2741,0,LOW
DEF-12158,Naik,1,Peace Station,32,3.3,10.0,0.15,1,1.0,0.299,0.47,,0.283,0.41,0.022,6.1,0.265,51.8,64.0,1200.0,0.73,50.0,,0.0764,0.0958,0,LOW
DEF-12159,Havildar,2,Field Outpost,36,2.8,6.0,0.45,2,0.0,,-0.168,,0.387,0.471,0.069,,0.275,60.4,71.0,11090.0,,31.0,,0.2827,0.1518,0,LOW
DEF-12160,Naik,1,High Altitude (Siachen/Ladakh),6,13.8,7.0,0.85,1,0.0,0.222,-0.429,0.751,,0.771,0.469,5.1,0.166,38.3,84.0,4569.0,0.5,141.0,4.6,0.8978,0.6888,2,HIGH
DEF-12161,Naik,1,Peace Station,88,7.2,13.0,0.15,2,0.0,0.369,0.68,0.406,0.554,0.226,0.112,6.8,0.236,52.0,67.0,,0.76,54.0,2.3,0.0358,0.1942,0,LOW
DEF-12162,Sepoy,1,Field Outpost,23,25.4,10.0,0.45,3,0.0,0.413,-0.311,0.409,,0.609,0.458,5.1,0.22,47.3,73.0,10579.0,0.54,56.0,3.6,0.7348,0.6859,2,HIGH
DEF-12163,Havildar,2,High Altitude (Siachen/Ladakh),42,9.3,,0.85,2,3.0,0.103,,0.37,0.238,0.474,0.202,6.9,0.297,47.9,69.0,8417.0,,43.0,3.3,0.6294,0.4871,1,MEDIUM
DEF-12164,Naik,1,Peace Station,104,5.3,4.0,0.15,2,0.0,0.597,,,0.151,0.239,,7.8,0.334,62.1,68.0,7484.0,0.81,31.0,,0.1369,0.1869,0,LOW
DEF-12165,Major,4,Field Outpost,101,28.2,14.0,0.45,2,0.0,0.291,0.364,0.934,0.385,0.328,0.251,5.7,,52.5,77.0,12828.0,0.75,50.0,3.5,0.3235,0.3023,0,LOW
DEF-12166,Naik,1,Peace Station,144,18.0,11.0,0.15,1,0.0,0.196,0.192,0.56,,0.781,0.517,5.7,0.228,38.9,69.0,8054.0,0.83,102.0,4.8,0.5945,0.6322,1,MEDIUM
DEF-12167,Sepoy,1,Counter-Insurgency,171,37.1,8.0,0.9,3,2.0,0.302,-0.141,0.842,0.642,0.566,0.759,7.5,0.27,,75.0,8243.0,0.81,51.0,2.6,0.5106,0.4123,1,MEDIUM
DEF-12168,Naik,1,Peace Station,251,0.0,13.0,0.15,2,2.0,0.64,-0.036,0.379,,0.062,0.0,7.8,0.294,58.5,60.0,,0.88,45.0,2.8,0.0625,0.223,0,LOW
DEF-12169,Sepoy,1,Peace Station,51,15.8,10.0,0.15,2,0.0,0.642,-0.099,0.702,0.379,0.141,,6.8,,54.7,62.0,7900.0,0.71,63.0,,0.1245,0.0666,0,LOW
DEF-12170,Naik,1,Counter-Insurgency,44,18.1,12.0,0.9,1,0.0,0.453,,0.942,0.457,0.91,0.377,6.7,0.163,47.6,72.0,7484.0,0.7,,3.8,0.5761,0.4403,1,MEDIUM
DEF-12171,Sepoy,1,Peace Station,81,14.2,15.0,0.15,3,0.0,0.303,-0.167,0.845,,,0.413,7.0,0.254,,83.0,8105.0,0.64,84.0,4.1,0.6371,0.6883,1,MEDIUM
DEF-12172,Sepoy,1,Field Outpost,25,,13.0,0.45,2,0.0,0.05,0.104,,0.387,,0.074,,0.205,,,5608.0,,,3.3,0.4498,0.3603,1,MEDIUM
DEF-12173,Subedar,3,Peace Station,55,24.6,14.0,0.15,1,4.0,0.087,,0.6,0.56,0.403,0.222,6.8,0.269,43.2,,,0.62,,1.9,0.2226,0.2464,0,LOW
DEF-12174,Sepoy,1,Counter-Insurgency,70,18.0,9.0,0.9,4,1.0,0.214,-0.296,0.479,0.785,0.439,0.193,6.5,,,,16195.0,0.7,60.0,2.7,0.2275,0.169,0,LOW
DEF-12175,Havildar,2,High Altitude (Siachen/Ladakh),84,0.0,17.0,0.85,3,2.0,,0.083,0.376,0.794,0.337,0.267,5.4,0.172,41.1,71.0,10481.0,0.6,82.0,3.3,0.337,0.3281,0,LOW
DEF-12176,Sepoy,1,Field Outpost,90,6.6,21.0,0.45,2,0.0,0.746,,0.171,0.158,0.168,0.14,,0.259,53.7,72.0,11483.0,0.78,39.0,1.9,0.1634,0.3175,0,LOW
DEF-12177,Naik,1,Peace Station,54,4.1,12.0,0.15,2,1.0,0.264,0.076,0.257,0.347,0.539,0.347,9.4,0.207,68.7,65.0,,,45.0,4.3,0.0767,0.051,0,LOW
DEF-12178,Naik,1,Peace Station,28,13.0,13.0,0.15,4,0.0,0.336,0.4,0.61,0.42,,0.0,7.4,,70.7,62.0,6747.0,,28.0,1.8,0.0919,0.0463,0,LOW
DEF-12179,Naik,1,Field Outpost,32,22.1,16.0,0.45,3,0.0,0.319,-0.043,0.709,,,0.366,,0.224,63.8,70.0,,0.74,61.0,2.6,0.4489,0.3973,1,MEDIUM
DEF-12180,Sepoy,1,Peace Station,14,10.8,11.0,0.15,2,2.0,0.041,0.008,0.255,0.577,0.304,0.236,5.8,,60.5,68.0,7865.0,0.8,53.0,,0.0721,0.01,0,LOW
DEF-12181,Sepoy,1,Field Outpost,45,11.8,18.0,0.45,2,0.0,,-0.213,0.219,,0.16,0.196,7.3,0.316,,64.0,11385.0,0.8,75.0,2.2,0.1376,0.2958,0,LOW
DEF-12182,Sepoy,1,Field Outpost,25,5.7,14.0,0.45,1,0.0,0.064,-0.09,0.656,,0.292,0.216,5.2,0.219,,66.0,9711.0,,59.0,2.8,0.3058,0.2889,0,LOW
DEF-12183,Sepoy,1,High Altitude (Siachen/Ladakh),47,20.5,8.0,0.85,1,0.0,0.617,-0.318,1.0,0.43,0.556,0.276,7.4,0.151,43.4,74.0,11704.0,0.78,54.0,,0.6624,0.427,1,MEDIUM
DEF-12184,Naik,1,Peace Station,80,24.5,8.0,0.15,1,0.0,,,,,0.374,,,,46.6,69.0,11662.0,,71.0,3.4,0.5251,0.4297,1,MEDIUM
DEF-12185,Major,4,Field Outpost,28,13.7,17.0,0.45,1,0.0,0.639,0.291,0.524,,0.559,0.453,8.3,0.28,47.2,80.0,10955.0,0.69,62.0,2.5,0.5732,0.4784,1,MEDIUM
DEF-12186,Subedar,3,High Altitude (Siachen/Ladakh),67,27.4,10.0,0.85,3,0.0,0.155,0.072,,0.861,0.636,0.339,5.7,0.147,58.9,74.0,6743.0,,77.0,4.5,0.8377,0.7199,2,HIGH
DEF-12187,Havildar,2,Field Outpost,54,9.4,11.0,0.45,1,1.0,0.374,,0.237,0.443,0.43,0.116,7.3,0.25,52.6,73.0,10899.0,0.84,41.0,2.7,0.1243,0.197,0,LOW
DEF-12188,Havildar,2,High Altitude (Siachen/Ladakh),78,2.1,9.0,0.85,3,0.0,0.214,-0.083,0.59,,0.515,0.209,5.5,0.258,41.2,,11607.0,0.76,64.0,2.7,0.5435,0.419,1,MEDIUM
DEF-12189,Naik,1,Peace Station,89,20.8,7.0,0.15,2,0.0,0.292,,0.626,0.781,0.57,0.366,5.9,0.244,54.3,,5661.0,0.54,67.0,3.4,0.3335,0.2407,0,LOW
DEF-12190,Sepoy,1,High Altitude (Siachen/Ladakh),52,,14.0,0.85,1,0.0,0.411,-0.546,0.699,0.724,0.649,0.456,4.9,0.137,51.8,,9661.0,,162.0,,0.5962,0.4732,1,MEDIUM
DEF-12191,Subedar,3,Counter-Insurgency,64,9.1,15.0,0.9,1,0.0,0.846,0.039,0.776,0.406,,0.41,6.3,0.16,43.7,68.0,,0.63,,3.3,0.6103,0.6135,1,MEDIUM
DEF-12192,Naik,1,Peace Station,54,14.7,8.0,0.15,2,0.0,0.278,-0.058,0.148,0.341,0.662,0.305,7.4,0.345,61.5,70.0,8783.0,0.81,30.0,3.0,0.4047,0.2787,1,MEDIUM
DEF-12193,Naik,1,Field Outpost,48,0.5,14.0,0.45,1,0.0,0.549,0.133,0.2,0.193,0.601,0.0,5.9,,59.2,62.0,9168.0,,25.0,1.1,0.1816,0.1807,0,LOW
DEF-12194,Sepoy,1,Peace Station,41,0.0,6.0,0.15,2,0.0,0.139,0.108,,0.362,,0.0,6.8,0.334,,,11104.0,0.9,28.0,2.6,0.0811,0.1112,0,LOW
DEF-12195,Sepoy,1,Field Outpost,84,14.8,21.0,0.45,3,0.0,0.767,0.277,0.898,0.609,0.73,0.556,6.2,0.282,42.9,82.0,7602.0,0.78,100.0,,0.746,0.7396,2,HIGH
DEF-12196,Naik,1,Field Outpost,130,17.7,10.0,0.45,2,2.0,0.313,0.024,0.657,0.533,,,6.7,,61.7,,,0.67,39.0,3.0,0.1182,0.1553,0,LOW
DEF-12197,Subedar,3,Peace Station,122,25.8,11.0,0.15,3,0.0,0.312,,,0.249,0.257,0.173,,0.232,47.6,67.0,15457.0,,,2.7,0.1097,0.2421,0,LOW
DEF-12198,Naik,1,High Altitude (Siachen/Ladakh),26,21.5,12.0,0.85,3,1.0,0.496,-0.216,0.965,0.606,0.738,0.579,5.3,0.199,37.6,,7412.0,0.73,59.0,3.8,0.8736,0.7318,2,HIGH
DEF-12199,Sepoy,1,High Altitude (Siachen/Ladakh),129,19.4,11.0,0.85,3,0.0,0.349,-0.337,0.835,0.597,0.511,0.55,5.5,0.232,54.9,71.0,7366.0,0.64,81.0,2.9,0.5896,0.6462,1,MEDIUM
DEF-12200,Major,4,Counter-Insurgency,35,24.8,10.0,0.9,1,0.0,0.421,-0.141,,0.884,,0.46,5.4,0.197,39.6,76.0,,0.71,71.0,3.4,0.8883,0.6469,2,HIGH
DEF-12201,Sepoy,1,Field Outpost,70,18.2,,0.45,4,1.0,0.612,0.275,,0.385,0.282,0.0,6.4,,,58.0,,,42.0,,0.0982,0.0595,0,LOW
DEF-12202,Sepoy,1,Field Outpost,77,11.1,15.0,0.45,2,0.0,,-0.298,,0.622,0.671,0.449,,0.235,31.0,70.0,,0.65,64.0,4.3,0.4933,0.5148,1,MEDIUM
DEF-12203,Sepoy,1,Counter-Insurgency,22,21.8,13.0,0.9,3,0.0,0.17,-0.03,1.0,0.781,0.521,0.262,6.0,,,72.0,7154.0,0.5,60.0,3.4,0.6503,0.5385,1,MEDIUM
DEF-12204,Havildar,2,Field Outpost,57,21.4,7.0,0.45,2,0.0,0.133,,,0.287,0.538,0.341,,0.244,32.2,,8333.0,,67.0,3.2,0.1991,0.1877,0,LOW
DEF-12205,Subedar,3,High Altitude (Siachen/Ladakh),133,13.9,14.0,0.85,2,1.0,0.631,,0.319,,0.326,0.365,,,49.9,67.0,,0.65,76.0,2.9,0.2963,0.3804,0,LOW
DEF-12206,Sepoy,1,Field Outpost,10,3.8,18.0,0.45,4,0.0,0.629,-0.447,0.605,0.716,0.428,0.281,6.2,0.221,43.4,82.0,4036.0,0.85,65.0,2.0,0.4987,0.4709,1,MEDIUM
DEF-12207,Subedar,3,Field Outpost,213,0.0,7.0,0.45,1,0.0,0.301,0.085,0.485,0.347,,0.106,6.8,0.291,52.2,74.0,9476.0,,48.0,2.6,0.0318,0.1634,0,LOW
DEF-12208,Sepoy,1,Peace Station,14,21.2,8.0,0.15,2,0.0,0.833,-0.047,0.457,0.608,0.839,0.402,6.4,0.212,44.6,71.0,7378.0,0.57,,3.2,0.6996,0.4449,1,MEDIUM
DEF-12209,Subedar,3,Peace Station,76,18.1,15.0,0.15,1,0.0,0.734,0.078,0.285,0.367,0.571,0.546,6.1,0.261,49.4,71.0,4602.0,0.74,,,0.3577,0.4566,1,MEDIUM
DEF-12210,Havildar,2,Field Outpost,22,19.3,,0.45,1,1.0,0.669,0.121,0.871,0.427,0.789,0.432,6.3,0.183,41.4,74.0,7599.0,,69.0,4.5,0.6514,0.55,1,MEDIUM
DEF-12211,Havildar,2,Field Outpost,83,21.5,11.0,0.45,3,,0.764,-0.019,0.469,0.601,0.371,0.34,7.3,,52.6,,13415.0,,51.0,3.1,0.1854,0.2338,0,LOW
DEF-12212,Sepoy,1,High Altitude (Siachen/Ladakh),119,6.4,9.0,0.85,1,0.0,0.437,-0.493,0.46,0.397,0.619,0.286,7.4,0.172,,75.0,,0.74,92.0,2.9,0.2924,0.3874,0,LOW
DEF-12213,Major,4,Field Outpost,101,0.0,12.0,0.45,3,0.0,0.565,0.138,0.18,0.22,0.525,0.0,6.6,0.293,58.6,,9913.0,0.78,39.0,2.2,0.2338,0.3296,0,LOW
DEF-12214,Havildar,2,Peace Station,110,18.4,12.0,0.15,2,0.0,0.281,-0.173,,,0.647,0.409,6.5,,52.2,67.0,12677.0,,55.0,3.9,0.4153,0.3437,1,MEDIUM
DEF-12215,Sepoy,1,Field Outpost,54,24.2,15.0,0.45,2,0.0,0.276,,0.444,0.674,,,7.5,0.24,36.5,71.0,7466.0,1.0,91.0,2.6,0.7062,0.6328,1,MEDIUM
DEF-12216,Havildar,2,Peace Station,24,17.0,9.0,0.15,1,1.0,0.279,-0.23,,0.454,0.976,0.404,5.5,0.197,32.9,,,0.84,,3.6,0.7559,0.5782,2,HIGH
DEF-12217,Sepoy,1,Peace Station,133,1.4,12.0,0.15,1,0.0,0.661,0.281,0.542,0.305,0.244,,7.0,0.269,62.9,62.0,15749.0,0.79,46.0,1.8,0.0885,0.2635,0,LOW
DEF-12218,Subedar,3,Peace Station,187,16.0,6.0,0.15,4,3.0,,0.348,0.125,0.205,,0.075,,0.331,53.3,67.0,11240.0,0.86,21.0,,0.1661,0.2488,0,LOW
DEF-12219,Sepoy,1,Peace Station,68,4.4,10.0,0.15,3,0.0,0.087,-0.121,0.223,0.271,,,6.5,0.346,,62.0,8629.0,0.76,34.0,2.1,0.0715,0.1028,0,LOW
DEF-12220,Havildar,2,Peace Station,50,0.9,15.0,0.15,1,4.0,0.329,,0.239,0.521,0.536,0.03,,0.326,65.8,,10061.0,,38.0,2.5,0.0641,0.1023,0,LOW
DEF-12221,Naik,1,Peace Station,38,13.9,12.0,0.15,1,0.0,,0.121,0.88,0.441,0.448,0.246,,,60.6,72.0,7365.0,0.68,59.0,2.5,0.1318,0.1607,0,LOW
DEF-12222,Sepoy,1,High Altitude (Siachen/Ladakh),97,15.4,14.0,0.85,1,,0.508,0.394,0.463,,0.641,0.337,,,,80.0,,0.71,,3.4,0.2736,0.3061,0,LOW
DEF-12223,Sepoy,1,Peace Station,113,13.2,12.0,0.15,1,0.0,0.543,0.661,0.328,0.383,0.07,,6.5,0.247,,63.0,8876.0,,30.0,3.3,0.0754,0.2007,0,LOW
DEF-12224,Sepoy,1,Peace Station,50,17.7,10.0,0.15,3,0.0,0.516,-0.095,0.855,0.465,0.796,0.329,5.9,0.228,,83.0,12130.0,,68.0,3.5,0.8053,0.6004,2,HIGH
DEF-12225,Naik,1,Counter-Insurgency,149,7.3,13.0,0.9,3,1.0,0.163,,,0.78,0.373,0.383,6.8,0.192,54.6,,9801.0,,51.0,2.6,0.3054,0.3874,0,LOW
DEF-12226,Sepoy,1,Field Outpost,93,14.7,12.0,0.45,2,1.0,0.13,0.073,,0.533,0.737,0.218,7.0,0.159,56.0,63.0,6719.0,0.69,52.0,2.8,0.1272,0.2944,0,LOW
DEF-12227,Naik,1,Peace Station,67,9.9,8.0,0.15,3,0.0,0.602,-0.588,,0.815,,0.382,,,55.9,80.0,9209.0,,66.0,3.6,0.3918,0.4253,1,MEDIUM
DEF-12228,Sepoy,1,Peace Station,77,11.9,11.0,0.15,1,0.0,0.117,-0.666,0.357,0.67,0.41,0.398,7.5,0.243,38.1,82.0,7153.0,0.55,63.0,3.1,0.3933,0.4017,1,MEDIUM
DEF-12229,Sepoy,1,Field Outpost,33,16.3,12.0,0.45,2,0.0,0.076,-0.218,0.633,0.603,0.519,0.298,6.4,0.203,35.7,,,0.71,57.0,3.1,0.1017,0.0943,0,LOW
DEF-12230,Havildar,2,Field Outpost,97,23.0,2.0,0.45,3,2.0,0.671,,0.894,0.459,0.393,0.508,7.6,,55.9,70.0,11853.0,,57.0,3.2,0.3012,0.3457,0,LOW
DEF-12231,Sepoy,1,Peace Station,34,16.5,14.0,0.15,1,0.0,0.403,-0.649,,0.744,0.755,0.352,5.4,0.142,,85.0,9810.0,0.63,70.0,3.3,0.5858,0.4879,1,MEDIUM
DEF-12232,Subedar,3,Peace Station,46,19.3,14.0,0.15,1,0.0,0.252,0.015,0.514,0.562,0.275,0.194,,,68.1,73.0,,,58.0,3.1,0.055,0.0877,0,LOW
DEF-12233,Subedar,3,Counter-Insurgency,61,14.1,11.0,0.9,2,1.0,0.601,-0.048,0.567,0.49,,0.544,6.4,0.174,49.7,75.0,11277.0,,,3.6,0.2987,0.421,0,LOW
DEF-12234,Naik,1,Field Outpost,170,18.1,7.0,0.45,1,0.0,0.425,-0.548,0.899,0.567,0.648,0.417,6.2,0.246,61.4,73.0,,0.65,83.0,4.1,0.5965,0.6127,1,MEDIUM
DEF-12235,Naik,1,Field Outpost,74,22.8,15.0,0.45,2,0.0,0.055,0.088,0.653,0.465,,,6.0,0.187,53.2,66.0,11075.0,0.75,106.0,3.1,0.6515,0.6352,1,MEDIUM
DEF-12236,Subedar,3,Peace Station,36,30.0,12.0,0.15,2,0.0,0.499,-0.003,0.437,0.446,0.707,,6.6,0.245,63.3,73.0,10146.0,0.79,,3.9,0.4514,0.3363,1,MEDIUM
DEF-12237,Sepoy,1,Peace Station,78,24.3,15.0,0.15,1,0.0,0.364,-0.155,,0.796,0.366,0.378,6.3,0.212,,70.0,8052.0,0.73,85.0,3.6,0.1334,0.1881,0,LOW
DEF-12238,Sepoy,1,Field Outpost,90,13.5,16.0,0.45,1,0.0,0.29,-0.399,0.532,,0.431,0.225,6.3,0.248,,64.0,7107.0,0.71,58.0,2.8,0.3391,0.4196,1,MEDIUM
DEF-12239,Sepoy,1,Counter-Insurgency,124,23.7,,0.9,1,0.0,0.673,-0.143,0.715,,,0.467,6.9,0.236,,85.0,,,127.0,4.3,0.5251,0.576,1,MEDIUM
DEF-12240,Havildar,2,Peace Station,63,18.7,16.0,0.15,2,0.0,0.067,0.171,,0.635,0.322,,,0.232,67.0,,7305.0,,34.0,2.7,0.1054,0.0899,0,LOW
DEF-12241,Sepoy,1,Counter-Insurgency,40,8.8,12.0,0.9,1,0.0,0.615,,0.943,1.0,,0.54,,0.114,,87.0,13373.0,0.6,103.0,,0.8045,0.6117,2,HIGH
DEF-12242,Naik,1,Peace Station,196,18.8,12.0,0.15,3,0.0,0.223,-0.061,0.559,,0.466,0.436,6.6,,48.6,65.0,4059.0,,,2.2,0.0983,0.2953,0,LOW
DEF-12243,Colonel,4,Field Outpost,78,4.4,10.0,0.45,3,0.0,0.117,-0.276,0.458,0.726,0.424,0.245,5.6,0.218,57.6,67.0,10417.0,0.77,49.0,2.6,0.0862,0.2419,0,LOW
DEF-12244,Subedar,3,Peace Station,37,18.8,14.0,0.15,1,0.0,,-0.477,0.709,0.887,,0.553,,0.212,49.3,80.0,8468.0,,73.0,4.6,0.3286,0.2157,0,LOW
DEF-12245,Naik,1,Field Outpost,63,28.9,16.0,0.45,3,0.0,0.16,-0.106,0.5,,0.939,0.36,,,39.6,75.0,,0.81,78.0,4.3,0.4883,0.4326,1,MEDIUM
DEF-12246,Sepoy,1,Field Outpost,46,21.0,8.0,0.45,2,,0.155,0.096,0.434,0.521,,0.396,,0.149,,,12631.0,0.85,43.0,1.9,0.2237,0.2122,0,LOW
DEF-12247,Havildar,2,High Altitude (Siachen/Ladakh),128,24.2,15.0,0.85,1,0.0,0.569,,0.469,0.515,0.67,0.451,,0.222,50.3,74.0,7552.0,,79.0,4.0,0.4532,0.5774,1,MEDIUM
DEF-12248,Naik,1,Field Outpost,89,10.8,8.0,0.45,2,0.0,0.22,-0.493,0.821,,,0.542,5.3,,41.7,83.0,3669.0,0.65,72.0,4.1,0.464,0.3923,1,MEDIUM
DEF-12249,Sepoy,1,Field Outpost,53,18.1,10.0,0.45,2,0.0,0.315,-0.069,0.481,0.444,0.341,0.283,6.6,0.276,,75.0,,0.84,78.0,2.6,0.4187,0.3328,1,MEDIUM
DEF-12250,Sepoy,1,High Altitude (Siachen/Ladakh),114,,21.0,0.85,1,2.0,0.089,-1.0,0.967,0.812,1.0,0.75,5.5,0.114,,,11904.0,,,5.3,0.9774,0.9381,2,HIGH
DEF-12251,Subedar,3,Peace Station,60,11.4,,0.15,1,0.0,,0.161,0.387,,0.568,,6.9,0.271,67.8,61.0,,0.99,65.0,2.9,0.1736,0.1654,0,LOW
DEF-12252,Naik,1,Field Outpost,62,19.8,15.0,0.45,1,0.0,0.332,0.087,,,0.568,0.0,7.8,0.246,77.0,61.0,7781.0,,24.0,2.2,0.2715,0.297,0,LOW
DEF-12253,Havildar,2,Peace Station,39,17.9,17.0,0.15,1,0.0,0.588,0.27,0.261,0.299,0.345,0.076,6.0,0.278,58.8,63.0,8574.0,,53.0,1.5,0.1035,0.1503,0,LOW
DEF-12254,Subedar,3,Field Outpost,39,,6.0,0.45,1,0.0,0.41,-0.198,0.485,0.629,0.557,0.389,7.1,0.178,46.1,71.0,,,,3.5,0.1791,0.0844,0,LOW
DEF-12255,Naik,1,High Altitude (Siachen/Ladakh),188,5.2,16.0,0.85,2,0.0,0.415,-0.309,,,0.567,0.293,6.2,0.215,40.6,69.0,,0.63,75.0,4.2,0.1918,0.3795,0,LOW
DEF-12256,Naik,1,Peace Station,110,24.8,15.0,0.15,1,0.0,,-0.218,0.895,1.0,0.541,0.407,6.1,,50.7,,3841.0,,56.0,,0.5907,0.6479,1,MEDIUM
DEF-12257,Sepoy,1,Counter-Insurgency,16,17.8,12.0,0.9,1,,,-0.612,0.768,0.495,0.506,0.242,7.1,,44.6,70.0,6195.0,,,3.1,0.4285,0.2864,1,MEDIUM
DEF-12258,Sepoy,1,Counter-Insurgency,34,13.0,11.0,0.9,1,1.0,0.218,0.184,0.5,0.349,0.288,,6.6,0.185,38.8,76.0,,0.76,62.0,2.7,0.5399,0.4805,1,MEDIUM
DEF-12259,Sepoy,1,Field Outpost,29,13.2,7.0,0.45,3,1.0,0.446,0.342,0.403,0.169,0.229,0.162,7.9,0.317,53.7,62.0,7685.0,0.8,136.0,2.0,0.133,0.1697,0,LOW
DEF-12260,Havildar,2,Peace Station,66,13.7,9.0,0.15,1,0.0,0.583,,0.535,,0.383,0.126,7.3,0.322,65.6,65.0,10130.0,0.8,81.0,2.6,0.0997,0.0974,0,LOW
DEF-12261,Naik,1,High Altitude (Siachen/Ladakh),49,,11.0,0.85,2,0.0,0.43,-0.153,,0.595,,0.202,7.3,,47.4,62.0,5114.0,,,2.8,0.2598,0.3136,0,LOW
DEF-12262,Subedar,3,Counter-Insurgency,143,24.1,7.0,0.9,2,1.0,0.286,-0.079,0.816,0.863,0.483,0.577,5.8,0.129,40.4,87.0,,0.7,,3.7,0.6079,0.4917,1,MEDIUM
DEF-12263,Sepoy,1,Peace Station,52,22.2,11.0,0.15,3,0.0,0.335,-0.356,0.862,0.396,0.64,0.447,,,41.8,66.0,,0.48,61.0,2.8,0.3305,0.346,0,LOW
DEF-12264,Naik,1,Counter-Insurgency,178,22.8,6.0,0.9,2,0.0,0.466,-0.463,0.671,0.65,,0.532,6.3,0.172,56.4,69.0,10754.0,0.66,78.0,4.1,0.4108,0.3624,1,MEDIUM
DEF-12265,Naik,1,Counter-Insurgency,61,26.9,11.0,0.9,1,0.0,0.43,,,0.734,0.913,0.71,5.7,,26.0,,7991.0,,110.0,5.3,0.98,0.8523,2,HIGH
DEF-12266,Naik,1,Field Outpost,199,15.6,11.0,0.45,1,0.0,0.274,-0.218,,0.448,0.412,0.236,,,46.9,72.0,8424.0,0.74,64.0,3.8,0.539,0.6059,1,MEDIUM
DEF-12267,Havildar,2,High Altitude (Siachen/Ladakh),56,0.0,12.0,0.85,1,0.0,0.363,0.611,0.051,0.275,0.453,,7.3,0.331,70.6,62.0,11847.0,0.85,33.0,,0.0731,0.1889,0,LOW
DEF-12268,Sepoy,1,Field Outpost,57,19.3,6.0,0.45,2,0.0,0.653,0.378,0.269,0.342,0.445,0.274,7.8,0.254,,64.0,10648.0,0.65,78.0,2.5,0.4221,0.3742,1,MEDIUM
DEF-12269,Naik,1,Field Outpost,109,19.0,12.0,0.45,1,0.0,,,0.43,0.553,0.852,0.47,,0.174,40.9,64.0,,,79.0,3.3,0.5855,0.616,1,MEDIUM
DEF-12270,Sepoy,1,Peace Station,100,27.2,15.0,0.15,1,1.0,0.805,-0.266,0.358,0.268,0.27,0.367,7.1,0.208,,69.0,11102.0,,41.0,,0.1694,0.3396,0,LOW
DEF-12271,Sepoy,1,Peace Station,26,23.2,16.0,0.15,2,0.0,0.58,-0.433,0.723,0.53,,0.498,,0.177,42.0,80.0,11895.0,0.63,86.0,,0.676,0.5885,1,MEDIUM
DEF-12272,Naik,1,High Altitude (Siachen/Ladakh),67,15.1,13.0,0.85,1,0.0,0.667,-0.235,0.767,0.482,0.784,0.364,5.7,0.205,39.8,69.0,8782.0,0.49,72.0,2.9,0.7698,0.6699,2,HIGH
DEF-12273,Naik,1,Peace Station,49,12.8,7.0,0.15,3,0.0,0.496,0.53,0.502,,0.519,0.406,7.2,,48.5,74.0,11147.0,,86.0,4.0,0.1262,0.1531,0,LOW
DEF-12274,Major,4,Field Outpost,47,22.5,15.0,0.45,1,0.0,0.496,-0.123,0.879,0.575,0.7,0.343,6.2,0.24,47.6,81.0,4024.0,0.69,92.0,3.5,0.3503,0.2748,0,LOW
DEF-12275,Naik,1,Counter-Insurgency,67,0.0,10.0,0.9,4,,0.464,,0.106,0.147,,0.095,7.7,0.292,71.7,53.0,6928.0,,,2.1,0.0832,0.1013,0,LOW
DEF-12276,Havildar,2,Peace Station,53,16.1,22.0,0.15,4,,0.439,-0.466,0.589,0.683,0.415,,6.0,0.145,40.7,76.0,3146.0,0.81,80.0,3.4,0.4938,0.4845,1,MEDIUM
DEF-12277,Naik,1,Peace Station,71,22.0,13.0,0.15,3,0.0,0.731,-0.046,0.559,0.265,,0.422,6.2,,45.8,66.0,9952.0,0.79,62.0,,0.3146,0.2998,0,LOW
DEF-12278,Naik,1,Field Outpost,32,13.0,9.0,0.45,4,0.0,0.538,-0.234,0.876,0.38,,0.149,5.6,0.336,64.8,,8676.0,0.52,,2.9,0.5947,0.5608,1,MEDIUM
DEF-12279,Sepoy,1,Peace Station,21,10.8,12.0,0.15,1,1.0,0.589,-0.183,0.736,0.515,0.359,0.243,5.9,0.28,,70.0,9508.0,,44.0,3.4,0.2408,0.2292,0,LOW
DEF-12280,Sepoy,1,High Altitude (Siachen/Ladakh),111,16.5,8.0,0.85,3,0.0,0.145,-0.575,0.663,0.645,0.369,0.231,5.7,0.235,50.0,74.0,10367.0,0.71,157.0,2.6,0.1069,0.206,0,LOW
DEF-12281,Sepoy,1,Field Outpost,121,25.5,11.0,0.45,1,0.0,0.435,-0.143,0.844,1.0,0.46,0.468,6.8,,47.0,77.0,2770.0,0.53,68.0,4.5,0.7177,0.6525,2,HIGH
DEF-12282,Naik,1,Field Outpost,108,17.8,13.0,0.45,3,2.0,0.278,,0.428,0.584,0.363,,5.8,,60.1,76.0,10183.0,0.84,78.0,4.1,0.5172,0.5637,1,MEDIUM
DEF-12283,Sepoy,1,Peace Station,65,,8.0,0.15,1,0.0,0.682,,0.301,0.603,0.206,0.15,7.7,0.246,,67.0,10109.0,0.8,77.0,3.0,0.3271,0.302,0,LOW
DEF-12284,Sepoy,1,Peace Station,51,24.3,15.0,0.15,1,3.0,0.408,-0.229,0.167,0.453,0.303,,8.5,,,71.0,11730.0,,,2.9,0.0714,0.1668,0,LOW
DEF-12285,Sepoy,1,Peace Station,43,26.0,8.0,0.15,4,2.0,0.376,-0.45,0.367,,0.429,,7.1,0.276,54.1,69.0,8290.0,0.7,85.0,2.3,0.0582,0.0401,0,LOW
DEF-12286,Major,4,Peace Station,38,7.1,,0.15,1,0.0,0.473,0.081,0.343,0.7,0.266,0.113,6.4,0.237,45.1,71.0,10243.0,,,2.6,0.4327,0.338,1,MEDIUM
DEF-12287,Sepoy,1,Field Outpost,61,37.8,,0.45,3,0.0,0.512,-0.352,,0.603,0.769,0.784,5.2,0.215,20.9,76.0,8338.0,0.4,95.0,2.9,0.9767,0.787,2,HIGH
DEF-12288,Naik,1,Field Outpost,120,14.0,6.0,0.45,2,1.0,0.271,0.084,0.363,,0.442,0.212,,0.288,42.5,65.0,6284.0,0.66,61.0,2.4,0.2204,0.2752,0,LOW
DEF-12289,Sepoy,1,Peace Station,40,22.1,16.0,0.15,1,0.0,0.432,-0.359,0.531,0.758,,,,0.252,,74.0,1200.0,,61.0,,0.3678,0.2565,0,LOW
DEF-12290,Naik,1,Peace Station,120,20.2,5.0,0.15,2,0.0,0.282,,0.477,,0.674,0.347,6.3,0.206,60.7,68.0,,0.9,111.0,2.1,0.2653,0.2027,0,LOW
DEF-12291,Sepoy,1,Field Outpost,22,8.1,12.0,0.45,1,0.0,0.743,,0.381,0.67,0.541,0.353,6.3,,41.9,67.0,9095.0,0.71,72.0,,0.4015,0.3923,1,MEDIUM
DEF-12292,Sepoy,1,High Altitude (Siachen/Ladakh),74,10.2,9.0,0.85,4,0.0,0.23,-0.025,0.522,0.783,0.453,0.459,4.9,,,83.0,9124.0,0.69,82.0,2.7,0.6278,0.5083,1,MEDIUM
DEF-12293,Naik,1,Field Outpost,83,14.6,10.0,0.45,4,0.0,0.242,0.013,0.227,0.347,0.198,0.306,7.3,0.27,41.5,59.0,,0.64,78.0,2.9,0.2387,0.289,0,LOW
DEF-12294,Sepoy,1,Peace Station,46,0.0,7.0,0.15,3,0.0,0.494,0.058,,0.123,0.197,0.0,7.1,,,68.0,,,21.0,3.0,0.1869,0.2193,0,LOW
DEF-12295,Sepoy,1,Counter-Insurgency,31,21.0,23.0,0.9,3,0.0,0.358,-0.688,0.709,0.915,0.897,0.575,6.0,0.246,,94.0,,0.51,93.0,3.5,0.7077,0.5999,1,MEDIUM
DEF-12296,Sepoy,1,Counter-Insurgency,103,,6.0,0.9,1,1.0,0.386,-0.02,0.438,,0.82,0.189,5.7,,,84.0,7218.0,0.6,87.0,3.2,0.4602,0.4872,1,MEDIUM
DEF-12297,Sepoy,1,Peace Station,66,14.1,11.0,0.15,1,1.0,0.666,,0.683,0.682,0.545,0.338,5.6,0.2,,77.0,13181.0,0.79,54.0,,0.2224,0.2596,0,LOW
DEF-12298,Sepoy,1,Field Outpost,233,8.3,15.0,0.45,1,0.0,0.816,0.183,,0.233,0.373,0.304,,0.27,,70.0,8702.0,0.65,37.0,1.4,0.1444,0.3747,0,LOW
DEF-12299,Sepoy,1,Field Outpost,121,18.9,12.0,0.45,2,0.0,0.255,-0.289,0.825,,0.394,0.416,6.8,0.137,42.6,82.0,4192.0,,87.0,3.6,0.2924,0.394,0,LOW
DEF-12300,Havildar,2,Counter-Insurgency,121,0.0,10.0,0.9,1,0.0,0.091,-0.264,0.287,,,0.238,7.3,,58.7,64.0,9720.0,,39.0,1.0,0.1673,0.2642,0,LOW
DEF-12301,Naik,1,Field Outpost,9,0.0,9.0,0.45,2,0.0,0.337,0.255,0.507,0.554,,0.072,7.6,0.166,67.5,65.0,6506.0,0.63,,3.5,0.4378,0.3633,1,MEDIUM
DEF-12302,Naik,1,Counter-Insurgency,41,,10.0,0.9,2,0.0,0.517,-0.091,0.341,0.647,0.699,0.303,5.7,0.249,57.9,,5781.0,0.66,52.0,3.4,0.4158,0.3325,1,MEDIUM
DEF-12303,Sepoy,1,Peace Station,29,18.4,16.0,0.15,1,0.0,0.517,0.279,0.308,0.372,0.406,0.054,6.5,0.287,69.6,,8716.0,0.85,48.0,3.7,0.1031,0.1417,0,LOW
DEF-12304,Major,4,Peace Station,14,15.9,13.0,0.15,1,0.0,0.069,0.135,0.609,0.397,0.407,0.053,5.8,,38.4,76.0,8493.0,0.67,47.0,2.7,0.463,0.3732,1,MEDIUM
DEF-12305,Sepoy,1,High Altitude (Siachen/Ladakh),63,22.9,12.0,0.85,1,0.0,0.453,-0.027,,0.436,0.698,0.727,5.0,0.159,41.4,,10231.0,0.71,70.0,,0.89,0.6887,2,HIGH
DEF-12306,Sepoy,1,High Altitude (Siachen/Ladakh),102,14.9,17.0,0.85,3,0.0,0.796,0.131,0.653,,0.605,0.533,6.9,0.177,,,11899.0,0.73,80.0,3.4,0.5582,0.5479,1,MEDIUM
DEF-12307,Naik,1,High Altitude (Siachen/Ladakh),33,13.8,6.0,0.85,1,2.0,0.169,-0.697,0.435,0.682,0.589,0.377,6.7,0.3,43.4,80.0,,0.67,55.0,3.9,0.2611,0.2139,0,LOW
DEF-12308,Sepoy,1,Counter-Insurgency,14,4.9,11.0,0.9,1,0.0,0.93,,0.378,,0.289,0.242,,0.229,,,1390.0,0.92,46.0,2.5,0.1063,0.115,0,LOW
DEF-12309,Sepoy,1,High Altitude (Siachen/Ladakh),35,12.1,7.0,0.85,3,0.0,0.331,0.013,0.582,0.712,,,5.3,,28.2,75.0,9520.0,0.69,102.0,3.5,0.7681,0.6313,2,HIGH
DEF-12310,Naik,1,Field Outpost,58,13.8,11.0,0.45,1,4.0,0.364,-0.123,,0.523,0.406,0.507,6.3,0.176,54.6,66.0,5585.0,0.64,54.0,3.2,0.4274,0.4086,1,MEDIUM
DEF-12311,Subedar,3,Field Outpost,55,0.0,13.0,0.45,2,2.0,,,0.47,0.238,0.732,,6.9,0.24,61.4,61.0,10378.0,,42.0,1.7,0.3185,0.3032,0,LOW
DEF-12312,Naik,1,Field Outpost,64,6.4,12.0,0.45,3,0.0,0.539,-0.15,1.0,0.548,0.574,0.449,6.0,0.109,60.2,67.0,,,142.0,4.2,0.6602,0.6059,1,MEDIUM
DEF-12313,Havildar,2,Field Outpost,82,17.9,11.0,0.45,2,0.0,0.725,0.019,,0.391,0.276,0.145,6.9,0.258,58.2,71.0,9069.0,,43.0,3.1,0.2125,0.2054,0,LOW
DEF-12314,Colonel,4,Field Outpost,63,15.5,9.0,0.45,2,0.0,0.718,-0.299,0.213,,0.275,,6.3,,61.3,77.0,7197.0,,,1.0,0.1471,0.1386,0,LOW
DEF-12315,Sepoy,1,Field Outpost,105,11.8,15.0,0.45,1,0.0,0.26,-0.318,,0.775,0.573,0.425,6.2,0.146,,64.0,8903.0,,89.0,3.1,0.7755,0.8118,2,HIGH
DEF-12316,Sepoy,1,Peace Station,34,8.8,8.0,0.15,1,0.0,0.121,,0.7,0.679,0.66,0.504,7.0,,35.4,76.0,11881.0,0.69,,4.1,0.5252,0.3856,1,MEDIUM
DEF-12317,Sepoy,1,Peace Station,54,0.0,10.0,0.15,2,0.0,0.132,0.311,0.311,0.406,0.336,,,0.358,64.2,63.0,14430.0,0.84,28.0,,0.068,0.0994,0,LOW
DEF-12318,Sepoy,1,Counter-Insurgency,90,0.0,7.0,0.9,1,0.0,0.323,,0.312,,0.64,0.175,,0.296,62.6,57.0,8596.0,1.0,79.0,2.3,0.2011,0.1768,0,LOW
DEF-12319,Sepoy,1,Peace Station,76,11.4,,0.15,3,0.0,0.136,-0.061,0.38,0.389,0.414,,6.4,0.258,54.6,72.0,8496.0,0.77,63.0,3.2,0.1945,0.119,0,LOW
DEF-12320,Subedar,3,Peace Station,166,26.7,16.0,0.15,1,0.0,,-0.886,0.614,0.731,0.991,0.662,6.0,,53.6,87.0,6443.0,0.7,95.0,4.1,0.7305,0.751,2,HIGH
DEF-12321,Havildar,2,Field Outpost,35,14.3,9.0,0.45,2,0.0,0.56,0.07,0.267,0.374,0.294,,8.3,0.292,60.3,,8866.0,,33.0,2.1,0.3534,0.3598,1,MEDIUM
DEF-12322,Naik,1,Peace Station,91,22.7,15.0,0.15,1,0.0,0.605,-0.363,0.704,0.771,,0.383,,0.247,35.9,73.0,,0.71,57.0,3.2,0.3108,0.3445,0,LOW
DEF-12323,Sepoy,1,Field Outpost,42,4.0,16.0,0.45,3,0.0,0.877,-0.406,0.534,0.446,0.421,0.335,8.1,0.151,29.1,,8565.0,0.54,56.0,3.3,0.4234,0.3992,1,MEDIUM
DEF-12324,Havildar,2,Peace Station,39,16.4,12.0,0.15,2,0.0,,-0.144,0.831,0.794,0.678,0.344,6.5,,45.6,65.0,6277.0,0.78,120.0,3.1,0.5129,0.4565,1,MEDIUM
DEF-12325,Major,4,Peace Station,117,,9.0,0.15,2,0.0,0.783,,0.134,0.544,0.317,0.0,7.6,,56.7,55.0,5300.0,,43.0,1.9,0.0962,0.1711,0,LOW
DEF-12326,Havildar,2,High Altitude (Siachen/Ladakh),63,7.7,17.0,0.85,2,0.0,0.375,0.242,0.872,0.564,0.627,,7.4,,39.4,71.0,6496.0,0.71,68.0,3.1,0.7559,0.6773,2,HIGH
DEF-12327,Sepoy,1,High Altitude (Siachen/Ladakh),75,20.3,18.0,0.85,1,0.0,0.651,-0.086,0.925,0.686,0.583,,,0.177,,76.0,8337.0,0.74,,3.4,0.7097,0.6163,1,MEDIUM
DEF-12328,Naik,1,Peace Station,45,,14.0,0.15,2,0.0,0.492,0.473,,,,0.413,7.8,,65.8,65.0,,,36.0,,0.1018,0.1739,0,LOW
DEF-12329,Sepoy,1,High Altitude (Siachen/Ladakh),46,2.2,14.0,0.85,1,0.0,0.374,-0.413,0.546,,0.508,0.15,,0.206,,76.0,7190.0,0.59,49.0,4.0,0.1036,0.0595,0,LOW
DEF-12330,Sepoy,1,Field Outpost,21,14.8,9.0,0.45,2,0.0,0.433,-0.313,0.434,0.576,0.364,0.161,5.4,,50.3,73.0,8948.0,,65.0,3.0,0.3116,0.2915,0,LOW
DEF-12331,Sepoy,1,High Altitude (Siachen/Ladakh),71,7.9,25.0,0.85,1,0.0,0.29,-0.404,0.951,1.0,0.68,0.399,4.5,0.146,,85.0,,0.45,134.0,3.5,0.8706,0.8509,2,HIGH
DEF-12332,Naik,1,Field Outpost,31,1.7,12.0,0.45,1,0.0,0.667,0.362,0.39,0.39,0.654,0.0,7.3,0.294,63.7,,3156.0,0.96,36.0,2.0,0.0671,0.0565,0,LOW
DEF-12333,Naik,1,Peace Station,59,5.5,10.0,0.15,1,0.0,0.513,0.132,0.441,0.647,0.276,0.074,6.3,0.212,61.9,67.0,1836.0,0.78,55.0,2.9,0.2818,0.2933,0,LOW
DEF-12334,Sepoy,1,High Altitude (Siachen/Ladakh),105,31.4,11.0,0.85,1,0.0,0.322,0.004,0.514,0.512,0.591,0.53,5.1,0.104,,72.0,14102.0,,81.0,2.5,0.8993,0.8541,2,HIGH
DEF-12335,Sepoy,1,Field Outpost,17,24.3,8.0,0.45,1,0.0,0.164,,,0.265,0.303,0.26,,,41.3,52.0,9765.0,,88.0,2.7,0.1353,0.2027,0,LOW
DEF-12336,Naik,1,Peace Station,268,0.0,15.0,0.15,3,0.0,0.074,0.137,0.414,0.499,0.551,0.193,,,61.2,,6315.0,0.92,28.0,,0.1559,0.2689,0,LOW
DEF-12337,Sepoy,1,Field Outpost,39,12.4,13.0,0.45,2,0.0,0.098,,0.399,0.827,,,5.9,0.183,53.3,71.0,,,87.0,3.0,0.2943,0.2096,0,LOW
DEF-12338,Sepoy,1,High Altitude (Siachen/Ladakh),60,13.0,11.0,0.85,4,0.0,0.308,0.053,0.351,0.346,,0.244,6.9,0.243,,,7668.0,0.82,50.0,2.8,0.1697,0.271,0,LOW
DEF-12339,Sepoy,1,Field Outpost,75,11.7,18.0,0.45,1,,0.065,-0.011,,0.898,0.599,0.337,,0.229,59.2,,12987.0,0.77,58.0,2.1,0.2935,0.3411,0,LOW
DEF-12340,Havildar,2,Peace Station,38,8.4,13.0,0.15,2,0.0,0.226,0.051,0.497,0.597,,0.182,7.5,0.214,49.4,69.0,9660.0,0.73,39.0,,0.02,0.0269,0,LOW
DEF-12341,Sepoy,1,High Altitude (Siachen/Ladakh),47,20.4,14.0,0.85,3,2.0,,-0.448,0.536,0.754,0.449,0.348,5.5,0.191,,79.0,9041.0,,70.0,3.2,0.2426,0.279,0,LOW
DEF-12342,Sepoy,1,Counter-Insurgency,119,22.0,18.0,0.9,2,0.0,0.385,-0.204,,0.822,0.813,0.543,5.8,0.239,,82.0,11849.0,0.5,117.0,3.5,0.7846,0.8649,2,HIGH
DEF-12343,Sepoy,1,Field Outpost,98,22.9,9.0,0.45,2,0.0,0.138,-0.378,,0.617,0.428,0.273,6.7,0.213,46.9,72.0,10742.0,0.67,136.0,2.7,0.2575,0.2833,0,LOW
DEF-12344,Major,4,Field Outpost,55,,11.0,0.45,2,,0.281,-0.545,,0.706,0.549,,5.4,0.272,51.8,75.0,11322.0,0.66,52.0,3.0,0.4895,0.3818,1,MEDIUM
DEF-12345,Naik,1,Field Outpost,64,19.2,12.0,0.45,2,0.0,0.649,,0.47,0.464,0.372,0.586,6.3,0.233,48.6,70.0,,0.46,61.0,3.2,0.4099,0.3524,1,MEDIUM
DEF-12346,Naik,1,Peace Station,70,,4.0,0.15,3,0.0,0.154,0.22,0.625,,0.506,0.327,,0.25,38.7,76.0,,0.73,,3.4,0.315,0.2634,0,LOW
DEF-12347,Sepoy,1,High Altitude (Siachen/Ladakh),88,0.6,16.0,0.85,2,0.0,0.846,-0.007,,0.495,0.642,0.305,7.1,0.209,58.8,63.0,15786.0,,,3.4,0.1436,0.2864,0,LOW
DEF-12348,Naik,1,High Altitude (Siachen/Ladakh),92,0.4,13.0,0.85,4,0.0,0.228,0.0,0.543,0.644,0.986,0.206,,0.248,49.6,74.0,6238.0,,58.0,3.7,0.2817,0.2623,0,LOW
DEF-12349,Sepoy,1,Field Outpost,91,6.8,,0.45,4,0.0,0.268,,0.392,0.343,0.238,0.202,,0.32,,,10310.0,1.0,49.0,2.7,0.0829,0.134,0,LOW
DEF-12350,Naik,1,Peace Station,49,,11.0,0.15,2,0.0,0.32,-0.101,,0.396,0.2,0.335,6.6,0.233,60.2,71.0,,,47.0,2.3,0.1709,0.1603,0,LOW
DEF-12351,Subedar,3,Peace Station,68,3.1,14.0,0.15,1,0.0,0.326,-0.257,0.196,0.2,0.274,0.0,7.3,,71.4,63.0,10828.0,0.95,44.0,2.2,0.1208,0.1522,0,LOW
DEF-12352,Naik,1,Field Outpost,112,,10.0,0.45,1,0.0,0.601,-0.194,0.475,0.488,0.489,,6.2,0.228,52.8,62.0,15090.0,0.88,33.0,3.1,0.1619,0.2226,0,LOW
DEF-12353,Subedar,3,Peace Station,195,10.8,11.0,0.15,1,0.0,0.328,-0.274,,0.24,0.465,0.316,6.9,0.18,51.3,,9720.0,0.63,48.0,2.6,0.221,0.3598,0,LOW
DEF-12354,Havildar,2,Field Outpost,67,21.3,14.0,0.45,1,2.0,0.727,-0.121,,0.821,,0.409,6.4,,42.0,74.0,16794.0,,,3.4,0.3296,0.3572,0,LOW
DEF-12355,Sepoy,1,Field Outpost,45,16.8,11.0,0.45,1,0.0,0.689,0.372,0.903,0.4,0.36,,6.1,0.245,,69.0,,0.71,70.0,3.3,0.5835,0.4462,1,MEDIUM
DEF-12356,Subedar,3,Peace Station,37,6.7,10.0,0.15,1,0.0,0.562,,0.793,,,0.37,6.9,0.259,42.5,76.0,4698.0,0.82,61.0,3.4,0.1474,0.1763,0,LOW
DEF-12357,Sepoy,1,Field Outpost,91,14.4,6.0,0.45,2,0.0,0.648,0.067,0.695,0.699,0.398,0.228,5.5,0.221,,73.0,,,,2.4,0.2363,0.2996,0,LOW
DEF-12358,Naik,1,Field Outpost,20,2.7,10.0,0.45,1,0.0,,0.35,0.309,0.621,0.227,0.0,,,58.9,65.0,1965.0,,32.0,,0.1722,0.2066,0,LOW
DEF-12359,Sepoy,1,Field Outpost,92,6.7,,0.45,2,0.0,,-0.255,0.149,0.157,0.088,0.298,7.9,0.31,,53.0,8301.0,0.85,35.0,3.7,0.3756,0.3688,1,MEDIUM
DEF-12360,Sepoy,1,Peace Station,93,0.0,19.0,0.15,1,0.0,0.482,-0.407,0.569,0.613,0.587,0.231,6.9,0.211,,69.0,7229.0,0.81,76.0,2.9,0.1175,0.2381,0,LOW
DEF-12361,Sepoy,1,Peace Station,46,17.6,,0.15,3,1.0,0.486,0.129,0.419,0.532,,,7.7,0.257,49.7,62.0,8602.0,,37.0,2.4,0.1511,0.2132,0,LOW
DEF-12362,Sepoy,1,High Altitude (Siachen/Ladakh),74,11.6,13.0,0.85,3,0.0,0.415,-0.091,0.437,0.891,0.615,0.568,6.9,0.31,50.6,75.0,7809.0,,,4.0,0.1294,0.1384,0,LOW
DEF-12363,Naik,1,High Altitude (Siachen/Ladakh),56,12.7,14.0,0.85,1,0.0,0.586,0.068,0.518,0.723,,0.496,,0.31,58.6,,12343.0,,87.0,,0.8159,0.6782,2,HIGH
DEF-12364,Naik,1,High Altitude (Siachen/Ladakh),25,20.9,12.0,0.85,4,0.0,0.664,,0.462,0.934,0.541,0.208,6.8,0.246,44.4,65.0,3710.0,0.56,69.0,3.4,0.4772,0.4314,1,MEDIUM
DEF-12365,Sepoy,1,Peace Station,88,5.5,8.0,0.15,1,0.0,0.208,,,0.733,0.657,,,0.238,,67.0,10857.0,0.73,53.0,,0.3358,0.3603,0,LOW
DEF-12366,Sepoy,1,Peace Station,83,18.0,15.0,0.15,3,2.0,,-0.032,0.509,0.539,0.402,0.196,6.1,0.293,,64.0,9976.0,0.87,48.0,3.1,0.2325,0.3567,0,LOW
DEF-12367,Naik,1,Field Outpost,48,30.9,11.0,0.45,2,1.0,0.247,-0.413,0.482,0.73,0.484,0.627,5.7,0.116,48.4,80.0,,0.62,82.0,2.9,0.7478,0.5997,2,HIGH
DEF-12368,Sepoy,1,Counter-Insurgency,194,5.7,12.0,0.9,1,1.0,0.195,-0.555,0.664,,,0.131,7.0,,56.2,72.0,10514.0,0.74,,,0.2881,0.4894,1,MEDIUM
DEF-12369,Havildar,2,Counter-Insurgency,64,0.7,13.0,0.9,1,0.0,0.449,0.159,0.408,,,0.104,7.0,0.246,57.3,68.0,13751.0,0.73,46.0,2.3,0.169,0.2307,0,LOW
DEF-12370,Naik,1,High Altitude (Siachen/Ladakh),15,3.3,14.0,0.85,1,0.0,0.571,-0.021,0.465,0.385,,,,0.15,58.2,64.0,,,61.0,3.5,0.3754,0.2908,0,LOW
DEF-12371,Havildar,2,Peace Station,115,17.3,,0.15,3,0.0,0.148,-0.184,0.66,0.559,0.496,0.406,6.1,0.205,46.4,66.0,10558.0,0.66,56.0,3.4,0.4353,0.4401,1,MEDIUM
DEF-12372,Naik,1,High Altitude (Siachen/Ladakh),100,28.8,10.0,0.85,2,2.0,,0.356,,0.554,0.408,,6.9,,57.7,,10656.0,,80.0,2.7,0.6502,0.6031,1,MEDIUM
DEF-12373,Sepoy,1,Counter-Insurgency,107,28.5,12.0,0.9,1,0.0,0.181,,0.592,0.507,,0.345,6.4,0.222,49.1,63.0,6936.0,0.7,60.0,3.3,0.5629,0.5948,1,MEDIUM
DEF-12374,Naik,1,Peace Station,33,21.2,16.0,0.15,2,0.0,0.687,0.141,0.713,0.493,0.788,0.376,7.0,,53.6,67.0,8290.0,,86.0,3.7,0.5945,0.5043,1,MEDIUM
DEF-12375,Sepoy,1,Field Outpost,73,21.5,12.0,0.45,1,1.0,0.594,,0.682,,0.888,0.715,5.2,,46.7,72.0,8286.0,,103.0,2.8,0.6781,0.6361,1,MEDIUM
DEF-12376,Sepoy,1,Field Outpost,64,17.9,9.0,0.45,1,0.0,0.218,0.186,0.485,,0.657,0.341,,0.258,56.8,66.0,,,47.0,2.9,0.1585,0.1862,0,LOW
DEF-12377,Havildar,2,Peace Station,57,20.2,13.0,0.15,4,1.0,0.425,,,0.413,0.853,,7.0,0.35,58.4,67.0,8818.0,0.95,43.0,2.4,0.113,0.186,0,LOW
DEF-12378,Sepoy,1,Field Outpost,132,16.6,13.0,0.45,2,0.0,,-0.369,,0.74,0.861,,6.0,0.251,34.4,77.0,9426.0,0.58,123.0,3.8,0.4619,0.4603,1,MEDIUM
DEF-12379,Havildar,2,Counter-Insurgency,65,7.2,15.0,0.9,1,1.0,0.148,,0.495,,0.866,0.339,6.3,,53.5,70.0,3612.0,0.68,120.0,3.4,0.4959,0.4441,1,MEDIUM
DEF-12380,Havildar,2,Counter-Insurgency,50,28.6,15.0,0.9,4,0.0,0.834,-0.243,0.64,0.771,0.645,0.597,5.7,0.131,33.8,75.0,14949.0,0.66,79.0,,0.8618,0.7102,2,HIGH
DEF-12381,Subedar,3,Counter-Insurgency,49,25.4,5.0,0.9,1,0.0,0.679,-0.451,0.604,,0.624,0.342,5.8,,37.6,84.0,8266.0,0.62,,3.4,0.7553,0.6148,2,HIGH
DEF-12382,Subedar,3,Field Outpost,31,7.4,11.0,0.45,1,0.0,0.383,,,,0.205,0.148,7.8,0.239,47.4,60.0,,0.59,31.0,2.7,0.1295,0.1363,0,LOW
DEF-12383,Sepoy,1,Field Outpost,69,19.5,13.0,0.45,1,1.0,0.349,-0.051,0.734,0.526,0.547,0.334,6.2,0.226,55.4,77.0,8697.0,,79.0,2.6,0.4638,0.5319,1,MEDIUM
DEF-12384,Sepoy,1,High Altitude (Siachen/Ladakh),138,,11.0,0.85,2,0.0,0.227,-0.273,0.829,0.825,0.797,0.57,4.2,0.197,39.5,81.0,7038.0,0.64,98.0,4.0,0.9067,0.7971,2,HIGH
DEF-12385,Naik,1,Field Outpost,52,,8.0,0.45,2,0.0,0.274,-0.371,,0.645,0.891,0.54,5.7,0.165,52.4,71.0,,,58.0,3.2,0.434,0.4105,1,MEDIUM
DEF-12386,Sepoy,1,Peace Station,75,12.3,10.0,0.15,1,0.0,0.458,-0.079,0.106,0.25,0.259,0.013,7.9,,81.2,66.0,10435.0,1.0,28.0,1.7,0.1056,0.089,0,LOW
DEF-12387,Naik,1,High Altitude (Siachen/Ladakh),57,26.2,13.0,0.85,2,0.0,0.918,-0.791,0.738,1.0,,0.721,5.5,0.111,27.1,89.0,3738.0,0.62,86.0,4.3,0.9608,0.7301,2,HIGH
DEF-12388,Havildar,2,Peace Station,61,16.2,13.0,0.15,3,0.0,0.362,,0.161,,0.347,0.255,7.1,0.215,62.1,69.0,7035.0,0.7,86.0,3.4,0.3972,0.3318,1,MEDIUM
DEF-12389,Naik,1,Peace Station,103,8.7,10.0,0.15,2,0.0,0.23,,0.303,0.513,0.378,0.0,7.3,0.252,57.9,57.0,,,,1.1,0.0662,0.255,0,LOW
DEF-12390,Sepoy,1,Peace Station,31,4.2,17.0,0.15,3,0.0,0.555,0.091,0.231,0.176,0.062,0.178,6.2,0.282,72.2,64.0,,0.9,30.0,2.6,0.1823,0.2298,0,LOW
DEF-12391,Sepoy,1,Counter-Insurgency,22,0.0,14.0,0.9,1,0.0,0.16,-0.066,0.457,,0.618,,5.3,,,78.0,2550.0,0.86,102.0,3.8,0.1584,0.2709,0,LOW
DEF-12392,Sepoy,1,Peace Station,115,30.8,15.0,0.15,1,0.0,0.619,0.208,0.721,0.504,0.564,0.515,7.0,0.2,28.1,84.0,7496.0,0.66,73.0,,0.2913,0.3764,0,LOW
DEF-12393,Sepoy,1,Field Outpost,45,6.9,10.0,0.45,2,1.0,0.198,0.064,0.747,0.449,0.395,,6.7,0.291,,76.0,,0.82,44.0,3.6,0.2222,0.1442,0,LOW
DEF-12394,Subedar,3,Counter-Insurgency,50,22.2,14.0,0.9,1,0.0,0.35,-0.158,,0.659,0.633,0.571,6.4,0.217,45.4,75.0,11510.0,0.66,77.0,3.8,0.3762,0.3967,1,MEDIUM
DEF-12395,Sepoy,1,Field Outpost,217,6.2,18.0,0.45,1,0.0,0.258,-0.632,0.849,,0.524,0.47,5.4,,34.6,78.0,10215.0,0.5,,3.9,0.4414,0.5815,1,MEDIUM
DEF-12396,Sepoy,1,Peace Station,100,15.4,13.0,0.15,1,0.0,0.621,-0.203,0.761,0.333,0.395,0.392,7.2,,,73.0,6634.0,,72.0,3.0,0.5059,0.5314,1,MEDIUM
DEF-12397,Sepoy,1,Field Outpost,36,17.8,20.0,0.45,3,0.0,0.327,,1.0,1.0,0.727,0.6,,0.172,,90.0,,0.47,92.0,4.5,0.7392,0.5948,2,HIGH
DEF-12398,Naik,1,Peace Station,120,3.5,,0.15,1,0.0,,0.143,,0.325,0.128,0.14,7.1,0.272,59.7,,7177.0,0.81,,,0.2756,0.3214,0,LOW
DEF-12399,Naik,1,Peace Station,101,22.1,16.0,0.15,1,2.0,0.255,-0.196,0.498,0.645,0.782,0.365,5.2,,46.5,74.0,7401.0,0.66,57.0,3.4,0.5457,0.5803,1,MEDIUM
DEF-12400,Sepoy,1,Counter-Insurgency,6,12.3,6.0,0.9,1,0.0,0.331,0.307,0.451,0.428,0.488,0.4,6.0,,46.2,67.0,,0.5,72.0,2.4,0.5362,0.3924,1,MEDIUM
DEF-12401,Sepoy,1,Peace Station,70,18.7,13.0,0.15,3,0.0,0.617,0.053,0.832,0.457,0.443,0.232,7.5,0.22,,71.0,,0.81,55.0,,0.1906,0.2138,0,LOW
DEF-12402,Sepoy,1,High Altitude (Siachen/Ladakh),32,26.4,,0.85,2,0.0,0.169,-0.12,0.677,0.62,0.664,0.555,4.8,0.168,47.8,,6640.0,0.8,105.0,3.4,0.7012,0.5747,1,MEDIUM
DEF-12403,Sepoy,1,Field Outpost,61,20.3,5.0,0.45,1,0.0,0.503,,,0.767,,0.48,5.3,0.251,41.7,69.0,2723.0,,,3.0,0.4028,0.3451,1,MEDIUM
DEF-12404,Naik,1,Peace Station,196,13.2,11.0,0.15,3,0.0,0.374,-0.348,,0.301,0.79,0.298,6.8,0.238,45.6,75.0,12474.0,0.76,51.0,,0.4947,0.4759,1,MEDIUM
DEF-12405,Naik,1,Field Outpost,105,30.5,9.0,0.45,3,2.0,0.353,-0.231,0.487,0.409,0.825,0.41,,,59.5,78.0,6411.0,0.74,50.0,4.0,0.5538,0.5205,1,MEDIUM
DEF-12406,Sepoy,1,Peace Station,113,13.6,21.0,0.15,2,0.0,0.36,-0.176,0.652,0.31,0.575,0.513,,0.215,41.9,67.0,6948.0,0.8,74.0,3.2,0.398,0.5554,1,MEDIUM
DEF-12407,Sepoy,1,Peace Station,57,14.8,7.0,0.15,1,0.0,0.365,0.372,,0.538,0.68,0.214,6.7,0.274,,64.0,11090.0,,65.0,2.4,0.1271,0.1742,0,LOW
DEF-12408,Colonel,4,Field Outpost,114,12.6,14.0,0.45,2,1.0,0.139,0.108,0.515,0.609,0.484,0.485,7.8,,52.2,,,,64.0,4.3,0.3472,0.403,1,MEDIUM
DEF-12409,Naik,1,Peace Station,40,3.6,16.0,0.15,4,1.0,0.472,0.133,0.477,0.424,0.687,0.267,7.3,0.249,68.8,72.0,8234.0,0.77,45.0,,0.2338,0.253,0,LOW
DEF-12410,Naik,1,High Altitude (Siachen/Ladakh),70,2.6,18.0,0.85,1,0.0,0.233,0.037,0.423,0.541,0.593,0.167,7.5,0.263,50.2,69.0,11731.0,0.89,46.0,2.9,0.3181,0.3189,0,LOW
DEF-12411,Sepoy,1,Peace Station,102,9.3,6.0,0.15,1,0.0,0.562,0.059,0.326,0.937,,0.306,5.7,0.205,,64.0,,,60.0,3.4,0.5171,0.5772,1,MEDIUM
DEF-12412,Naik,1,Field Outpost,101,5.4,8.0,0.45,1,0.0,0.347,,0.411,,0.527,0.33,6.6,0.207,48.3,,9019.0,0.93,58.0,3.7,0.086,0.0713,0,LOW
DEF-12413,Sepoy,1,High Altitude (Siachen/Ladakh),23,11.6,14.0,0.85,2,1.0,0.371,-0.246,,0.56,0.529,0.514,5.6,0.16,,76.0,6437.0,0.74,102.0,4.5,0.3499,0.2275,0,LOW
DEF-12414,Naik,1,Field Outpost,172,21.0,14.0,0.45,2,0.0,0.344,-0.664,0.488,0.636,0.777,0.498,,0.168,44.2,,4567.0,0.59,79.0,3.4,0.6397,0.678,1,MEDIUM
DEF-12415,Major,4,Counter-Insurgency,35,10.5,16.0,0.9,1,0.0,0.333,-0.282,0.673,,0.55,,,0.232,44.4,74.0,,,,,0.689,0.5363,1,MEDIUM
DEF-12416,Sepoy,1,Field Outpost,239,15.9,11.0,0.45,1,0.0,0.079,0.069,0.49,0.916,1.0,0.402,,0.148,39.2,69.0,9306.0,0.82,59.0,2.8,0.1183,0.3466,0,LOW
DEF-12417,Sepoy,1,Counter-Insurgency,104,9.7,8.0,0.9,4,0.0,0.752,-0.319,0.83,0.428,0.476,,7.9,,,67.0,14972.0,0.59,59.0,3.0,0.6909,0.5894,1,MEDIUM
DEF-12418,Sepoy,1,Peace Station,99,35.6,12.0,0.15,3,0.0,0.356,-0.011,0.545,0.661,0.772,0.759,6.3,,,75.0,9882.0,0.65,76.0,4.5,0.6412,0.5997,1,MEDIUM
DEF-12419,Sepoy,1,Counter-Insurgency,37,26.8,8.0,0.9,4,0.0,0.229,-0.075,0.55,,,0.637,4.9,0.175,33.4,69.0,7503.0,0.59,173.0,3.6,0.953,0.8075,2,HIGH
DEF-12420,Sepoy,1,Field Outpost,47,11.9,10.0,0.45,3,0.0,0.687,0.041,0.464,0.392,0.652,0.309,6.6,,,73.0,,,56.0,2.1,0.1315,0.0939,0,LOW
DEF-12421,Sepoy,1,High Altitude (Siachen/Ladakh),164,16.3,14.0,0.85,2,,0.803,-0.23,0.638,0.608,0.863,0.719,4.8,0.157,,,8844.0,0.75,72.0,3.7,0.9447,0.8996,2,HIGH
DEF-12422,Havildar,2,Counter-Insurgency,152,2.6,11.0,0.9,1,0.0,0.731,,0.663,0.731,0.581,0.182,,0.251,65.4,71.0,5970.0,0.73,55.0,2.4,0.3749,0.3549,1,MEDIUM
DEF-12423,Naik,1,Field Outpost,58,12.2,9.0,0.45,2,0.0,0.174,-0.436,0.463,0.47,0.423,0.429,6.6,0.197,58.1,78.0,,0.68,55.0,3.1,0.2797,0.2573,0,LOW
DEF-12424,Sepoy,1,Counter-Insurgency,55,8.9,,0.9,1,2.0,0.141,-0.442,0.742,,0.856,0.413,5.1,0.171,36.4,72.0,,0.61,64.0,,0.9075,0.8505,2,HIGH
DEF-12425,Subedar,3,Field Outpost,56,20.3,13.0,0.45,2,0.0,,-0.37,0.771,0.435,0.761,0.377,6.4,0.193,37.3,,,,93.0,3.8,0.6728,0.5632,1,MEDIUM
DEF-12426,Sepoy,1,Field Outpost,120,6.1,8.0,0.45,2,0.0,0.404,0.276,,,0.605,0.014,7.7,,,,10504.0,0.84,32.0,3.1,0.1177,0.252,0,LOW
DEF-12427,Major,4,Field Outpost,114,28.1,12.0,0.45,4,0.0,0.634,-0.205,0.756,0.643,0.531,0.326,6.6,0.257,40.4,,6636.0,0.98,43.0,3.0,0.8714,0.8704,2,HIGH
DEF-12428,Sepoy,1,Peace Station,80,13.4,,0.15,1,2.0,0.254,-0.137,,0.68,0.279,0.304,5.9,0.222,62.7,68.0,6004.0,0.73,45.0,,0.3328,0.3493,0,LOW
DEF-12429,Subedar,3,Field Outpost,70,6.6,23.0,0.45,1,1.0,0.232,0.108,0.51,,0.725,,7.2,0.214,50.8,69.0,9547.0,,79.0,3.5,0.462,0.4973,1,MEDIUM
DEF-12430,Naik,1,Counter-Insurgency,58,14.3,,0.9,2,0.0,0.08,-0.645,0.668,0.859,0.972,0.445,5.2,0.153,39.1,82.0,9862.0,,79.0,3.1,0.7034,0.6172,1,MEDIUM
DEF-12431,Havildar,2,High Altitude (Siachen/Ladakh),228,20.3,9.0,0.85,3,0.0,0.252,,0.51,,0.38,,,0.203,50.4,69.0,9377.0,0.52,84.0,1.9,0.0811,0.2291,0,LOW
DEF-12432,Colonel,4,High Altitude (Siachen/Ladakh),25,18.4,10.0,0.85,4,2.0,0.669,-0.105,0.557,0.603,,0.311,5.7,,62.2,71.0,,,48.0,3.1,0.4924,0.2757,1,MEDIUM
DEF-12433,Sepoy,1,Field Outpost,50,15.3,8.0,0.45,2,0.0,0.388,0.053,0.498,0.409,,0.332,6.8,,44.4,,4643.0,0.79,44.0,,0.3038,0.3202,0,LOW
DEF-12434,Major,4,Peace Station,77,21.5,15.0,0.15,1,0.0,0.298,,0.463,0.476,0.534,0.303,8.6,,53.2,,,,57.0,1.5,0.0544,0.1279,0,LOW
DEF-12435,Sepoy,1,Peace Station,21,20.9,8.0,0.15,1,0.0,,0.324,,0.748,0.758,0.306,6.3,0.205,59.8,69.0,8742.0,0.64,45.0,1.9,0.2942,0.25,0,LOW
DEF-12436,Sepoy,1,Peace Station,45,21.0,8.0,0.15,4,1.0,,-0.122,0.445,0.38,0.163,0.243,6.5,,57.4,61.0,8903.0,0.86,41.0,1.7,0.1124,0.1404,0,LOW
DEF-12437,Sepoy,1,Peace Station,194,11.7,12.0,0.15,2,2.0,0.263,,0.672,0.559,0.528,0.051,5.6,,47.4,79.0,4065.0,0.58,64.0,2.5,0.2194,0.334,0,LOW
DEF-12438,Naik,1,High Altitude (Siachen/Ladakh),109,11.6,19.0,0.85,3,1.0,0.24,,,0.459,0.772,,,0.258,36.6,73.0,6347.0,0.77,71.0,3.6,0.5721,0.6375,1,MEDIUM
DEF-12439,Sepoy,1,High Altitude (Siachen/Ladakh),44,12.2,14.0,0.85,1,2.0,0.715,,0.394,0.401,0.525,0.456,8.1,,,64.0,10195.0,0.72,73.0,3.3,0.4867,0.4539,1,MEDIUM
DEF-12440,Naik,1,Peace Station,43,,10.0,0.15,1,1.0,0.251,,0.308,,0.374,0.0,6.6,0.298,67.9,66.0,5902.0,0.92,26.0,,0.3093,0.2027,0,LOW
DEF-12441,Naik,1,Peace Station,25,14.9,11.0,0.15,2,0.0,0.239,0.226,0.452,0.441,0.282,0.129,6.7,,62.1,59.0,14555.0,0.76,,2.5,0.1885,0.1392,0,LOW
DEF-12442,Havildar,2,Peace Station,48,14.0,,0.15,3,0.0,0.386,0.153,0.146,0.273,0.501,,8.0,,68.7,61.0,10695.0,0.89,136.0,,0.3306,0.2766,0,LOW
DEF-12443,Havildar,2,Peace Station,89,28.1,12.0,0.15,4,1.0,0.047,-0.131,0.68,0.355,0.737,,6.8,0.26,64.9,,12465.0,0.78,100.0,3.5,0.2599,0.2828,0,LOW
DEF-12444,Sepoy,1,Field Outpost,80,9.7,10.0,0.45,3,0.0,0.578,,0.216,0.712,0.251,0.0,,0.198,47.7,59.0,6836.0,0.68,42.0,2.9,0.0653,0.1425,0,LOW
DEF-12445,Sepoy,1,Peace Station,50,5.6,10.0,0.15,2,1.0,0.416,0.252,,0.166,0.296,0.212,,0.245,63.4,,5987.0,0.82,78.0,3.1,0.1299,0.1016,0,LOW
DEF-12446,Sepoy,1,Peace Station,34,19.5,8.0,0.15,2,1.0,0.742,,0.862,0.647,0.401,0.575,5.4,0.265,39.8,,,0.64,64.0,4.2,0.5891,0.5225,1,MEDIUM
DEF-12447,Sepoy,1,Counter-Insurgency,57,14.6,12.0,0.9,3,0.0,0.145,-0.123,0.932,,0.792,0.684,5.6,0.135,,74.0,6190.0,,81.0,2.7,0.8009,0.6975,2,HIGH
DEF-12448,Sepoy,1,Peace Station,56,8.2,19.0,0.15,1,0.0,0.615,0.174,0.358,0.751,0.536,0.31,6.5,0.168,,62.0,7333.0,,70.0,3.3,0.2211,0.1789,0,LOW
DEF-12449,Sepoy,1,High Altitude (Siachen/Ladakh),101,20.6,18.0,0.85,4,0.0,0.198,-0.379,0.365,0.175,0.592,0.112,8.0,,48.9,63.0,3080.0,,61.0,,0.1584,0.3599,0,LOW
DEF-12450,Sepoy,1,Field Outpost,73,11.6,12.0,0.45,2,0.0,,,,0.4,0.87,0.262,6.0,0.129,48.0,77.0,2804.0,,72.0,4.0,0.4181,0.3205,1,MEDIUM
DEF-12451,Major,4,Peace Station,68,27.0,12.0,0.15,4,0.0,0.292,-0.33,0.873,,,,7.1,0.118,40.0,,8356.0,0.8,52.0,3.2,0.3947,0.371,1,MEDIUM
DEF-12452,Naik,1,High Altitude (Siachen/Ladakh),126,5.9,12.0,0.85,3,0.0,0.302,,0.363,0.675,0.392,0.0,,0.206,51.4,72.0,7854.0,0.86,107.0,2.0,0.2569,0.3303,0,LOW
DEF-12453,Sepoy,1,Field Outpost,152,9.1,15.0,0.45,1,2.0,0.171,-0.063,,0.28,0.321,0.172,7.7,0.266,65.8,,6960.0,0.76,53.0,3.3,0.1601,0.3635,0,LOW
DEF-12454,Naik,1,Peace Station,80,15.1,6.0,0.15,1,0.0,0.462,0.124,,,0.22,0.261,8.2,0.276,59.6,64.0,10300.0,,36.0,1.2,0.1361,0.1511,0,LOW
DEF-12455,Sepoy,1,Peace Station,81,25.5,13.0,0.15,1,1.0,0.247,-0.277,0.487,0.705,0.41,,,0.264,,62.0,11097.0,0.7,,3.1,0.118,0.1764,0,LOW
DEF-12456,Sepoy,1,High Altitude (Siachen/Ladakh),60,7.9,8.0,0.85,1,0.0,0.255,0.1,0.657,0.441,,0.0,7.9,0.271,56.2,64.0,11219.0,0.87,50.0,2.5,0.2283,0.1506,0,LOW
DEF-12457,Naik,1,Field Outpost,36,17.2,9.0,0.45,2,0.0,0.383,0.744,,0.283,0.434,,6.8,0.253,55.7,65.0,8945.0,0.92,70.0,2.9,0.5532,0.6076,1,MEDIUM
DEF-12458,Naik,1,Field Outpost,106,4.1,19.0,0.45,2,0.0,0.067,-0.121,,0.483,0.701,0.284,5.5,,32.9,,5369.0,0.54,61.0,3.5,0.5209,0.6713,1,MEDIUM
DEF-12459,Sepoy,1,Peace Station,94,21.8,19.0,0.15,2,0.0,0.615,0.095,0.638,,0.889,,4.8,0.237,37.2,76.0,8133.0,0.94,,3.2,0.8573,0.8312,2,HIGH
DEF-12460,Colonel,4,Peace Station,63,8.5,9.0,0.15,1,0.0,0.152,0.094,0.128,0.491,0.129,0.0,,0.241,54.6,,10734.0,0.83,29.0,1.8,0.02,0.1627,0,LOW
DEF-12461,Subedar,3,High Altitude (Siachen/Ladakh),74,19.3,9.0,0.85,4,,0.365,-0.537,,0.812,,0.544,5.2,0.187,49.7,82.0,8973.0,,,5.0,0.6358,0.6219,1,MEDIUM
DEF-12462,Naik,1,High Altitude (Siachen/Ladakh),121,19.7,13.0,0.85,2,0.0,0.292,,0.431,0.333,0.386,0.347,5.8,0.295,48.5,75.0,7870.0,0.66,,3.2,0.3897,0.4284,1,MEDIUM
DEF-12463,Naik,1,Field Outpost,133,0.0,12.0,0.45,3,0.0,0.263,0.177,0.778,,0.474,0.055,6.3,0.263,49.0,,7413.0,0.87,58.0,2.8,0.6525,0.6562,1,MEDIUM
DEF-12464,Naik,1,Peace Station,9,15.8,18.0,0.15,1,0.0,0.236,0.081,,0.333,0.381,0.118,7.9,0.358,44.2,73.0,6619.0,0.7,35.0,2.4,0.0886,0.0646,0,LOW
DEF-12465,Sepoy,1,Counter-Insurgency,42,9.7,13.0,0.9,3,1.0,0.453,-0.28,0.428,,0.617,,6.7,0.112,,82.0,,,72.0,4.3,0.7197,0.5535,1,MEDIUM
DEF-12466,Sepoy,1,Field Outpost,62,18.2,11.0,0.45,1,0.0,0.691,-0.01,0.651,0.604,0.719,,6.6,0.182,42.8,75.0,11921.0,,78.0,,0.3519,0.298,0,LOW
DEF-12467,Sepoy,1,High Altitude (Siachen/Ladakh),31,6.6,12.0,0.85,2,0.0,0.777,-0.14,0.39,0.574,0.731,0.246,,0.189,,,5229.0,0.71,55.0,2.5,0.4256,0.3199,1,MEDIUM
DEF-12468,Naik,1,Peace Station,75,9.1,12.0,0.15,2,0.0,0.204,-0.309,0.166,0.389,0.506,0.01,7.3,0.209,43.7,74.0,11469.0,0.79,75.0,3.0,0.0809,0.0797,0,LOW
DEF-12469,Naik,1,Field Outpost,44,24.2,18.0,0.45,4,0.0,0.46,,0.246,0.64,0.412,0.435,8.5,0.208,47.2,67.0,7179.0,0.9,34.0,3.2,0.1276,0.1769,0,LOW
DEF-12470,Sepoy,1,Counter-Insurgency,76,23.5,17.0,0.9,1,0.0,0.157,-0.309,1.0,,0.551,0.629,5.4,0.186,,84.0,12918.0,0.62,,4.9,0.5883,0.5926,1,MEDIUM
DEF-12471,Major,4,Peace Station,45,5.6,13.0,0.15,1,0.0,0.148,,0.537,0.521,0.418,,6.5,,57.0,66.0,8014.0,0.74,92.0,3.3,0.1745,0.2055,0,LOW
DEF-12472,Subedar,3,High Altitude (Siachen/Ladakh),46,29.3,11.0,0.85,3,0.0,0.362,-0.076,0.625,0.393,0.356,0.647,4.9,0.214,41.5,77.0,10806.0,,74.0,3.1,0.8031,0.6682,2,HIGH
DEF-12473,Havildar,2,High Altitude (Siachen/Ladakh),76,0.0,15.0,0.85,1,0.0,,-0.13,,0.307,0.347,0.29,6.4,0.216,66.4,57.0,6311.0,0.92,48.0,3.7,0.1899,0.3918,0,LOW
DEF-12474,Naik,1,Peace Station,109,15.8,14.0,0.15,1,0.0,0.215,0.012,0.51,,0.516,0.358,6.0,0.21,60.4,71.0,10097.0,,63.0,3.4,0.1219,0.3122,0,LOW
DEF-12475,Subedar,3,High Altitude (Siachen/Ladakh),91,3.1,12.0,0.85,2,0.0,0.173,0.054,,0.76,,0.0,7.2,0.158,60.4,,6670.0,0.69,53.0,2.5,0.0778,0.1705,0,LOW
DEF-12476,Sepoy,1,Peace Station,63,17.2,15.0,0.15,1,0.0,0.431,,0.862,0.358,0.422,0.249,6.4,0.259,,74.0,9507.0,0.69,64.0,2.9,0.4523,0.4169,1,MEDIUM
DEF-12477,Havildar,2,High Altitude (Siachen/Ladakh),17,11.8,11.0,0.85,1,0.0,0.494,0.168,,0.525,,0.213,6.5,,44.5,68.0,9069.0,,63.0,4.1,0.2379,0.2252,0,LOW
DEF-12478,Sepoy,1,Counter-Insurgency,45,5.4,6.0,0.9,1,0.0,,,0.303,0.19,0.507,0.159,6.1,0.247,,64.0,11337.0,0.78,47.0,3.3,0.1442,0.1807,0,LOW
DEF-12479,Havildar,2,Counter-Insurgency,42,7.7,,0.9,1,0.0,0.131,-0.062,,,0.254,0.145,,0.256,45.9,,,0.89,41.0,1.5,0.0274,0.0232,0,LOW
DEF-12480,Sepoy,1,High Altitude (Siachen/Ladakh),98,7.3,17.0,0.85,2,1.0,0.361,-0.758,0.631,0.397,0.995,0.371,6.5,0.17,45.2,71.0,9022.0,,,2.8,0.7113,0.6849,2,HIGH
DEF-12481,Subedar,3,Field Outpost,70,,,0.45,1,,0.258,0.616,0.438,,0.019,0.22,7.9,,47.8,61.0,7625.0,,26.0,2.8,0.0783,0.0572,0,LOW
DEF-12482,Major,4,High Altitude (Siachen/Ladakh),72,22.3,7.0,0.85,3,1.0,0.227,-0.112,0.415,,0.716,0.405,6.2,0.211,47.5,64.0,4841.0,0.89,,2.9,0.4943,0.3802,1,MEDIUM
DEF-12483,Sepoy,1,High Altitude (Siachen/Ladakh),38,30.6,14.0,0.85,4,0.0,0.724,-0.522,0.69,0.67,0.673,0.65,,0.117,,,,0.61,87.0,4.3,0.7498,0.5896,2,HIGH
DEF-12484,Naik,1,Peace Station,136,,8.0,0.15,1,0.0,0.543,0.275,,,0.291,,7.1,0.308,49.1,56.0,7761.0,0.88,,2.5,0.1961,0.1728,0,LOW
DEF-12485,Colonel,4,Peace Station,72,16.5,11.0,0.15,3,0.0,0.447,0.153,0.474,0.682,0.525,0.515,6.4,0.25,66.7,69.0,6886.0,0.69,82.0,3.7,0.2653,0.3433,0,LOW
DEF-12486,Naik,1,Field Outpost,36,24.1,15.0,0.45,4,0.0,0.207,-0.563,0.554,0.623,0.54,,6.3,0.248,58.5,75.0,12705.0,0.53,84.0,,0.4821,0.414,1,MEDIUM
DEF-12487,Subedar,3,Peace Station,38,10.2,8.0,0.15,2,0.0,0.912,,,0.459,0.523,0.196,,0.223,51.7,68.0,11117.0,0.87,52.0,2.9,0.3582,0.2776,0,LOW
DEF-12488,Naik,1,Counter-Insurgency,78,7.3,9.0,0.9,4,0.0,0.653,0.009,,0.579,0.646,0.189,6.8,0.218,41.4,69.0,2194.0,0.64,,,0.3651,0.3647,1,MEDIUM
DEF-12489,Sepoy,1,Field Outpost,35,30.6,14.0,0.45,1,0.0,0.107,-0.506,0.655,0.54,0.42,0.619,6.2,0.254,38.6,75.0,9264.0,0.45,106.0,2.2,0.5599,0.5089,1,MEDIUM
DEF-12490,Sepoy,1,Peace Station,43,12.5,15.0,0.15,3,0.0,0.706,-0.06,,0.545,0.363,,7.1,,54.4,69.0,10030.0,0.9,39.0,2.6,0.2408,0.2593,0,LOW
DEF-12491,Sepoy,1,Field Outpost,30,,10.0,0.45,2,0.0,0.516,-0.463,,0.371,1.0,0.3,7.6,0.195,,,12073.0,0.7,80.0,3.3,0.8257,0.6043,2,HIGH
DEF-12492,Havildar,2,Counter-Insurgency,97,,12.0,0.9,1,0.0,0.646,-0.258,0.555,0.752,0.698,,5.5,0.231,58.4,74.0,7013.0,,76.0,3.0,0.5618,0.5548,1,MEDIUM
DEF-12493,Sepoy,1,Counter-Insurgency,36,9.5,14.0,0.9,3,2.0,0.783,-0.239,,,0.589,0.262,,0.231,57.4,,12361.0,,57.0,1.8,0.622,0.5029,1,MEDIUM
DEF-12494,Naik,1,Peace Station,149,30.0,5.0,0.15,2,0.0,0.525,,0.684,0.515,0.489,,,0.171,48.3,80.0,9655.0,,,,0.5387,0.4783,1,MEDIUM
DEF-12495,Naik,1,High Altitude (Siachen/Ladakh),84,,4.0,0.85,1,0.0,0.611,0.386,,0.679,0.294,0.358,6.2,,56.3,59.0,9215.0,0.69,105.0,2.8,0.1294,0.0748,0,LOW
DEF-12496,Naik,1,Field Outpost,30,13.8,14.0,0.45,1,1.0,0.346,-0.269,0.447,0.371,0.659,0.192,6.8,,44.2,69.0,9546.0,0.85,81.0,2.3,0.1639,0.1815,0,LOW
DEF-12497,Subedar,3,Field Outpost,91,25.8,10.0,0.45,3,0.0,0.645,,0.422,,0.431,0.363,5.7,0.24,46.4,67.0,7406.0,0.75,,3.1,0.3913,0.3671,1,MEDIUM
DEF-12498,Colonel,4,High Altitude (Siachen/Ladakh),136,0.0,12.0,0.85,3,4.0,0.51,-0.332,,0.358,0.417,0.219,6.7,,60.9,65.0,10886.0,0.76,137.0,3.3,0.1992,0.2811,0,LOW
DEF-12499,Sepoy,1,Peace Station,61,10.5,6.0,0.15,2,0.0,0.468,-0.145,,0.604,0.407,0.187,5.3,0.256,46.1,75.0,13902.0,0.68,60.0,2.6,0.19,0.1415,0,LOW
DEF-12500,Havildar,2,Field Outpost,145,33.3,10.0,0.45,2,0.0,0.454,,,0.47,0.555,0.494,6.4,0.244,50.7,79.0,5779.0,0.6,,3.6,0.3889,0.4418,1,MEDIUM
DEF-12501,Havildar,2,Peace Station,85,13.6,15.0,0.15,1,0.0,0.292,,0.255,0.491,,0.176,,0.284,58.9,72.0,,,,4.4,0.1768,0.2404,0,LOW
DEF-12502,Naik,1,Peace Station,44,13.5,15.0,0.15,2,0.0,0.196,-0.135,0.308,0.428,0.327,0.391,,,56.9,74.0,9274.0,0.71,56.0,2.7,0.2589,0.2042,0,LOW
DEF-12503,Major,4,Peace Station,196,24.0,,0.15,3,,,-0.191,0.408,0.724,0.349,0.52,7.1,,52.1,,15116.0,0.76,,3.5,0.1612,0.3113,0,LOW
DEF-12504,Sepoy,1,Peace Station,24,24.6,20.0,0.15,3,0.0,,,0.443,0.582,1.0,0.546,5.5,0.197,,72.0,8713.0,,84.0,3.9,0.6997,0.4831,1,MEDIUM
DEF-12505,Sepoy,1,Field Outpost,52,2.9,8.0,0.45,2,0.0,0.334,0.269,,0.635,0.355,0.196,6.1,0.225,,82.0,15975.0,0.77,60.0,3.2,0.0563,0.1626,0,LOW
DEF-12506,Subedar,3,Peace Station,63,17.6,11.0,0.15,4,0.0,0.536,0.037,0.826,,0.417,0.187,5.9,0.301,56.6,67.0,5351.0,0.76,,1.8,0.3316,0.3941,1,MEDIUM
DEF-12507,Sepoy,1,Field Outpost,177,28.9,8.0,0.45,3,0.0,,-0.305,0.91,0.89,0.819,0.619,6.7,0.206,45.7,76.0,9664.0,,90.0,5.0,0.7223,0.6748,2,HIGH
DEF-12508,Havildar,2,Field Outpost,98,8.5,8.0,0.45,1,2.0,0.42,0.715,0.49,0.509,0.557,0.052,7.4,0.197,46.4,,,0.71,34.0,,0.2064,0.2433,0,LOW
DEF-12509,Subedar,3,Counter-Insurgency,89,10.8,13.0,0.9,1,0.0,0.224,,0.458,,0.532,0.114,6.1,0.212,64.0,63.0,10758.0,0.78,58.0,2.9,0.5422,0.5148,1,MEDIUM
DEF-12510,Sepoy,1,Field Outpost,40,14.2,17.0,0.45,1,1.0,0.714,0.113,0.987,0.599,0.405,0.303,6.9,0.201,,,7953.0,0.53,83.0,3.0,0.7305,0.6492,2,HIGH
DEF-12511,Subedar,3,Counter-Insurgency,60,19.9,10.0,0.9,2,0.0,0.275,,0.835,0.604,0.86,0.472,5.7,0.208,46.7,77.0,3318.0,0.56,,4.7,0.6856,0.6438,1,MEDIUM
DEF-12512,Sepoy,1,Peace Station,45,1.9,13.0,0.15,3,0.0,0.499,0.505,0.345,0.381,,0.017,,,62.2,,13299.0,0.74,45.0,2.9,0.0894,0.1051,0,LOW
DEF-12513,Naik,1,High Altitude (Siachen/Ladakh),87,0.0,17.0,0.85,1,0.0,0.183,0.2,0.255,,0.884,0.16,7.6,,56.7,74.0,10739.0,0.61,36.0,2.3,0.1256,0.1465,0,LOW
DEF-12514,Naik,1,Peace Station,124,15.8,21.0,0.15,3,1.0,0.13,-0.509,0.699,0.316,0.37,0.206,5.6,0.262,42.7,69.0,9434.0,,60.0,3.2,0.3741,0.4878,1,MEDIUM
DEF-12515,Subedar,3,High Altitude (Siachen/Ladakh),221,23.9,14.0,0.85,2,1.0,0.702,-0.121,0.536,0.477,0.627,0.466,6.8,0.164,43.6,75.0,15116.0,0.75,69.0,3.7,0.3069,0.4319,1,MEDIUM
DEF-12516,Sepoy,1,Field Outpost,48,11.3,7.0,0.45,3,0.0,0.516,-0.138,0.626,0.42,0.667,0.119,7.0,0.226,,70.0,10489.0,,89.0,,0.3306,0.3513,0,LOW
DEF-12517,Naik,1,Field Outpost,24,8.8,10.0,0.45,1,0.0,0.251,,0.517,0.325,0.262,0.129,7.7,,58.3,69.0,10022.0,0.71,115.0,2.4,0.0581,0.0109,0,LOW
DEF-12518,Naik,1,Peace Station,53,12.6,15.0,0.15,1,0.0,0.667,0.309,0.269,0.187,0.345,0.139,6.5,0.283,54.2,74.0,9963.0,,36.0,2.6,0.2395,0.2806,0,LOW
DEF-12519,Havildar,2,Peace Station,114,27.6,11.0,0.15,2,0.0,0.105,-0.139,0.453,,0.636,0.495,6.1,,51.9,70.0,6388.0,0.73,71.0,3.4,0.4719,0.4452,1,MEDIUM
DEF-12520,Naik,1,High Altitude (Siachen/Ladakh),36,,13.0,0.85,3,0.0,0.255,-0.543,0.841,0.537,,0.429,,0.3,45.3,72.0,7281.0,0.64,71.0,4.4,0.2986,0.2862,0,LOW
DEF-12521,Sepoy,1,Counter-Insurgency,64,18.8,15.0,0.9,3,,0.229,-0.538,0.725,0.424,0.558,0.467,7.5,0.214,,78.0,,0.53,,2.9,0.753,0.7136,2,HIGH
DEF-12522,Sepoy,1,Peace Station,90,4.2,14.0,0.15,2,0.0,0.164,-0.004,0.077,0.034,0.195,0.0,8.1,0.305,60.1,58.0,7506.0,,51.0,2.0,0.03,0.2377,0,LOW
DEF-12523,Sepoy,1,Counter-Insurgency,49,4.6,,0.9,1,1.0,0.657,0.01,0.267,0.416,0.145,0.183,7.0,0.313,48.9,70.0,10188.0,0.55,46.0,3.5,0.3912,0.3923,1,MEDIUM
DEF-12524,Havildar,2,Peace Station,74,21.2,13.0,0.15,1,0.0,0.512,0.425,0.166,0.404,,0.088,,0.253,53.8,,10510.0,,107.0,2.4,0.3002,0.3524,0,LOW
DEF-12525,Sepoy,1,High Altitude (Siachen/Ladakh),34,27.9,10.0,0.85,3,1.0,0.44,-0.288,,0.553,0.577,0.815,6.9,0.183,39.3,80.0,,0.59,103.0,3.2,0.1944,0.1745,0,LOW
DEF-12526,Sepoy,1,Counter-Insurgency,129,21.6,13.0,0.9,1,0.0,0.298,-0.274,0.69,,0.649,,,0.144,,70.0,7949.0,0.6,68.0,,0.6785,0.7061,2,HIGH
DEF-12527,Major,4,Peace Station,55,0.0,13.0,0.15,2,0.0,0.222,0.073,0.574,0.396,0.473,0.045,,0.29,67.2,70.0,8641.0,0.79,109.0,2.0,0.4242,0.3994,1,MEDIUM
DEF-12528,Sepoy,1,Field Outpost,72,10.4,14.0,0.45,2,0.0,0.45,,0.375,0.392,0.705,0.211,6.4,0.21,,80.0,9779.0,0.66,,,0.2807,0.253,0,LOW
DEF-12529,Colonel,4,Peace Station,17,16.0,7.0,0.15,2,0.0,0.53,0.167,0.408,,0.282,0.284,,0.244,54.9,74.0,4572.0,0.77,78.0,2.9,0.1305,0.1661,0,LOW
DEF-12530,Naik,1,Field Outpost,31,14.5,9.0,0.45,2,0.0,0.031,,0.269,0.239,0.575,0.0,,,64.5,52.0,,,22.0,,0.0596,0.1249,0,LOW
DEF-12531,Havildar,2,High Altitude (Siachen/Ladakh),112,0.0,12.0,0.85,4,1.0,0.255,0.338,0.324,0.434,,0.198,7.6,,46.0,66.0,11839.0,0.7,,2.8,0.2453,0.3083,0,LOW
DEF-12532,Sepoy,1,High Altitude (Siachen/Ladakh),48,3.0,12.0,0.85,3,0.0,0.593,0.133,0.718,,,0.201,,,49.3,70.0,5641.0,0.65,47.0,2.8,0.3585,0.3694,1,MEDIUM
DEF-12533,Sepoy,1,Counter-Insurgency,35,7.2,13.0,0.9,3,,0.325,-0.386,,0.812,0.981,0.241,6.0,0.169,,81.0,9435.0,0.67,98.0,4.0,0.6091,0.4362,1,MEDIUM
DEF-12534,Havildar,2,Peace Station,22,13.4,9.0,0.15,2,0.0,,0.5,,0.471,,0.384,,0.128,44.4,77.0,13582.0,0.55,84.0,2.7,0.2197,0.2407,0,LOW
DEF-12535,Havildar,2,Field Outpost,128,0.0,14.0,0.45,1,1.0,0.157,0.457,0.287,0.311,0.236,0.031,7.4,0.274,56.2,58.0,8710.0,,63.0,,0.0787,0.2969,0,LOW
DEF-12536,Havildar,2,Field Outpost,96,19.1,10.0,0.45,4,0.0,0.206,0.01,0.327,0.701,0.481,0.3,6.9,0.212,51.9,,8127.0,0.71,50.0,3.2,0.3178,0.2613,0,LOW
DEF-12537,Sepoy,1,Counter-Insurgency,92,13.2,12.0,0.9,1,1.0,0.338,0.025,,0.611,0.569,0.274,6.5,0.191,,71.0,13202.0,0.81,,3.7,0.422,0.4287,1,MEDIUM
DEF-12538,Havildar,2,Peace Station,156,5.1,12.0,0.15,2,0.0,0.025,-0.087,0.544,0.256,0.55,0.224,6.6,0.194,50.5,62.0,5784.0,0.92,45.0,2.4,0.0879,0.223,0,LOW
DEF-12539,Havildar,2,Counter-Insurgency,52,15.6,15.0,0.9,1,1.0,0.679,,0.327,0.455,0.397,0.326,,0.253,59.1,75.0,,0.66,51.0,3.6,0.1685,0.2275,0,LOW
DEF-12540,Naik,1,Field Outpost,24,1.8,10.0,0.45,2,0.0,0.637,-0.142,0.609,0.23,0.375,0.157,,,40.0,79.0,8130.0,0.55,63.0,2.4,0.0941,0.1295,0,LOW
DEF-12541,Havildar,2,Field Outpost,66,13.6,12.0,0.45,1,0.0,0.368,0.015,0.306,0.22,0.533,0.25,6.8,,52.8,62.0,11307.0,0.63,,2.4,0.1257,0.1621,0,LOW
DEF-12542,Havildar,2,Field Outpost,173,0.0,10.0,0.45,3,0.0,0.286,-0.295,0.191,0.234,0.504,0.0,5.5,0.304,73.8,57.0,10986.0,0.79,28.0,4.0,0.1662,0.197,0,LOW
DEF-12543,Naik,1,Counter-Insurgency,67,0.0,10.0,0.9,4,0.0,0.559,-0.251,,0.349,0.194,0.0,7.2,0.231,58.1,69.0,4738.0,0.73,41.0,,0.051,0.0699,0,LOW
DEF-12544,Sepoy,1,Field Outpost,122,10.1,10.0,0.45,2,0.0,,0.239,0.095,,0.106,0.14,7.2,,,55.0,7647.0,,48.0,,0.037,0.0963,0,LOW
DEF-12545,Naik,1,High Altitude (Siachen/Ladakh),25,7.9,11.0,0.85,1,0.0,0.959,-0.129,0.664,0.409,,0.255,,,44.3,72.0,11003.0,0.87,49.0,4.6,0.3162,0.1679,0,LOW
DEF-12546,Sepoy,1,Field Outpost,39,17.3,15.0,0.45,2,0.0,0.266,0.25,0.961,1.0,0.554,0.392,6.7,0.144,,74.0,5821.0,0.71,68.0,3.3,0.595,0.4945,1,MEDIUM
DEF-12547,Sepoy,1,Field Outpost,109,13.8,17.0,0.45,1,0.0,0.307,0.019,0.556,0.572,0.894,0.375,6.3,0.19,63.2,83.0,9033.0,0.66,76.0,3.9,0.562,0.5263,1,MEDIUM
DEF-12548,Sepoy,1,Peace Station,71,31.9,4.0,0.15,4,0.0,0.248,-0.029,,0.47,0.622,0.658,6.8,0.267,52.6,71.0,9605.0,0.69,,4.3,0.3534,0.3635,1,MEDIUM
DEF-12549,Sepoy,1,High Altitude (Siachen/Ladakh),60,11.7,7.0,0.85,1,0.0,0.509,0.053,0.757,0.48,0.514,,7.0,0.269,,68.0,14003.0,0.84,60.0,2.2,0.2747,0.2522,0,LOW
DEF-12550,Sepoy,1,Peace Station,121,0.0,14.0,0.15,1,1.0,0.272,-0.001,0.166,,0.408,0.087,6.2,0.199,50.6,67.0,9205.0,0.63,61.0,2.0,0.0927,0.2875,0,LOW
DEF-12551,Sepoy,1,High Altitude (Siachen/Ladakh),108,0.0,14.0,0.85,2,1.0,0.656,0.194,0.389,0.425,0.394,0.14,,0.279,,,8881.0,,75.0,1.9,0.173,0.2653,0,LOW
DEF-12552,Havildar,2,Field Outpost,73,3.8,15.0,0.45,3,0.0,0.305,0.083,0.467,0.31,0.365,0.073,7.4,0.256,67.8,64.0,13173.0,0.74,58.0,3.1,0.0985,0.1379,0,LOW
DEF-12553,Major,4,Field Outpost,9,42.8,13.0,0.45,2,2.0,0.659,,0.66,,0.95,0.704,5.2,0.168,29.2,77.0,9019.0,,132.0,5.1,0.9535,0.7224,2,HIGH
DEF-12554,Sepoy,1,Field Outpost,65,13.7,,0.45,1,0.0,0.619,-0.09,0.274,0.285,0.46,0.482,6.5,0.286,,79.0,14648.0,0.71,,,0.4495,0.5024,1,MEDIUM
DEF-12555,Major,4,Field Outpost,83,23.4,15.0,0.45,1,0.0,,0.268,0.303,0.579,0.744,0.219,7.9,0.254,63.6,71.0,12480.0,,103.0,2.9,0.6229,0.6001,1,MEDIUM
DEF-12556,Naik,1,High Altitude (Siachen/Ladakh),17,22.6,13.0,0.85,1,0.0,0.286,-0.469,0.487,,0.615,0.441,6.4,,40.3,85.0,,0.57,118.0,4.2,0.3878,0.4018,1,MEDIUM
DEF-12557,Sepoy,1,High Altitude (Siachen/Ladakh),81,3.2,21.0,0.85,1,0.0,0.66,-0.465,0.265,0.398,0.34,0.038,6.8,0.216,65.3,,7308.0,0.85,95.0,,0.3105,0.4027,0,LOW
DEF-12558,Sepoy,1,Peace Station,124,,5.0,0.15,3,0.0,,-0.025,0.623,,0.098,0.157,6.2,0.231,,72.0,10258.0,0.8,,2.6,0.02,0.1435,0,LOW
DEF-12559,Naik,1,Counter-Insurgency,65,19.5,11.0,0.9,1,0.0,0.389,0.138,,,0.62,0.541,5.4,0.174,49.8,78.0,11176.0,0.73,77.0,3.4,0.5218,0.468,1,MEDIUM
DEF-12560,Havildar,2,Field Outpost,33,0.0,9.0,0.45,2,0.0,,,0.067,,0.162,0.015,7.0,0.17,56.7,61.0,11603.0,,23.0,2.2,0.0924,0.1285,0,LOW
DEF-12561,Havildar,2,Counter-Insurgency,10,22.3,4.0,0.9,3,0.0,0.242,,0.362,0.521,0.316,0.349,7.0,0.232,37.6,78.0,5332.0,,93.0,2.0,0.2902,0.2165,0,LOW
DEF-12562,Sepoy,1,Peace Station,82,13.0,10.0,0.15,1,0.0,0.44,,,0.615,0.558,,7.1,,,77.0,12031.0,0.62,63.0,4.0,0.1447,0.2301,0,LOW
DEF-12563,Sepoy,1,Peace Station,19,19.2,,0.15,3,0.0,0.194,-0.093,0.477,0.573,0.79,0.371,6.7,0.302,,,7931.0,0.64,127.0,2.7,0.1727,0.1113,0,LOW
DEF-12564,Sepoy,1,Field Outpost,92,16.6,16.0,0.45,3,0.0,0.129,-0.32,0.417,0.535,0.822,0.183,5.5,0.253,52.8,75.0,3101.0,0.68,63.0,3.6,0.6321,0.7097,1,MEDIUM
DEF-12565,Sepoy,1,Peace Station,168,17.0,19.0,0.15,1,,0.217,-0.235,0.627,,0.554,0.368,7.3,0.172,56.5,70.0,10700.0,,,4.1,0.1494,0.375,0,LOW
DEF-12566,Sepoy,1,Counter-Insurgency,40,14.9,12.0,0.9,3,2.0,0.593,-0.241,0.522,0.886,0.675,0.485,5.4,0.241,,72.0,,0.65,85.0,3.3,0.3851,0.3785,1,MEDIUM
DEF-12567,Sepoy,1,Peace Station,56,16.4,14.0,0.15,2,0.0,0.34,-0.116,0.413,,0.68,0.316,,,50.7,68.0,,0.72,60.0,3.1,0.1276,0.1439,0,LOW
DEF-12568,Havildar,2,Peace Station,174,14.4,18.0,0.15,2,1.0,0.34,0.031,0.273,0.21,0.348,0.294,8.2,0.221,54.8,71.0,,0.92,,2.3,0.3561,0.4744,1,MEDIUM
DEF-12569,Subedar,3,Peace Station,69,2.3,10.0,0.15,3,0.0,,0.196,,0.136,,0.0,,,53.5,64.0,8856.0,0.96,28.0,2.5,0.0279,0.0523,0,LOW
DEF-12570,Sepoy,1,Peace Station,48,10.7,15.0,0.15,3,0.0,0.595,-0.05,0.14,0.551,0.281,0.116,6.0,0.258,74.0,64.0,6134.0,0.84,,1.0,0.0682,0.1527,0,LOW
DEF-12571,Subedar,3,Field Outpost,114,32.4,11.0,0.45,2,0.0,0.437,-0.176,,0.669,0.747,0.64,6.5,0.222,36.6,73.0,7276.0,,75.0,3.0,0.8007,0.6871,2,HIGH
DEF-12572,Sepoy,1,Field Outpost,50,16.7,6.0,0.45,1,0.0,0.063,0.252,0.368,0.393,0.277,0.279,,,42.8,73.0,5970.0,,51.0,2.6,0.2805,0.2778,0,LOW
DEF-12573,Naik,1,Field Outpost,39,23.7,12.0,0.45,1,2.0,0.411,0.21,0.985,0.679,,0.677,,0.173,42.7,,5685.0,0.47,113.0,4.3,0.7322,0.587,1,MEDIUM
DEF-12574,Sepoy,1,Peace Station,91,5.6,12.0,0.15,3,0.0,,,0.649,0.387,0.257,0.266,6.7,,,74.0,9490.0,0.78,,2.5,0.104,0.1933,0,LOW
DEF-12575,Naik,1,Peace Station,120,5.5,11.0,0.15,4,0.0,,0.368,,0.326,0.325,,7.8,,63.4,70.0,10731.0,,,2.5,0.1973,0.3619,0,LOW
DEF-12576,Major,4,Peace Station,38,3.8,10.0,0.15,1,0.0,0.557,0.187,0.39,0.573,0.404,0.248,,0.247,46.3,,6073.0,0.68,96.0,2.7,0.1413,0.1864,0,LOW
DEF-12577,Naik,1,High Altitude (Siachen/Ladakh),73,2.7,15.0,0.85,1,0.0,0.341,0.133,0.762,0.86,0.561,0.353,7.0,0.221,56.2,,8697.0,0.76,63.0,,0.1019,0.1119,0,LOW
DEF-12578,Sepoy,1,High Altitude (Siachen/Ladakh),58,0.2,13.0,0.85,3,1.0,0.455,0.315,0.74,0.434,0.708,,5.9,0.254,39.7,,6229.0,0.69,66.0,3.5,0.4612,0.394,1,MEDIUM
DEF-12579,Naik,1,High Altitude (Siachen/Ladakh),64,16.0,16.0,0.85,1,0.0,0.151,0.172,0.736,,0.437,0.377,,0.181,27.3,77.0,6272.0,,69.0,3.0,0.7775,0.7191,2,HIGH
DEF-12580,Sepoy,1,Counter-Insurgency,33,11.0,10.0,0.9,1,0.0,0.726,-0.675,,0.778,0.58,0.433,5.2,0.169,,87.0,6604.0,0.7,88.0,4.4,0.5653,0.5048,1,MEDIUM
DEF-12581,Subedar,3,Counter-Insurgency,95,21.4,17.0,0.9,1,2.0,0.686,-0.332,,,0.807,0.355,6.6,0.203,35.2,81.0,1962.0,0.78,85.0,4.4,0.6929,0.5975,1,MEDIUM
DEF-12582,Naik,1,Field Outpost,148,11.4,12.0,0.45,1,0.0,0.429,-0.495,0.715,0.897,,0.36,7.9,,42.8,,,,71.0,3.8,0.5831,0.6196,1,MEDIUM
DEF-12583,Sepoy,1,Field Outpost,38,0.0,17.0,0.45,4,0.0,0.731,0.073,0.294,,0.343,0.082,6.9,,61.5,72.0,6057.0,0.75,51.0,3.3,0.1663,0.177,0,LOW
DEF-12584,Naik,1,Counter-Insurgency,95,17.8,11.0,0.9,4,0.0,0.5,0.065,0.824,0.633,0.726,0.671,4.7,0.14,41.0,88.0,9905.0,0.52,93.0,,0.8911,0.769,2,HIGH
DEF-12585,Naik,1,Field Outpost,113,0.0,19.0,0.45,1,0.0,0.465,,0.337,0.406,0.499,0.24,6.7,0.255,38.8,78.0,4010.0,0.58,89.0,2.7,0.4841,0.5636,1,MEDIUM
DEF-12586,Sepoy,1,Peace Station,73,15.8,18.0,0.15,4,0.0,0.552,0.1,,0.759,0.678,0.178,7.6,0.292,,68.0,7936.0,0.72,86.0,2.4,0.5084,0.5105,1,MEDIUM
DEF-12587,Naik,1,Field Outpost,93,7.4,7.0,0.45,1,0.0,0.604,-0.058,,0.274,,0.18,6.6,0.252,57.6,62.0,9580.0,0.81,65.0,2.4,0.5398,0.5423,1,MEDIUM
DEF-12588,Sepoy,1,Counter-Insurgency,41,16.0,10.0,0.9,3,2.0,,-0.203,,0.394,0.697,0.354,6.3,0.231,,70.0,5763.0,0.68,54.0,2.7,0.3839,0.2602,0,LOW
DEF-12589,Havildar,2,High Altitude (Siachen/Ladakh),144,1.7,11.0,0.85,1,1.0,0.341,0.278,0.554,0.536,,0.059,5.3,,47.2,68.0,7026.0,0.72,,3.5,0.0885,0.2624,0,LOW
DEF-12590,Havildar,2,Peace Station,120,20.6,14.0,0.15,3,0.0,0.389,-0.311,0.478,0.927,0.531,0.365,7.2,,45.7,76.0,11295.0,0.64,63.0,3.7,0.2805,0.4089,0,LOW
DEF-12591,Havildar,2,Counter-Insurgency,128,14.3,19.0,0.9,1,0.0,0.438,-0.023,,0.746,0.699,,6.1,0.197,50.3,86.0,5277.0,,,3.3,0.7406,0.803,2,HIGH
DEF-12592,Naik,1,Counter-Insurgency,29,11.1,13.0,0.9,1,0.0,0.185,0.03,0.401,,0.366,0.49,4.9,0.135,48.0,70.0,8469.0,0.76,71.0,3.7,0.5659,0.508,1,MEDIUM
DEF-12593,Naik,1,Peace Station,86,0.0,9.0,0.15,4,0.0,0.244,-0.088,0.331,0.238,,,8.3,0.305,74.1,,10048.0,0.98,31.0,2.4,0.0393,0.01,0,LOW
DEF-12594,Sepoy,1,Counter-Insurgency,43,29.4,13.0,0.9,1,0.0,,0.032,0.67,0.84,,0.697,,,,85.0,4581.0,0.48,112.0,2.5,0.7019,0.5996,1,MEDIUM
DEF-12595,Havildar,2,Counter-Insurgency,151,6.3,17.0,0.9,4,0.0,0.36,-0.403,0.566,,0.361,0.216,,0.168,57.3,72.0,,1.0,51.0,3.7,0.1998,0.4941,0,LOW
DEF-12596,Sepoy,1,Peace Station,38,16.2,10.0,0.15,1,,0.398,-0.373,0.768,0.392,0.597,0.293,7.2,,51.3,,8924.0,,39.0,2.6,0.117,0.1677,0,LOW
DEF-12597,Naik,1,High Altitude (Siachen/Ladakh),74,5.9,,0.85,1,1.0,0.594,0.13,0.366,0.397,0.642,0.182,5.9,,45.9,,11103.0,0.97,81.0,3.5,0.4361,0.428,1,MEDIUM
DEF-12598,Sepoy,1,Peace Station,14,46.1,8.0,0.15,3,0.0,,0.044,0.758,0.536,0.889,0.666,5.6,0.29,43.0,69.0,11873.0,0.69,,1.9,0.8381,0.6098,2,HIGH
DEF-12599,Sepoy,1,High Altitude (Siachen/Ladakh),74,15.3,,0.85,2,0.0,0.093,-0.065,0.288,0.448,0.168,0.276,7.9,0.216,,62.0,10095.0,0.72,66.0,2.4,0.3004,0.3169,0,LOW
DEF-12600,Naik,1,Counter-Insurgency,29,8.8,,0.9,2,1.0,0.262,-0.321,0.402,0.665,,0.175,6.9,0.273,43.4,70.0,5830.0,,54.0,,0.271,0.2762,0,LOW
DEF-12601,Sepoy,1,Field Outpost,89,19.1,8.0,0.45,1,0.0,0.377,-0.343,0.654,0.54,0.588,0.513,5.1,,,80.0,11736.0,,77.0,4.4,0.8663,0.6918,2,HIGH
DEF-12602,Havildar,2,Field Outpost,59,20.4,15.0,0.45,2,1.0,0.576,-0.15,0.544,0.751,0.761,0.413,6.0,0.196,46.7,,9085.0,,,4.8,0.6898,0.5981,1,MEDIUM
DEF-12603,Sepoy,1,Counter-Insurgency,51,17.4,10.0,0.9,1,0.0,0.235,-0.0,,0.269,0.643,0.338,6.5,0.245,55.1,70.0,10142.0,0.78,45.0,3.4,0.1438,0.1563,0,LOW
DEF-12604,Sepoy,1,Counter-Insurgency,153,11.3,14.0,0.9,2,0.0,0.159,,0.108,,0.144,0.23,6.8,0.307,,,8045.0,0.85,26.0,,0.1645,0.2569,0,LOW
DEF-12605,Naik,1,Peace Station,204,17.7,14.0,0.15,2,1.0,0.002,,0.366,,0.607,,6.3,0.184,53.0,77.0,10196.0,,53.0,2.9,0.196,0.3513,0,LOW
DEF-12606,Sepoy,1,Counter-Insurgency,23,12.7,9.0,0.9,2,0.0,0.483,-0.29,0.713,,0.842,0.625,6.8,,,,12745.0,0.64,107.0,3.2,0.5568,0.4411,1,MEDIUM
DEF-12607,Sepoy,1,Peace Station,52,13.8,14.0,0.15,4,0.0,0.49,-0.332,0.394,0.323,0.928,0.259,5.1,0.25,62.5,73.0,8819.0,0.86,95.0,,0.4586,0.3717,1,MEDIUM
DEF-12608,Havildar,2,Peace Station,104,7.3,16.0,0.15,2,0.0,0.143,0.124,0.346,,0.415,0.27,7.0,0.253,56.1,71.0,13302.0,,74.0,1.8,0.0894,0.2638,0,LOW
DEF-12609,Sepoy,1,High Altitude (Siachen/Ladakh),80,1.6,11.0,0.85,1,0.0,0.368,0.371,0.577,0.177,0.686,0.285,7.1,,,64.0,11490.0,0.81,40.0,3.0,0.1223,0.1365,0,LOW
DEF-12610,Havildar,2,High Altitude (Siachen/Ladakh),101,18.8,14.0,0.85,1,0.0,0.277,-0.54,0.894,0.666,0.652,0.722,5.9,0.161,28.6,,12266.0,0.75,80.0,4.2,0.7118,0.6832,2,HIGH
DEF-12611,Sepoy,1,High Altitude (Siachen/Ladakh),61,19.2,10.0,0.85,2,4.0,0.479,0.07,0.506,,0.579,0.354,,,,72.0,10218.0,0.71,59.0,2.9,0.3062,0.1949,0,LOW
DEF-12612,Sepoy,1,Peace Station,123,25.0,11.0,0.15,1,0.0,0.701,0.373,0.341,0.616,0.739,,6.7,0.258,,65.0,9103.0,0.51,51.0,2.6,0.2125,0.3597,0,LOW
DEF-12613,Havildar,2,Peace Station,72,,,0.15,1,0.0,0.328,-0.235,,0.846,0.372,0.3,6.0,0.197,56.2,69.0,,0.59,,,0.3291,0.3757,0,LOW
DEF-12614,Sepoy,1,Counter-Insurgency,83,12.2,8.0,0.9,3,0.0,0.531,0.029,0.392,0.646,0.357,0.314,6.9,,59.4,79.0,9248.0,0.83,65.0,3.1,0.0793,0.1328,0,LOW
DEF-12615,Sepoy,1,Peace Station,29,2.0,8.0,0.15,3,0.0,0.685,0.205,,0.383,0.339,0.184,7.3,0.329,,66.0,2572.0,,38.0,1.4,0.0324,0.0154,0,LOW
DEF-12616,Sepoy,1,Peace Station,68,13.7,15.0,0.15,2,1.0,0.693,,0.363,0.337,0.329,0.329,,0.289,61.2,68.0,8999.0,,46.0,2.5,0.165,0.2736,0,LOW
DEF-12617,Sepoy,1,High Altitude (Siachen/Ladakh),105,17.1,10.0,0.85,2,0.0,0.442,-0.189,0.68,0.618,0.717,0.351,,0.244,46.6,63.0,,0.74,59.0,2.7,0.2173,0.278,0,LOW
DEF-12618,Havildar,2,Field Outpost,78,0.0,13.0,0.45,2,0.0,0.459,-0.228,0.476,0.57,0.391,0.309,,0.217,41.1,67.0,11864.0,,80.0,2.9,0.236,0.2459,0,LOW
DEF-12619,Sepoy,1,Field Outpost,70,23.1,20.0,0.45,2,0.0,0.633,-0.101,0.563,0.501,0.29,,4.9,0.265,45.8,,6968.0,,51.0,1.3,0.6352,0.4948,1,MEDIUM
DEF-12620,Havildar,2,Peace Station,86,7.9,15.0,0.15,3,3.0,,-0.086,0.583,0.457,0.349,0.38,7.0,0.185,43.7,,6934.0,0.81,59.0,2.7,0.2814,0.3043,0,LOW
DEF-12621,Subedar,3,Counter-Insurgency,72,12.3,10.0,0.9,3,,0.15,-0.362,0.752,0.744,0.495,0.478,4.9,0.172,27.7,76.0,12916.0,0.72,83.0,4.0,0.7308,0.6104,2,HIGH
DEF-12622,Sepoy,1,Counter-Insurgency,63,19.1,13.0,0.9,1,0.0,0.319,0.08,0.439,0.763,0.795,0.447,6.5,,30.2,74.0,8918.0,,68.0,3.2,0.7662,0.6496,2,HIGH
DEF-12623,Subedar,3,Peace Station,106,13.9,14.0,0.15,3,0.0,0.545,-0.611,0.571,0.448,0.696,0.444,6.6,0.164,50.1,78.0,,,133.0,3.9,0.6415,0.6697,1,MEDIUM
DEF-12624,Sepoy,1,Field Outpost,60,25.9,10.0,0.45,3,0.0,0.649,-0.552,0.724,0.561,0.742,0.816,5.0,0.121,24.4,78.0,,0.67,73.0,3.7,0.9011,0.7766,2,HIGH
DEF-12625,Major,4,Peace Station,28,19.3,13.0,0.15,1,0.0,0.21,-0.187,0.665,0.526,0.589,0.391,6.2,0.214,38.8,73.0,10599.0,0.51,,3.6,0.2064,0.2367,0,LOW
DEF-12626,Sepoy,1,High Altitude (Siachen/Ladakh),149,12.7,15.0,0.85,1,0.0,0.582,,,0.395,0.647,0.223,5.6,0.333,,76.0,6956.0,0.76,66.0,,0.3829,0.4833,1,MEDIUM
DEF-12627,Naik,1,Peace Station,44,0.0,10.0,0.15,3,0.0,0.606,0.173,,0.415,0.352,0.145,6.2,0.189,59.7,68.0,7603.0,0.75,86.0,2.5,0.1457,0.2134,0,LOW
DEF-12628,Naik,1,High Altitude (Siachen/Ladakh),22,22.5,12.0,0.85,2,0.0,0.355,-0.163,,0.583,,0.572,6.2,0.25,62.4,82.0,6314.0,,109.0,4.1,0.3665,0.2993,0,LOW
DEF-12629,Sepoy,1,Field Outpost,92,,11.0,0.45,3,0.0,0.115,-0.11,0.396,0.398,0.747,0.168,6.0,0.199,49.5,69.0,,,90.0,2.3,0.2644,0.3909,0,LOW
DEF-12630,Naik,1,Field Outpost,160,21.2,10.0,0.45,1,0.0,0.254,0.059,0.193,,0.409,0.338,6.6,0.227,46.8,71.0,10710.0,,42.0,1.9,0.2506,0.247,0,LOW
DEF-12631,Havildar,2,Counter-Insurgency,94,,10.0,0.9,1,0.0,0.14,,0.438,0.456,0.578,0.371,,0.232,44.5,73.0,11379.0,,101.0,3.4,0.6156,0.4737,1,MEDIUM
DEF-12632,Sepoy,1,Field Outpost,137,12.3,12.0,0.45,1,0.0,0.268,-0.385,0.327,0.595,0.354,0.143,,0.276,,67.0,7490.0,0.63,117.0,3.7,0.109,0.2058,0,LOW
DEF-12633,Sepoy,1,High Altitude (Siachen/Ladakh),35,,16.0,0.85,2,,0.152,-0.059,0.511,0.591,,0.428,5.5,0.244,,71.0,8086.0,0.64,64.0,4.5,0.6743,0.5293,1,MEDIUM
DEF-12634,Havildar,2,Field Outpost,28,18.4,13.0,0.45,2,0.0,0.389,-0.469,0.574,0.688,,0.411,6.0,0.224,58.1,74.0,13119.0,0.67,,3.5,0.3502,0.3293,0,LOW
DEF-12635,Naik,1,Peace Station,52,16.8,7.0,0.15,3,0.0,0.404,-0.138,0.511,0.681,,0.582,6.3,,58.0,81.0,6399.0,0.66,60.0,1.7,0.5191,0.3591,1,MEDIUM
DEF-12636,Major,4,Field Outpost,118,0.0,9.0,0.45,3,0.0,0.721,0.152,0.547,0.281,0.365,0.0,8.5,0.17,49.4,,7372.0,,44.0,2.5,0.1744,0.2616,0,LOW
DEF-12637,Havildar,2,Field Outpost,89,14.3,7.0,0.45,4,0.0,0.398,-0.26,,,0.421,0.322,5.8,0.285,38.0,,,,56.0,2.9,0.3352,0.3518,0,LOW
DEF-12638,Major,4,Field Outpost,93,3.4,10.0,0.45,1,0.0,0.249,0.015,0.069,0.425,0.218,0.057,7.1,,48.1,59.0,6829.0,0.92,46.0,2.5,0.1122,0.2428,0,LOW
DEF-12639,Havildar,2,High Altitude (Siachen/Ladakh),70,4.7,7.0,0.85,1,,0.385,-0.272,,1.0,,,6.1,,44.5,66.0,,0.77,73.0,2.5,0.3225,0.2711,0,LOW
DEF-12640,Sepoy,1,Field Outpost,53,10.9,13.0,0.45,1,0.0,0.279,-0.264,0.454,,0.229,0.115,7.8,0.325,57.5,62.0,10213.0,0.67,115.0,1.7,0.0768,0.1347,0,LOW
DEF-12641,Sepoy,1,Counter-Insurgency,72,26.4,13.0,0.9,2,0.0,0.173,0.167,,0.567,0.748,0.675,5.4,0.143,,75.0,7028.0,0.66,,3.8,0.925,0.7392,2,HIGH
DEF-12642,Havildar,2,Field Outpost,59,17.1,11.0,0.45,1,0.0,0.481,0.07,0.349,0.34,0.884,0.214,6.5,0.187,51.1,67.0,10853.0,0.79,82.0,3.4,0.2673,0.3477,0,LOW
DEF-12643,Naik,1,Peace Station,50,17.7,7.0,0.15,2,2.0,0.313,,0.862,,,0.691,7.2,0.188,38.4,,,,65.0,2.8,0.4392,0.3023,1,MEDIUM
DEF-12644,Sepoy,1,Peace Station,82,20.5,17.0,0.15,1,0.0,0.299,-0.202,,,0.487,0.333,7.4,,,66.0,13732.0,,53.0,4.3,0.1506,0.3354,0,LOW
DEF-12645,Sepoy,1,Counter-Insurgency,55,6.6,10.0,0.9,1,0.0,0.023,0.126,0.649,0.225,0.356,0.034,8.0,0.277,55.1,64.0,,,74.0,2.3,0.1711,0.1614,0,LOW
DEF-12646,Major,4,Peace Station,76,0.6,22.0,0.15,2,0.0,0.221,-0.131,,0.43,,0.068,,0.149,65.2,,11353.0,0.81,44.0,3.3,0.253,0.3958,0,LOW
DEF-12647,Naik,1,Peace Station,15,0.0,16.0,0.15,1,0.0,0.771,0.611,,0.115,0.632,0.0,7.5,,64.3,60.0,13751.0,,,1.7,0.1079,0.1065,0,LOW
DEF-12648,Sepoy,1,Peace Station,72,16.0,10.0,0.15,3,0.0,0.19,-0.485,0.36,0.364,0.239,0.241,7.4,0.182,58.5,74.0,3478.0,0.8,67.0,2.9,0.1275,0.1327,0,LOW
DEF-12649,Naik,1,Field Outpost,55,22.4,,0.45,3,1.0,0.428,-0.391,0.61,0.282,0.499,,7.9,0.24,54.4,72.0,6048.0,0.69,46.0,2.7,0.3365,0.3164,0,LOW
DEF-12650,Sepoy,1,Field Outpost,141,21.8,8.0,0.45,1,0.0,0.792,-0.485,,,0.305,0.424,7.9,,,71.0,,0.61,79.0,3.5,0.268,0.2956,0,LOW
DEF-12651,Sepoy,1,Peace Station,22,6.9,9.0,0.15,3,0.0,,0.393,0.154,0.394,0.154,0.011,,,58.7,61.0,9982.0,,29.0,,0.077,0.1467,0,LOW
DEF-12652,Sepoy,1,Field Outpost,69,25.5,16.0,0.45,2,2.0,0.407,,0.298,0.73,0.381,0.286,5.5,,59.4,72.0,8388.0,0.87,46.0,,0.2347,0.2487,0,LOW
DEF-12653,Sepoy,1,Field Outpost,105,31.4,13.0,0.45,2,0.0,0.521,-0.131,0.537,0.867,0.685,,6.5,0.212,,71.0,8621.0,0.68,107.0,3.8,0.621,0.5691,1,MEDIUM
DEF-12654,Havildar,2,High Altitude (Siachen/Ladakh),60,19.2,15.0,0.85,1,0.0,0.032,,0.855,0.518,0.494,0.309,6.6,0.263,53.6,,5982.0,,,2.7,0.2376,0.3705,0,LOW
DEF-12655,Sepoy,1,High Altitude (Siachen/Ladakh),54,26.6,12.0,0.85,3,0.0,,0.138,0.677,0.591,0.362,0.488,7.0,0.244,51.7,79.0,,,57.0,4.2,0.5223,0.4169,1,MEDIUM
DEF-12656,Havildar,2,High Altitude (Siachen/Ladakh),105,21.4,14.0,0.85,1,0.0,0.213,0.077,0.783,,,0.577,6.6,0.251,50.7,,14903.0,0.6,81.0,3.3,0.3899,0.5583,1,MEDIUM
DEF-12657,Subedar,3,Field Outpost,88,12.0,10.0,0.45,1,1.0,,-0.055,,0.826,0.586,0.298,,0.259,57.0,62.0,11831.0,,52.0,3.2,0.4588,0.5106,1,MEDIUM
DEF-12658,Sepoy,1,Peace Station,91,8.4,12.0,0.15,1,0.0,0.014,,0.188,,0.576,,7.9,0.237,,,,0.86,67.0,1.9,0.1983,0.3375,0,LOW
DEF-12659,Naik,1,High Altitude (Siachen/Ladakh),50,0.3,,0.85,2,0.0,0.268,,0.407,0.614,,0.226,7.6,0.208,46.3,66.0,10337.0,0.68,,3.0,0.101,0.1977,0,LOW
DEF-12660,Naik,1,Peace Station,46,10.2,16.0,0.15,2,1.0,0.302,-0.444,0.291,0.468,0.324,0.11,6.8,,62.9,67.0,4962.0,,39.0,2.4,0.1063,0.1524,0,LOW
DEF-12661,Subedar,3,Field Outpost,76,12.0,13.0,0.45,3,0.0,,-0.017,0.527,0.398,0.421,0.237,6.1,0.244,40.7,71.0,4525.0,0.57,80.0,3.4,0.5416,0.4803,1,MEDIUM
DEF-12662,Sepoy,1,Counter-Insurgency,110,12.2,11.0,0.9,3,0.0,0.651,-0.123,0.341,0.575,0.632,,5.9,0.221,,71.0,1605.0,0.57,54.0,3.3,0.3914,0.4456,1,MEDIUM
DEF-12663,Naik,1,Counter-Insurgency,25,13.0,15.0,0.9,4,0.0,0.31,,1.0,0.685,,0.23,5.1,0.195,47.9,72.0,14345.0,,91.0,4.5,0.4952,0.4257,1,MEDIUM
DEF-12664,Naik,1,Counter-Insurgency,62,0.0,14.0,0.9,3,1.0,0.555,-0.149,0.501,0.604,0.338,0.152,6.0,0.278,38.3,64.0,7877.0,,84.0,3.2,0.1889,0.2923,0,LOW
DEF-12665,Sepoy,1,Counter-Insurgency,48,20.6,13.0,0.9,1,0.0,0.71,-0.615,1.0,0.56,0.714,0.224,6.5,0.276,58.2,,11828.0,0.81,77.0,3.8,0.687,0.6132,1,MEDIUM
DEF-12666,Sepoy,1,Counter-Insurgency,66,,22.0,0.9,2,0.0,0.411,-0.403,,0.909,0.41,,5.1,0.195,,74.0,6922.0,,76.0,,0.9228,0.8735,2,HIGH
DEF-12667,Naik,1,High Altitude (Siachen/Ladakh),100,17.2,8.0,0.85,2,1.0,0.471,0.215,,0.571,0.625,0.237,5.2,0.159,51.6,80.0,9623.0,,63.0,,0.4052,0.3824,1,MEDIUM
DEF-12668,Havildar,2,Peace Station,38,4.1,13.0,0.15,2,0.0,0.463,0.192,0.265,0.442,0.518,0.314,7.2,0.174,46.3,73.0,,,51.0,2.2,0.3067,0.1783,0,LOW
DEF-12669,Sepoy,1,Counter-Insurgency,93,,18.0,0.9,2,0.0,0.231,-0.201,0.766,1.0,0.749,0.591,,0.175,48.6,76.0,8024.0,,95.0,4.8,0.76,0.7804,2,HIGH
DEF-12670,Naik,1,Counter-Insurgency,51,14.2,16.0,0.9,3,0.0,0.187,-0.171,,,0.611,,,0.267,36.4,,6528.0,0.71,,3.2,0.6613,0.5866,1,MEDIUM
DEF-12671,Sepoy,1,Peace Station,120,18.0,10.0,0.15,1,0.0,0.566,,,0.607,0.384,0.41,,0.155,49.2,69.0,3788.0,0.85,60.0,,0.225,0.2869,0,LOW
DEF-12672,Havildar,2,Field Outpost,39,27.2,9.0,0.45,3,0.0,0.489,0.246,0.622,0.298,0.68,0.467,7.3,0.155,40.8,67.0,9551.0,0.78,66.0,2.5,0.7581,0.5605,1,MEDIUM
DEF-12673,Sepoy,1,Peace Station,109,12.5,19.0,0.15,1,1.0,0.359,0.231,0.547,0.349,0.37,0.122,,0.237,,,8562.0,0.73,43.0,3.3,0.3789,0.5019,1,MEDIUM
DEF-12674,Subedar,3,Counter-Insurgency,27,15.5,13.0,0.9,1,0.0,0.19,-0.019,,0.782,0.561,,7.1,0.215,41.8,70.0,7084.0,0.68,66.0,1.7,0.4223,0.2948,1,MEDIUM
DEF-12675,Sepoy,1,Field Outpost,73,6.7,,0.45,2,0.0,0.641,-0.572,0.623,0.623,0.596,0.323,7.2,0.293,59.2,75.0,5625.0,,60.0,,0.1626,0.1905,0,LOW
DEF-12676,Sepoy,1,Peace Station,94,21.8,13.0,0.15,2,0.0,0.041,0.129,0.344,0.4,0.39,0.384,5.9,0.236,47.3,67.0,7260.0,,,2.2,0.3669,0.4036,1,MEDIUM
DEF-12677,Sepoy,1,Peace Station,40,20.0,16.0,0.15,1,1.0,0.192,-0.362,0.968,0.488,0.559,0.643,6.7,0.195,,,12281.0,0.55,98.0,4.6,0.8043,0.6826,2,HIGH
DEF-12678,Sepoy,1,Counter-Insurgency,12,15.8,9.0,0.9,2,,0.501,-0.411,,0.469,0.347,0.418,6.5,,,70.0,6824.0,0.63,99.0,4.1,0.4143,0.2439,0,LOW
DEF-12679,Naik,1,Field Outpost,49,,10.0,0.45,2,0.0,0.524,0.117,0.273,0.552,0.23,0.195,6.7,,55.0,66.0,14208.0,0.73,58.0,2.8,0.2012,0.137,0,LOW
DEF-12680,Sepoy,1,Field Outpost,67,8.2,18.0,0.45,1,0.0,0.258,,0.86,0.671,0.823,0.503,6.8,0.217,33.4,68.0,1200.0,,79.0,3.1,0.5,0.4759,1,MEDIUM
DEF-12681,Havildar,2,Field Outpost,54,0.0,16.0,0.45,3,1.0,0.038,-0.074,0.834,0.941,0.764,0.394,6.9,0.196,60.4,75.0,,,98.0,3.1,0.5174,0.4861,1,MEDIUM
DEF-12682,Sepoy,1,Peace Station,46,8.1,10.0,0.15,1,0.0,0.205,-0.082,,,0.541,0.051,7.3,0.241,,73.0,11921.0,0.73,45.0,1.7,0.1744,0.1394,0,LOW
DEF-12683,Sepoy,1,Peace Station,106,20.0,12.0,0.15,3,0.0,0.704,-0.31,0.498,,0.581,0.352,5.9,0.257,59.8,,9038.0,0.99,66.0,2.3,0.5042,0.5698,1,MEDIUM
DEF-12684,Sepoy,1,Field Outpost,127,17.4,12.0,0.45,1,0.0,,0.528,,0.296,0.167,0.257,7.5,,38.6,62.0,5593.0,0.68,44.0,,0.3297,0.4372,1,MEDIUM
DEF-12685,Sepoy,1,Field Outpost,123,15.4,9.0,0.45,2,0.0,0.515,,0.356,0.139,0.28,0.222,6.5,0.329,,62.0,11236.0,,90.0,3.0,0.2113,0.3707,0,LOW
DEF-12686,Sepoy,1,Field Outpost,86,,13.0,0.45,3,0.0,0.089,-0.265,0.466,0.532,0.552,0.573,7.0,0.231,,,9914.0,0.65,,2.9,0.2441,0.3605,0,LOW
DEF-12687,Sepoy,1,Field Outpost,92,16.6,6.0,0.45,3,1.0,0.426,,0.396,0.536,0.577,,,0.306,64.2,66.0,,,59.0,2.4,0.0944,0.1214,0,LOW
DEF-12688,Naik,1,Peace Station,36,9.1,18.0,0.15,3,0.0,0.217,,,0.357,0.457,0.139,7.0,0.208,63.0,65.0,,,69.0,2.4,0.17,0.2253,0,LOW
DEF-12689,Sepoy,1,Counter-Insurgency,63,8.1,13.0,0.9,1,0.0,0.066,0.028,0.687,0.489,0.311,0.25,6.8,0.285,38.1,70.0,8060.0,0.79,52.0,2.9,0.2836,0.3128,0,LOW
DEF-12690,Naik,1,Peace Station,70,12.0,14.0,0.15,1,0.0,0.198,,0.609,0.341,0.327,,7.4,,47.1,73.0,4626.0,0.65,50.0,3.7,0.2463,0.2666,0,LOW
DEF-12691,Naik,1,Peace Station,78,,13.0,0.15,2,0.0,0.559,0.159,0.185,0.816,0.23,0.211,8.0,0.247,76.3,72.0,7213.0,0.69,65.0,2.5,0.0721,0.1049,0,LOW
DEF-12692,Sepoy,1,Peace Station,77,22.1,10.0,0.15,2,0.0,0.439,-0.254,0.659,0.348,0.594,0.355,7.9,0.328,,74.0,9621.0,0.91,58.0,2.5,0.2934,0.3441,0,LOW
DEF-12693,Naik,1,Peace Station,67,17.6,13.0,0.15,4,0.0,0.658,-0.2,0.357,0.3,0.253,0.288,6.7,0.281,66.0,66.0,14959.0,1.0,59.0,2.8,0.1149,0.1814,0,LOW
DEF-12694,Major,4,Peace Station,85,11.3,13.0,0.15,1,0.0,0.489,,0.578,0.556,,0.325,7.0,0.265,56.4,,9085.0,0.62,65.0,3.6,0.1399,0.131,0,LOW
DEF-12695,Naik,1,Field Outpost,75,11.6,16.0,0.45,2,0.0,0.441,-0.058,,0.538,0.386,0.739,6.4,0.233,45.1,72.0,9671.0,,70.0,3.1,0.374,0.4101,1,MEDIUM
DEF-12696,Naik,1,High Altitude (Siachen/Ladakh),75,20.0,17.0,0.85,2,,0.185,0.325,0.707,0.815,,0.535,,0.186,32.8,,,0.52,,3.7,0.9254,0.8519,2,HIGH
DEF-12697,Sepoy,1,Peace Station,42,22.6,8.0,0.15,3,4.0,0.467,-0.363,0.681,0.42,0.44,0.396,6.5,0.262,44.0,66.0,9178.0,0.64,92.0,3.0,0.3442,0.2656,0,LOW
DEF-12698,Havildar,2,Field Outpost,30,0.0,16.0,0.45,1,0.0,,,0.302,0.291,0.754,,6.8,0.293,57.6,69.0,13024.0,,43.0,,0.0769,0.1505,0,LOW
DEF-12699,Havildar,2,Counter-Insurgency,78,12.5,7.0,0.9,4,1.0,0.486,,0.33,0.553,0.336,0.382,,0.239,48.2,61.0,6050.0,0.73,107.0,3.5,0.5338,0.459,1,MEDIUM
DEF-12700,Naik,1,Peace Station,50,14.8,12.0,0.15,2,0.0,0.305,-0.446,0.499,0.433,0.646,0.265,6.1,0.198,52.2,68.0,,0.67,53.0,,0.1773,0.1703,0,LOW
DEF-12701,Major,4,High Altitude (Siachen/Ladakh),43,18.7,7.0,0.85,3,0.0,0.304,-0.331,0.65,0.55,,,4.7,0.203,37.7,,13024.0,0.58,99.0,4.7,0.7367,0.4857,1,MEDIUM
DEF-12702,Sepoy,1,Peace Station,96,15.0,15.0,0.15,2,0.0,0.65,,0.431,0.444,0.347,,6.1,0.205,,70.0,4672.0,0.75,76.0,2.9,0.3726,0.4943,1,MEDIUM
DEF-12703,Sepoy,1,Peace Station,63,17.5,10.0,0.15,3,0.0,0.151,-0.121,0.657,0.545,,,4.6,0.17,,64.0,9781.0,,100.0,3.5,0.8332,0.6502,2,HIGH
DEF-12704,Havildar,2,Field Outpost,137,12.0,14.0,0.45,1,0.0,0.569,-0.218,0.59,0.445,0.267,0.336,,,53.8,70.0,8561.0,0.74,87.0,4.1,0.5914,0.5571,1,MEDIUM
DEF-12705,Havildar,2,Peace Station,90,7.2,12.0,0.15,3,0.0,0.861,0.101,0.268,,0.617,0.049,5.8,,62.1,61.0,7111.0,0.83,36.0,4.2,0.1182,0.0982,0,LOW
DEF-12706,Sepoy,1,Counter-Insurgency,40,20.7,12.0,0.9,2,0.0,0.413,0.343,0.344,,0.839,0.297,,0.189,,71.0,9086.0,,64.0,2.8,0.2778,0.1776,0,LOW
DEF-12707,Sepoy,1,Peace Station,97,20.9,,0.15,2,0.0,0.595,-0.093,0.76,,0.396,,6.8,0.229,60.6,,10060.0,0.63,56.0,3.4,0.4628,0.4898,1,MEDIUM
DEF-12708,Sepoy,1,Field Outpost,83,19.5,17.0,0.45,1,0.0,0.511,,0.635,0.672,0.314,0.352,7.5,0.215,,64.0,,0.69,62.0,3.2,0.1424,0.3109,0,LOW
DEF-12709,Sepoy,1,Field Outpost,39,21.1,13.0,0.45,3,0.0,0.089,0.304,0.81,,0.763,0.588,5.6,0.222,44.5,,12687.0,,63.0,3.7,0.5435,0.4407,1,MEDIUM
DEF-12710,Havildar,2,Peace Station,46,5.7,9.0,0.15,1,0.0,0.476,0.073,0.322,0.711,0.53,0.103,,,64.8,,6343.0,0.65,49.0,3.9,0.0969,0.0418,0,LOW
DEF-12711,Naik,1,High Altitude (Siachen/Ladakh),94,9.7,11.0,0.85,1,1.0,0.275,-0.475,0.567,0.578,,0.535,,0.246,47.7,81.0,5092.0,0.56,,4.5,0.5382,0.4817,1,MEDIUM
DEF-12712,Sepoy,1,Field Outpost,18,23.5,14.0,0.45,1,0.0,0.303,-0.046,0.504,0.552,0.556,0.629,5.5,,41.7,81.0,9869.0,,101.0,3.4,0.8348,0.6927,2,HIGH
DEF-12713,Sepoy,1,High Altitude (Siachen/Ladakh),13,17.0,14.0,0.85,1,0.0,,,,0.295,0.216,0.273,7.5,0.302,61.4,62.0,10261.0,0.88,29.0,,0.1525,0.1605,0,LOW
DEF-12714,Sepoy,1,High Altitude (Siachen/Ladakh),72,14.5,8.0,0.85,2,2.0,0.137,-0.259,,0.422,0.381,0.191,,,,74.0,,0.86,48.0,3.4,0.1607,0.1656,0,LOW
DEF-12715,Sepoy,1,Peace Station,69,11.9,6.0,0.15,1,0.0,0.327,-0.099,0.427,0.321,0.148,0.252,,0.251,50.5,70.0,,,56.0,2.2,0.1607,0.1097,0,LOW
DEF-12716,Naik,1,Field Outpost,76,24.8,12.0,0.45,1,0.0,0.549,-0.238,0.539,0.413,0.525,,,,40.1,73.0,13140.0,0.63,,3.0,0.6813,0.6123,1,MEDIUM
DEF-12717,Major,4,Peace Station,69,0.0,20.0,0.15,1,3.0,0.366,-0.124,0.141,0.362,,0.15,7.9,0.28,49.2,65.0,9780.0,,56.0,2.7,0.0279,0.1165,0,LOW
DEF-12718,Havildar,2,Peace Station,84,16.5,15.0,0.15,2,0.0,0.298,-0.226,0.644,0.68,0.511,0.299,7.4,0.221,67.2,67.0,,,,,0.2324,0.3368,0,LOW
DEF-12719,Sepoy,1,Peace Station,128,13.4,9.0,0.15,2,,0.258,,0.341,0.433,0.454,0.203,,0.254,,66.0,5067.0,,35.0,3.5,0.1095,0.2187,0,LOW
DEF-12720,Subedar,3,Counter-Insurgency,66,3.4,22.0,0.9,1,0.0,0.205,-0.636,0.694,0.793,0.627,0.669,6.2,0.256,58.0,73.0,16209.0,0.58,74.0,4.0,0.6427,0.5235,1,MEDIUM
DEF-12721,Havildar,2,Field Outpost,24,27.7,12.0,0.45,2,0.0,0.437,-0.661,0.884,0.507,0.705,0.636,,0.115,32.5,81.0,3275.0,0.67,85.0,4.6,0.7301,0.5921,1,MEDIUM
DEF-12722,Havildar,2,Peace Station,17,0.0,10.0,0.15,2,4.0,0.801,0.228,0.3,0.415,,0.196,7.6,,61.9,,11153.0,0.74,,2.7,0.0779,0.1034,0,LOW
DEF-12723,Naik,1,Peace Station,53,15.0,12.0,0.15,3,0.0,0.413,0.035,0.644,0.122,0.426,0.164,6.9,0.343,63.4,68.0,7063.0,,61.0,2.5,0.127,0.2104,0,LOW
DEF-12724,Sepoy,1,Peace Station,54,18.5,10.0,0.15,1,0.0,0.458,-0.072,0.692,0.548,0.423,,6.1,0.227,52.3,71.0,10945.0,0.67,52.0,,0.2423,0.2049,0,LOW
DEF-12725,Sepoy,1,Peace Station,27,5.7,12.0,0.15,3,0.0,0.115,,0.416,0.391,0.434,,6.9,,60.0,60.0,6463.0,,80.0,1.6,0.2573,0.1337,0,LOW
DEF-12726,Sepoy,1,Field Outpost,11,16.4,9.0,0.45,1,0.0,0.006,,0.431,0.407,0.73,0.481,7.3,,,,5649.0,,58.0,3.0,0.6186,0.4917,1,MEDIUM
DEF-12727,Sepoy,1,Peace Station,51,12.1,12.0,0.15,3,0.0,0.172,,0.669,0.405,0.404,0.246,5.9,0.235,,,,,49.0,3.2,0.3816,0.3484,1,MEDIUM
DEF-12728,Sepoy,1,Peace Station,159,22.4,,0.15,2,3.0,0.572,0.036,0.143,0.403,0.412,,7.0,0.186,,68.0,11423.0,,,3.2,0.278,0.3463,0,LOW
DEF-12729,Naik,1,High Altitude (Siachen/Ladakh),82,43.9,8.0,0.85,1,1.0,0.219,-0.433,,1.0,1.0,0.85,4.8,0.201,20.4,91.0,,0.53,,4.8,0.98,0.7815,2,HIGH
DEF-12730,Havildar,2,Counter-Insurgency,78,16.9,9.0,0.9,2,0.0,0.222,,0.579,0.418,,0.358,5.1,0.3,43.8,69.0,10682.0,,71.0,2.2,0.5472,0.5301,1,MEDIUM
DEF-12731,Naik,1,Field Outpost,59,19.1,,0.45,3,0.0,0.205,0.226,0.291,0.684,0.329,0.401,6.1,,55.1,71.0,,,85.0,,0.1213,0.215,0,LOW
DEF-12732,Sepoy,1,High Altitude (Siachen/Ladakh),53,5.7,14.0,0.85,2,0.0,0.577,,0.611,,0.653,0.24,6.3,,,,10281.0,0.7,53.0,3.2,0.3672,0.4354,1,MEDIUM
DEF-12733,Major,4,Peace Station,87,15.8,11.0,0.15,2,0.0,0.486,,,0.288,,0.272,,0.279,59.7,62.0,12329.0,,71.0,2.0,0.1743,0.235,0,LOW
DEF-12734,Major,4,High Altitude (Siachen/Ladakh),29,10.8,14.0,0.85,1,0.0,0.577,0.162,0.637,0.384,0.467,0.261,6.7,,50.8,63.0,3214.0,0.76,76.0,2.4,0.4924,0.4151,1,MEDIUM
DEF-12735,Havildar,2,Peace Station,182,,9.0,0.15,4,0.0,0.906,0.183,,0.561,0.945,0.389,5.7,0.289,38.5,72.0,,0.79,104.0,3.0,0.3047,0.3862,0,LOW
DEF-12736,Colonel,4,High Altitude (Siachen/Ladakh),31,1.9,10.0,0.85,3,0.0,0.398,-0.1,0.578,0.336,0.405,0.035,6.1,0.282,46.0,68.0,11255.0,0.65,81.0,,0.4446,0.3952,1,MEDIUM
DEF-12737,Naik,1,Counter-Insurgency,92,4.9,9.0,0.9,1,0.0,0.679,-0.609,0.729,0.442,0.994,0.403,5.1,,46.8,74.0,,0.51,69.0,4.0,0.4748,0.5306,1,MEDIUM
DEF-12738,Major,4,High Altitude (Siachen/Ladakh),33,24.0,11.0,0.85,3,0.0,0.536,-0.451,0.546,,0.511,0.42,5.5,0.245,60.5,64.0,,0.89,57.0,2.6,0.7403,0.6208,2,HIGH
DEF-12739,Sepoy,1,High Altitude (Siachen/Ladakh),70,15.8,19.0,0.85,1,2.0,0.603,-0.084,0.623,0.664,0.578,0.468,6.0,,,82.0,9288.0,,70.0,4.6,0.5021,0.5823,1,MEDIUM
DEF-12740,Sepoy,1,Field Outpost,97,25.3,11.0,0.45,3,0.0,0.37,-0.22,0.61,0.888,,0.527,6.3,0.19,54.5,77.0,6523.0,0.58,85.0,2.7,0.3883,0.3506,1,MEDIUM
DEF-12741,Sepoy,1,Peace Station,21,17.1,9.0,0.15,2,1.0,0.927,-0.443,1.0,0.771,,0.307,6.1,,,,,0.74,75.0,3.6,0.4806,0.3616,1,MEDIUM
DEF-12742,Sepoy,1,Field Outpost,35,18.3,10.0,0.45,2,0.0,0.598,-0.009,,0.299,0.485,0.027,6.8,0.223,,70.0,6436.0,0.94,104.0,3.1,0.3029,0.2071,0,LOW
DEF-12743,Sepoy,1,Field Outpost,37,11.4,15.0,0.45,1,3.0,0.539,-0.391,0.746,0.605,0.573,0.593,,0.116,,79.0,10323.0,0.77,86.0,2.8,0.7979,0.6596,2,HIGH
DEF-12744,Naik,1,Peace Station,56,12.4,11.0,0.15,4,0.0,0.3,0.003,0.039,,,0.081,7.3,0.314,68.7,65.0,9280.0,,29.0,1.7,0.1518,0.1739,0,LOW
DEF-12745,Havildar,2,Field Outpost,76,22.2,9.0,0.45,3,0.0,0.394,-0.573,0.568,0.398,0.36,0.377,7.6,0.222,54.5,,7848.0,,82.0,2.7,0.3052,0.3234,0,LOW
DEF-12746,Naik,1,High Altitude (Siachen/Ladakh),161,12.8,10.0,0.85,3,0.0,0.782,,0.625,1.0,0.473,0.378,,,47.7,81.0,10082.0,,68.0,4.1,0.3317,0.4349,1,MEDIUM
DEF-12747,Sepoy,1,Peace Station,46,24.1,5.0,0.15,1,0.0,,-0.106,0.533,0.468,0.502,,6.8,0.177,,82.0,7638.0,0.63,62.0,2.8,0.1647,0.1322,0,LOW
DEF-12748,Havildar,2,Field Outpost,155,13.1,9.0,0.45,1,0.0,0.5,0.513,0.246,0.317,0.274,0.364,,0.253,63.9,,8184.0,0.77,62.0,1.4,0.1156,0.3106,0,LOW
DEF-12749,Naik,1,High Altitude (Siachen/Ladakh),81,4.0,11.0,0.85,2,0.0,0.43,-0.417,0.465,0.604,0.369,0.282,6.0,0.267,48.2,71.0,10518.0,0.64,56.0,2.4,0.4401,0.4616,1,MEDIUM
DEF-12750,Sepoy,1,Peace Station,30,3.2,9.0,0.15,3,0.0,0.518,-0.11,0.801,0.283,0.5,0.164,,,47.9,61.0,10350.0,,49.0,3.1,0.3062,0.2118,0,LOW
DEF-12751,Naik,1,Field Outpost,59,12.5,5.0,0.45,4,0.0,0.407,0.409,0.283,0.224,0.542,0.097,,0.214,61.6,65.0,9553.0,,67.0,,0.0477,0.0908,0,LOW
DEF-12752,Sepoy,1,Counter-Insurgency,24,21.8,6.0,0.9,1,0.0,0.707,0.202,0.532,0.271,0.529,,,,44.9,68.0,12088.0,0.78,56.0,2.1,0.6139,0.3823,1,MEDIUM
DEF-12753,Sepoy,1,Counter-Insurgency,53,8.3,11.0,0.9,2,0.0,0.512,0.304,0.478,0.508,,0.062,,0.275,67.0,63.0,6843.0,1.0,65.0,2.4,0.0441,0.0959,0,LOW
DEF-12754,Subedar,3,Field Outpost,51,20.2,7.0,0.45,3,0.0,0.347,,0.282,0.286,0.401,0.408,6.2,,55.3,,11396.0,,60.0,3.5,0.1541,0.1087,0,LOW
DEF-12755,Sepoy,1,Peace Station,71,14.9,16.0,0.15,1,0.0,0.748,0.237,0.252,,0.377,0.316,8.1,0.299,64.2,70.0,16158.0,,,2.3,0.0933,0.0675,0,LOW
DEF-12756,Naik,1,Peace Station,92,19.2,13.0,0.15,2,0.0,0.377,-0.164,0.223,0.21,,0.321,7.6,0.209,46.6,64.0,8991.0,0.47,53.0,2.7,0.0951,0.2365,0,LOW
DEF-12757,Subedar,3,Peace Station,62,11.5,7.0,0.15,1,0.0,,-0.423,0.839,,0.815,0.371,6.9,0.258,43.5,79.0,7856.0,,61.0,2.8,0.177,0.121,0,LOW
DEF-12758,Havildar,2,Peace Station,33,15.6,7.0,0.15,2,0.0,0.379,-0.457,0.274,0.436,0.675,,6.2,0.225,47.1,,,0.89,80.0,3.0,0.1046,0.1492,0,LOW
DEF-12759,Sepoy,1,Counter-Insurgency,137,22.0,13.0,0.9,3,0.0,0.241,-0.205,,0.596,0.581,0.468,6.7,,,,7846.0,0.57,74.0,3.3,0.7247,0.6372,2,HIGH
DEF-12760,Sepoy,1,Counter-Insurgency,167,13.9,15.0,0.9,3,2.0,,0.018,0.569,0.904,0.442,,,0.22,,73.0,5505.0,0.85,61.0,,0.1699,0.3315,0,LOW
DEF-12761,Sepoy,1,High Altitude (Siachen/Ladakh),58,,10.0,0.85,2,2.0,0.249,,0.659,0.556,0.506,0.389,6.7,,,64.0,1203.0,0.76,56.0,2.5,0.3661,0.3623,1,MEDIUM
DEF-12762,Naik,1,Field Outpost,79,0.0,12.0,0.45,1,0.0,0.604,0.404,0.538,0.324,,0.065,7.0,0.319,47.5,70.0,5247.0,0.59,,2.6,0.215,0.2776,0,LOW
DEF-12763,Sepoy,1,Peace Station,57,18.6,12.0,0.15,2,0.0,0.229,-0.103,0.278,0.525,0.149,,7.0,0.255,53.6,70.0,7754.0,,105.0,2.9,0.1115,0.0732,0,LOW
DEF-12764,Sepoy,1,Field Outpost,72,7.4,15.0,0.45,3,0.0,0.431,,0.182,0.271,0.29,,7.5,0.187,,,6586.0,0.84,48.0,3.3,0.103,0.2361,0,LOW
DEF-12765,Major,4,Field Outpost,74,9.6,15.0,0.45,2,1.0,0.52,-0.01,0.55,0.405,0.287,0.422,6.5,0.236,58.8,68.0,12148.0,0.7,107.0,4.2,0.1401,0.2679,0,LOW
DEF-12766,Naik,1,Field Outpost,27,4.9,10.0,0.45,2,0.0,0.762,0.46,0.519,0.259,0.4,0.0,6.0,0.304,45.1,,,0.92,44.0,1.2,0.1437,0.0844,0,LOW
DEF-12767,Sepoy,1,High Altitude (Siachen/Ladakh),54,12.0,17.0,0.85,4,0.0,,-0.071,0.36,0.518,0.558,,6.8,0.203,,66.0,,0.76,85.0,,0.1004,0.1837,0,LOW
DEF-12768,Naik,1,High Altitude (Siachen/Ladakh),115,31.8,9.0,0.85,3,1.0,0.064,-0.385,1.0,0.922,1.0,0.683,5.1,,30.6,73.0,6670.0,,79.0,5.0,0.9432,0.8047,2,HIGH
DEF-12769,Naik,1,High Altitude (Siachen/Ladakh),109,17.0,11.0,0.85,3,,,-0.195,0.458,,0.528,0.369,5.8,0.255,45.5,74.0,9465.0,,66.0,4.5,0.8444,0.8358,2,HIGH
DEF-12770,Sepoy,1,Field Outpost,53,8.5,10.0,0.45,4,1.0,0.584,0.189,0.119,,0.158,0.0,6.9,0.207,,68.0,5549.0,0.78,38.0,,0.0461,0.0516,0,LOW
DEF-12771,Sepoy,1,High Altitude (Siachen/Ladakh),75,10.1,9.0,0.85,1,1.0,0.109,0.275,0.653,0.821,0.42,,6.3,0.187,71.8,74.0,8218.0,0.66,71.0,3.7,0.5921,0.516,1,MEDIUM
DEF-12772,Havildar,2,Peace Station,55,1.8,,0.15,3,1.0,0.463,-0.338,0.626,0.083,0.035,,,,65.5,62.0,5072.0,0.98,,2.5,0.0202,0.0698,0,LOW
DEF-12773,Naik,1,High Altitude (Siachen/Ladakh),94,4.4,,0.85,2,1.0,0.096,,0.458,,,0.187,6.3,0.32,48.5,,16141.0,0.7,45.0,3.1,0.238,0.3606,0,LOW
DEF-12774,Naik,1,Peace Station,21,3.0,10.0,0.15,1,0.0,0.579,0.012,0.26,0.328,0.197,0.0,7.7,0.332,63.6,57.0,10787.0,0.76,68.0,2.1,0.2172,0.3088,0,LOW
DEF-12775,Sepoy,1,Peace Station,87,16.3,7.0,0.15,2,3.0,0.386,0.161,0.653,,0.519,0.5,6.5,,64.8,71.0,8351.0,0.7,62.0,3.3,0.5711,0.4523,1,MEDIUM
DEF-12776,Sepoy,1,Peace Station,142,17.8,9.0,0.15,2,0.0,0.817,-0.254,0.343,0.434,0.361,,,0.176,,69.0,8621.0,,60.0,3.5,0.1858,0.26,0,LOW
DEF-12777,Sepoy,1,Peace Station,41,14.7,10.0,0.15,1,0.0,,0.049,0.449,0.222,0.315,0.25,8.2,0.237,,,10623.0,0.72,35.0,2.4,0.1355,0.1071,0,LOW
DEF-12778,Sepoy,1,Counter-Insurgency,131,17.1,8.0,0.9,4,0.0,0.1,-0.069,0.31,0.596,0.638,0.117,8.2,0.278,41.4,61.0,13320.0,0.69,75.0,3.9,0.1723,0.2646,0,LOW
DEF-12779,Sepoy,1,Field Outpost,77,7.5,18.0,0.45,1,0.0,0.525,0.343,0.1,,0.445,0.137,7.8,0.238,,64.0,6246.0,,40.0,2.8,0.079,0.1776,0,LOW
DEF-12780,Sepoy,1,Counter-Insurgency,62,4.2,19.0,0.9,4,0.0,0.04,-0.282,0.431,0.529,0.786,0.38,6.2,0.23,,,12353.0,0.66,65.0,,0.2627,0.2386,0,LOW
DEF-12781,Havildar,2,Peace Station,53,4.2,14.0,0.15,1,1.0,0.308,,0.529,0.343,0.148,0.164,8.4,,59.3,70.0,,0.84,31.0,2.5,0.1277,0.1917,0,LOW
DEF-12782,Colonel,4,Peace Station,134,3.8,11.0,0.15,1,0.0,0.509,0.353,0.35,0.224,0.305,0.064,,0.302,51.5,64.0,7540.0,0.85,34.0,1.9,0.2736,0.2827,0,LOW
DEF-12783,Havildar,2,Field Outpost,56,17.0,17.0,0.45,2,,0.1,0.51,0.284,0.455,0.541,0.324,7.4,,54.6,,,0.75,40.0,,0.4016,0.3889,1,MEDIUM
DEF-12784,Subedar,3,Peace Station,154,,11.0,0.15,3,0.0,0.478,-0.03,,0.739,0.614,0.416,5.2,0.202,50.0,75.0,6926.0,0.68,71.0,3.8,0.9138,0.8474,2,HIGH
DEF-12785,Sepoy,1,Field Outpost,144,5.1,13.0,0.45,1,0.0,0.251,0.048,0.387,0.387,0.515,0.251,6.7,0.227,,73.0,8254.0,0.73,101.0,,0.4433,0.5485,1,MEDIUM
DEF-12786,Major,4,Field Outpost,48,11.1,7.0,0.45,4,1.0,0.674,0.492,0.252,0.415,,0.193,,0.195,57.7,,9002.0,,88.0,1.9,0.1087,0.1041,0,LOW
DEF-12787,Sepoy,1,High Altitude (Siachen/Ladakh),58,15.7,,0.85,3,0.0,0.555,0.237,0.848,0.344,0.712,0.454,5.9,0.244,,75.0,14063.0,0.74,53.0,2.8,0.6723,0.6041,1,MEDIUM
DEF-12788,Major,4,Field Outpost,16,11.6,10.0,0.45,3,1.0,0.214,-0.034,0.323,,,0.255,7.9,,54.1,83.0,8699.0,0.83,71.0,2.2,0.1017,0.0875,0,LOW
DEF-12789,Colonel,4,Field Outpost,63,16.8,14.0,0.45,1,0.0,,0.05,,0.235,0.716,0.155,7.0,0.272,63.0,74.0,10066.0,0.88,50.0,1.9,0.0818,0.0509,0,LOW
DEF-12790,Havildar,2,Peace Station,68,,18.0,0.15,2,2.0,0.494,0.248,0.433,,1.0,0.246,5.8,0.196,46.1,59.0,12154.0,0.95,,3.5,0.4097,0.4886,1,MEDIUM
DEF-12791,Colonel,4,High Altitude (Siachen/Ladakh),122,8.2,13.0,0.85,4,0.0,0.634,-0.164,0.675,0.467,0.659,0.272,,,61.9,69.0,8210.0,0.74,,4.3,0.3713,0.4993,1,MEDIUM
DEF-12792,Naik,1,High Altitude (Siachen/Ladakh),149,12.5,6.0,0.85,1,0.0,0.831,-0.018,,,0.803,0.165,5.9,0.172,59.5,72.0,15599.0,,,4.0,0.4646,0.4394,1,MEDIUM
DEF-12793,Sepoy,1,Field Outpost,99,16.8,13.0,0.45,1,2.0,0.36,,0.369,,0.702,0.327,5.8,0.261,52.6,72.0,9259.0,,60.0,2.5,0.5239,0.5051,1,MEDIUM
DEF-12794,Sepoy,1,Peace Station,116,24.9,4.0,0.15,2,0.0,0.28,,0.464,0.693,0.581,0.432,6.3,0.167,55.7,73.0,9937.0,0.77,77.0,3.6,0.2242,0.0818,0,LOW
DEF-12795,Naik,1,Field Outpost,58,17.2,16.0,0.45,4,2.0,0.304,0.138,0.574,0.573,,0.32,6.2,,34.1,,6866.0,0.72,106.0,3.5,0.5612,0.5569,1,MEDIUM
DEF-12796,Sepoy,1,Counter-Insurgency,29,11.9,9.0,0.9,2,1.0,0.237,-0.507,,0.566,0.455,0.546,5.7,0.175,,85.0,7186.0,0.49,72.0,3.7,0.4494,0.3011,1,MEDIUM
DEF-12797,Naik,1,Peace Station,77,21.1,16.0,0.15,2,0.0,0.239,0.096,0.323,0.617,0.268,0.49,6.9,,56.0,65.0,,0.85,69.0,3.2,0.3964,0.3605,1,MEDIUM
DEF-12798,Colonel,4,High Altitude (Siachen/Ladakh),120,22.5,11.0,0.85,2,0.0,0.579,-0.742,0.942,0.512,0.739,,5.4,,25.7,77.0,11610.0,0.75,85.0,3.7,0.9232,0.8412,2,HIGH
DEF-12799,Sepoy,1,Field Outpost,7,11.4,14.0,0.45,4,0.0,0.417,0.342,0.521,,0.383,,6.3,0.307,,64.0,2744.0,0.68,56.0,3.5,0.3307,0.2882,0,LOW
DEF-12800,Havildar,2,Field Outpost,70,12.8,13.0,0.45,1,0.0,0.367,-0.189,0.437,0.558,0.489,0.242,8.3,,44.3,69.0,,,65.0,,0.2673,0.3534,0,LOW
DEF-12801,Subedar,3,Counter-Insurgency,18,10.4,11.0,0.9,1,0.0,0.304,-0.249,,0.613,0.428,0.345,,,57.0,81.0,6235.0,0.62,88.0,3.9,0.6099,0.5079,1,MEDIUM
DEF-12802,Major,4,Field Outpost,39,21.0,15.0,0.45,1,0.0,0.689,0.213,0.477,0.597,0.956,0.383,5.9,0.238,43.1,70.0,7666.0,,62.0,2.9,0.3341,0.2868,0,LOW
DEF-12803,Major,4,High Altitude (Siachen/Ladakh),72,14.6,13.0,0.85,1,3.0,0.087,,0.608,0.574,0.836,0.551,,0.163,42.1,75.0,7519.0,,86.0,3.9,0.6967,0.5722,1,MEDIUM
DEF-12804,Naik,1,Field Outpost,150,2.1,6.0,0.45,1,0.0,0.333,0.324,0.179,0.47,0.95,0.052,6.6,,50.5,72.0,5524.0,0.8,,1.6,0.1004,0.2097,0,LOW
DEF-12805,Major,4,Peace Station,66,17.5,9.0,0.15,1,0.0,0.424,0.331,,0.325,0.531,0.084,6.4,,69.5,80.0,10107.0,0.8,56.0,,0.3509,0.2803,0,LOW
DEF-12806,Havildar,2,High Altitude (Siachen/Ladakh),95,26.7,15.0,0.85,2,0.0,0.623,0.027,,0.888,0.427,0.713,5.6,0.158,43.9,76.0,6907.0,0.58,92.0,3.3,0.7471,0.8025,2,HIGH
DEF-12807,Sepoy,1,Counter-Insurgency,76,27.3,7.0,0.9,1,0.0,0.175,-0.101,0.888,0.875,0.95,0.646,4.8,0.165,,79.0,8715.0,,79.0,3.8,0.674,0.6246,1,MEDIUM
DEF-12808,Naik,1,High Altitude (Siachen/Ladakh),41,9.9,9.0,0.85,2,0.0,0.314,-0.186,,0.471,0.63,0.409,6.3,0.165,55.3,68.0,6881.0,,61.0,,0.4344,0.3785,1,MEDIUM
DEF-12809,Havildar,2,Peace Station,85,8.1,,0.15,4,0.0,,0.295,0.616,,0.839,0.395,6.9,,55.6,76.0,14823.0,,53.0,3.4,0.13,0.1848,0,LOW
DEF-12810,Sepoy,1,Peace Station,28,30.1,11.0,0.15,1,2.0,0.412,-0.188,0.744,0.759,0.816,0.596,5.5,,,79.0,7908.0,0.86,,4.6,0.8919,0.6934,2,HIGH
DEF-12811,Naik,1,Field Outpost,65,27.3,10.0,0.45,1,0.0,,-0.127,0.749,0.571,0.694,0.54,6.3,,49.3,,,0.76,62.0,2.7,0.3266,0.3796,0,LOW
DEF-12812,Naik,1,Field Outpost,133,18.0,14.0,0.45,1,0.0,0.549,0.519,,,0.611,0.283,7.3,,62.1,,,0.64,39.0,2.5,0.1331,0.274,0,LOW
DEF-12813,Sepoy,1,Peace Station,73,0.0,16.0,0.15,2,0.0,0.406,0.069,0.25,0.46,0.357,0.08,,0.307,,70.0,9009.0,0.82,55.0,2.7,0.1254,0.2661,0,LOW
DEF-12814,Naik,1,Peace Station,76,8.8,7.0,0.15,3,1.0,0.393,-0.004,0.428,0.479,,0.16,,,65.3,71.0,10257.0,0.66,43.0,3.0,0.278,0.3188,0,LOW
DEF-12815,Havildar,2,High Altitude (Siachen/Ladakh),53,4.7,10.0,0.85,3,1.0,0.4,0.372,,0.675,0.305,0.202,,0.241,48.0,,10019.0,0.83,83.0,3.1,0.0598,0.0499,0,LOW
DEF-12816,Naik,1,High Altitude (Siachen/Ladakh),22,29.4,11.0,0.85,2,,0.348,-0.106,0.665,0.554,0.456,0.594,7.2,0.239,46.4,72.0,4930.0,,,3.0,0.3971,0.3635,1,MEDIUM
DEF-12817,Sepoy,1,High Altitude (Siachen/Ladakh),57,1.0,14.0,0.85,3,0.0,0.795,-0.229,0.347,,0.281,0.271,6.0,0.23,,63.0,,,43.0,,0.1058,0.2283,0,LOW
DEF-12818,Sepoy,1,Counter-Insurgency,106,29.3,12.0,0.9,3,,0.614,,0.597,0.755,0.397,0.483,6.6,0.204,,69.0,13380.0,0.85,55.0,,0.4541,0.5191,1,MEDIUM
DEF-12819,Sepoy,1,Peace Station,82,13.1,15.0,0.15,1,0.0,0.369,0.02,0.361,,0.41,0.271,7.0,0.271,70.5,68.0,14342.0,0.68,72.0,2.2,0.2511,0.3513,0,LOW
DEF-12820,Subedar,3,Counter-Insurgency,29,3.8,8.0,0.9,1,0.0,0.38,-0.1,0.594,0.302,0.615,0.088,,0.32,55.9,66.0,,0.76,,,0.1464,0.0891,0,LOW
DEF-12821,Sepoy,1,High Altitude (Siachen/Ladakh),17,22.4,8.0,0.85,2,1.0,0.089,0.083,0.542,0.345,0.655,0.392,6.5,0.141,,80.0,12379.0,0.79,,4.5,0.4367,0.3554,1,MEDIUM
DEF-12822,Naik,1,Counter-Insurgency,41,19.4,6.0,0.9,4,0.0,0.427,-0.492,0.841,0.575,0.598,0.353,,0.125,44.2,79.0,9964.0,,97.0,2.9,0.4834,0.4403,1,MEDIUM
DEF-12823,Sepoy,1,Peace Station,57,,,0.15,1,0.0,0.261,-0.345,0.669,0.227,0.454,,6.4,0.187,,67.0,7195.0,0.87,50.0,2.8,0.3255,0.3375,0,LOW
DEF-12824,Sepoy,1,Peace Station,60,13.8,13.0,0.15,1,0.0,0.265,,0.323,,0.522,,5.8,0.295,59.9,,,0.59,53.0,,0.3404,0.2818,0,LOW
DEF-12825,Havildar,2,High Altitude (Siachen/Ladakh),60,25.7,15.0,0.85,3,0.0,0.098,,0.802,,0.653,0.316,,0.167,62.2,71.0,5294.0,0.74,97.0,2.4,0.5256,0.4872,1,MEDIUM
DEF-12826,Havildar,2,Counter-Insurgency,65,10.5,18.0,0.9,1,0.0,0.159,-0.008,0.449,0.71,0.477,0.288,6.9,0.235,67.6,74.0,8547.0,0.78,94.0,2.8,0.2188,0.2043,0,LOW
DEF-12827,Sepoy,1,High Altitude (Siachen/Ladakh),84,28.3,23.0,0.85,2,1.0,,-0.439,,0.705,,0.841,,0.112,,,11121.0,,88.0,2.8,0.98,0.8966,2,HIGH
DEF-12828,Sepoy,1,High Altitude (Siachen/Ladakh),51,7.7,14.0,0.85,1,2.0,0.097,-0.039,0.647,0.333,0.384,0.216,7.9,0.295,72.6,67.0,7134.0,,61.0,,0.2482,0.3039,0,LOW
DEF-12829,Sepoy,1,Field Outpost,35,0.2,5.0,0.45,1,0.0,0.568,-0.119,0.63,0.29,0.34,0.051,,,,69.0,2845.0,,28.0,2.5,0.1578,0.1749,0,LOW
DEF-12830,Naik,1,High Altitude (Siachen/Ladakh),89,14.4,15.0,0.85,2,0.0,,-0.644,0.91,0.93,0.727,0.663,5.0,,45.7,84.0,4380.0,,89.0,5.4,0.7548,0.723,2,HIGH
DEF-12831,Naik,1,High Altitude (Siachen/Ladakh),107,1.6,4.0,0.85,2,1.0,0.405,-0.025,0.457,0.321,0.292,0.3,,0.238,57.9,,8028.0,,56.0,,0.1093,0.1184,0,LOW
DEF-12832,Sepoy,1,High Altitude (Siachen/Ladakh),46,15.1,9.0,0.85,1,0.0,0.632,-0.706,,0.783,0.526,,6.9,,,,11547.0,0.54,120.0,3.4,0.5386,0.4067,1,MEDIUM
DEF-12833,Sepoy,1,High Altitude (Siachen/Ladakh),183,14.0,24.0,0.85,3,0.0,0.525,,0.492,0.419,0.702,0.517,5.9,0.246,45.2,68.0,7966.0,0.73,81.0,3.1,0.417,0.7787,1,MEDIUM
DEF-12834,Sepoy,1,Peace Station,146,7.5,8.0,0.15,1,0.0,0.202,0.05,0.695,0.551,0.673,0.368,6.8,,45.5,74.0,,0.45,,2.4,0.1759,0.2835,0,LOW
DEF-12835,Subedar,3,High Altitude (Siachen/Ladakh),31,30.0,16.0,0.85,2,0.0,0.102,-0.306,1.0,0.643,0.449,,4.8,0.15,39.3,73.0,8491.0,0.62,102.0,3.6,0.9756,0.7592,2,HIGH
DEF-12836,Colonel,4,Field Outpost,18,14.0,10.0,0.45,1,1.0,0.108,-0.165,0.429,0.345,0.575,,6.1,0.348,48.4,,,,42.0,3.4,0.3418,0.3268,0,LOW
DEF-12837,Sepoy,1,Counter-Insurgency,59,21.3,,0.9,3,,0.514,-0.153,,0.365,0.513,0.381,7.7,0.246,,77.0,,0.77,53.0,2.7,0.1403,0.1043,0,LOW
DEF-12838,Havildar,2,Field Outpost,77,21.9,10.0,0.45,3,0.0,,0.519,,0.202,0.275,0.36,,0.346,63.3,61.0,5531.0,0.65,,2.2,0.2813,0.2641,0,LOW
DEF-12839,Sepoy,1,Field Outpost,182,29.0,18.0,0.45,1,0.0,0.301,0.047,0.606,0.474,0.583,0.433,6.2,0.238,58.1,71.0,,,87.0,2.5,0.7672,0.7498,2,HIGH
DEF-12840,Sepoy,1,Counter-Insurgency,178,3.7,11.0,0.9,1,0.0,0.519,,0.596,0.795,0.651,0.218,7.0,0.214,47.8,72.0,3621.0,0.59,,,0.247,0.4547,0,LOW
DEF-12841,Havildar,2,Peace Station,95,0.0,14.0,0.15,3,0.0,,0.278,0.55,0.131,0.479,0.316,7.6,0.226,65.8,,7393.0,0.82,,2.2,0.1818,0.2461,0,LOW
DEF-12842,Subedar,3,Peace Station,51,28.7,18.0,0.15,2,2.0,0.205,-0.635,0.469,0.407,0.818,0.464,6.4,,43.3,73.0,5637.0,0.8,75.0,3.5,0.6058,0.4909,1,MEDIUM
DEF-12843,Major,4,High Altitude (Siachen/Ladakh),124,18.9,14.0,0.85,2,0.0,0.308,0.447,0.494,,0.715,0.507,,0.18,56.4,85.0,8902.0,0.74,75.0,3.5,0.3502,0.4517,1,MEDIUM
DEF-12844,Naik,1,Peace Station,70,15.1,8.0,0.15,1,0.0,0.177,-0.411,0.483,0.396,0.376,0.248,5.8,0.246,58.3,74.0,4685.0,,54.0,,0.1342,0.1805,0,LOW
DEF-12845,Sepoy,1,Peace Station,26,12.9,9.0,0.15,4,,0.419,0.254,0.336,0.364,0.402,0.171,7.6,0.273,66.4,61.0,9251.0,0.95,25.0,,0.0843,0.1375,0,LOW
DEF-12846,Havildar,2,Counter-Insurgency,27,11.4,11.0,0.9,4,0.0,0.404,-0.399,,,0.761,0.346,7.0,0.259,48.1,72.0,11850.0,,70.0,4.4,0.4123,0.3533,1,MEDIUM
DEF-12847,Sepoy,1,Field Outpost,52,21.3,8.0,0.45,1,0.0,0.523,-0.195,0.266,0.545,0.363,0.151,8.1,0.232,38.8,68.0,,,38.0,2.9,0.1814,0.1819,0,LOW
DEF-12848,Naik,1,Peace Station,113,1.7,8.0,0.15,2,0.0,,0.46,0.069,0.36,0.497,,,,59.6,59.0,11503.0,0.66,53.0,2.0,0.0793,0.1251,0,LOW
DEF-12849,Sepoy,1,Peace Station,32,,6.0,0.15,3,1.0,0.44,0.036,0.433,,0.424,0.27,6.8,,57.8,67.0,7618.0,0.86,,2.7,0.0686,0.0773,0,LOW
DEF-12850,Naik,1,Peace Station,51,22.8,8.0,0.15,2,0.0,0.157,,0.296,0.232,,0.31,7.5,0.195,52.1,68.0,5955.0,0.81,49.0,4.3,0.1094,0.1891,0,LOW
DEF-12851,Sepoy,1,Field Outpost,145,20.3,11.0,0.45,2,0.0,0.23,0.006,,0.389,0.557,0.304,5.6,0.232,,63.0,,0.66,91.0,4.3,0.841,0.77,2,HIGH
DEF-12852,Sepoy,1,Peace Station,82,13.4,,0.15,1,1.0,0.052,0.183,,0.79,0.382,0.269,7.2,0.255,,67.0,10531.0,0.75,72.0,1.9,0.3094,0.2702,0,LOW
DEF-12853,Subedar,3,Counter-Insurgency,88,14.0,10.0,0.9,1,1.0,0.435,-0.077,0.701,,0.448,0.471,6.0,0.129,42.2,78.0,12180.0,0.83,107.0,2.7,0.7035,0.6083,1,MEDIUM
DEF-12854,Sepoy,1,Field Outpost,115,24.9,10.0,0.45,3,0.0,0.105,,0.33,0.716,0.553,0.342,6.7,0.265,,,8609.0,0.84,60.0,2.1,0.1248,0.211,0,LOW
DEF-12855,Naik,1,Peace Station,52,18.9,8.0,0.15,2,0.0,0.382,-0.324,,0.447,,0.303,8.8,0.284,65.4,62.0,12762.0,0.95,57.0,2.3,0.2708,0.2014,0,LOW
DEF-12856,Sepoy,1,Peace Station,150,28.9,10.0,0.15,2,0.0,0.541,-0.439,0.471,,1.0,0.515,6.0,0.229,,80.0,4422.0,0.71,82.0,,0.3218,0.3876,0,LOW
DEF-12857,Sepoy,1,Field Outpost,97,0.0,12.0,0.45,1,0.0,0.643,-0.331,0.457,,0.482,0.129,6.3,,,73.0,7165.0,0.56,69.0,3.9,0.1977,0.2276,0,LOW
DEF-12858,Sepoy,1,Peace Station,61,21.7,20.0,0.15,3,1.0,0.156,0.129,,0.568,0.615,0.475,7.7,,,73.0,,0.89,61.0,2.0,0.1693,0.2313,0,LOW
DEF-12859,Sepoy,1,Field Outpost,135,7.1,11.0,0.45,3,0.0,0.448,0.13,,0.747,0.452,0.232,7.3,,,68.0,7193.0,,61.0,3.8,0.1008,0.2359,0,LOW
DEF-12860,Subedar,3,Counter-Insurgency,95,13.4,10.0,0.9,2,1.0,0.408,-0.094,0.755,0.551,,0.53,6.3,,45.6,88.0,9853.0,,115.0,4.8,0.6493,0.5421,1,MEDIUM
DEF-12861,Sepoy,1,Field Outpost,65,25.7,6.0,0.45,4,0.0,0.304,-0.478,0.574,0.559,0.443,0.214,4.3,,39.3,,,0.66,79.0,,0.618,0.4834,1,MEDIUM
DEF-12862,Major,4,Peace Station,89,5.5,7.0,0.15,1,0.0,0.339,-0.1,0.085,0.312,,0.0,8.1,,53.5,62.0,8385.0,0.8,20.0,0.8,0.1307,0.1259,0,LOW
DEF-12863,Naik,1,High Altitude (Siachen/Ladakh),37,32.0,15.0,0.85,3,0.0,0.605,-0.692,0.619,0.723,0.604,0.525,5.5,0.258,46.3,,8545.0,0.58,,4.7,0.7693,0.5918,2,HIGH
DEF-12864,Sepoy,1,Peace Station,125,23.4,9.0,0.15,2,0.0,0.701,0.222,,0.511,0.126,0.301,7.8,0.285,57.8,64.0,,0.7,37.0,,0.0424,0.1471,0,LOW
DEF-12865,Naik,1,Peace Station,180,18.9,12.0,0.15,1,0.0,0.909,-0.459,0.35,0.464,0.689,0.3,6.2,0.27,60.6,,10569.0,,97.0,3.3,0.5371,0.6469,1,MEDIUM
DEF-12866,Naik,1,Peace Station,21,6.1,8.0,0.15,1,0.0,0.561,0.194,0.354,,0.419,0.023,5.9,,57.1,,9587.0,0.73,46.0,3.0,0.1945,0.1215,0,LOW
DEF-12867,Havildar,2,Counter-Insurgency,45,12.5,10.0,0.9,1,3.0,0.4,-0.14,0.581,0.183,0.296,0.092,,0.236,54.5,75.0,7449.0,0.76,48.0,2.4,0.3439,0.282,0,LOW
DEF-12868,Sepoy,1,Counter-Insurgency,43,11.0,19.0,0.9,3,0.0,0.576,-0.377,0.706,0.603,,0.256,6.2,0.152,27.0,67.0,8227.0,0.71,,3.3,0.7315,0.5343,1,MEDIUM
DEF-12869,Sepoy,1,Peace Station,101,3.5,10.0,0.15,3,0.0,,-0.099,0.396,,0.59,0.233,6.2,,44.5,71.0,,0.68,102.0,2.8,0.383,0.5052,1,MEDIUM
DEF-12870,Subedar,3,Field Outpost,74,23.3,10.0,0.45,2,0.0,0.356,-0.623,,0.803,0.98,0.562,6.1,0.192,40.3,,4473.0,,,4.0,0.3272,0.2344,0,LOW
DEF-12871,Major,4,Peace Station,50,10.6,13.0,0.15,1,0.0,0.716,0.262,,0.502,,0.144,7.3,,55.1,72.0,14719.0,0.66,46.0,2.4,0.1714,0.1635,0,LOW
DEF-12872,Subedar,3,High Altitude (Siachen/Ladakh),55,12.5,12.0,0.85,4,0.0,0.143,-0.474,0.583,0.867,0.612,0.324,5.1,0.18,64.9,67.0,12532.0,0.7,103.0,2.8,0.2182,0.2615,0,LOW
DEF-12873,Sepoy,1,Peace Station,47,12.9,15.0,0.15,1,0.0,0.617,-0.24,0.483,0.559,,0.15,,0.173,47.6,78.0,5650.0,0.57,92.0,2.6,0.2356,0.3168,0,LOW
DEF-12874,Havildar,2,Peace Station,93,12.2,7.0,0.15,2,0.0,0.668,0.43,0.519,0.29,0.569,0.193,6.8,0.287,63.5,64.0,9884.0,0.89,23.0,3.1,0.2048,0.2088,0,LOW
DEF-12875,Naik,1,High Altitude (Siachen/Ladakh),74,18.5,11.0,0.85,3,1.0,0.728,-0.643,0.462,0.614,0.803,,5.9,0.184,47.0,75.0,7738.0,0.69,67.0,,0.5345,0.5164,1,MEDIUM
DEF-12876,Naik,1,Peace Station,53,8.7,10.0,0.15,1,1.0,0.417,,0.647,0.393,,,7.3,0.269,62.4,59.0,,0.87,30.0,,0.2415,0.1826,0,LOW
DEF-12877,Sepoy,1,Peace Station,48,22.7,13.0,0.15,2,3.0,0.078,,0.337,0.543,0.338,0.349,5.9,0.176,,72.0,10271.0,0.63,,2.7,0.2203,0.2363,0,LOW
DEF-12878,Naik,1,High Altitude (Siachen/Ladakh),136,8.9,8.0,0.85,1,0.0,0.578,-0.071,0.576,,0.309,,7.9,0.204,48.9,71.0,8497.0,,,2.8,0.3189,0.3399,0,LOW
DEF-12879,Sepoy,1,High Altitude (Siachen/Ladakh),123,13.8,,0.85,1,2.0,0.289,,0.597,0.648,0.411,0.341,6.7,,,62.0,14146.0,0.66,65.0,2.8,0.4416,0.6119,1,MEDIUM
DEF-12880,Sepoy,1,High Altitude (Siachen/Ladakh),94,,16.0,0.85,3,0.0,0.142,-0.124,0.368,,0.293,0.443,5.7,,42.7,72.0,10204.0,,63.0,3.2,0.1468,0.2704,0,LOW
DEF-12881,Subedar,3,Counter-Insurgency,116,23.1,11.0,0.9,1,0.0,0.419,-0.019,0.464,0.464,0.304,0.457,6.0,0.214,47.8,76.0,9039.0,0.81,,3.2,0.5396,0.5425,1,MEDIUM
DEF-12882,Sepoy,1,Field Outpost,26,25.3,13.0,0.45,2,0.0,0.281,-0.025,0.48,0.49,,0.381,6.3,0.201,,69.0,7180.0,0.7,111.0,2.3,0.5243,0.4375,1,MEDIUM
DEF-12883,Sepoy,1,Peace Station,32,20.1,16.0,0.15,1,0.0,0.272,-0.075,0.51,0.561,,0.411,5.6,0.25,,74.0,8165.0,0.75,76.0,2.9,0.7557,0.6516,2,HIGH
DEF-12884,Sepoy,1,Peace Station,30,15.4,10.0,0.15,2,1.0,0.659,,0.88,0.484,0.879,,,,,,14387.0,,110.0,,0.9384,0.6957,2,HIGH
DEF-12885,Major,4,Peace Station,66,13.7,13.0,0.15,1,0.0,0.317,-0.311,0.662,,0.448,0.329,,0.283,39.5,83.0,9670.0,,65.0,,0.461,0.4483,1,MEDIUM
DEF-12886,Naik,1,Peace Station,118,0.7,3.0,0.15,3,0.0,,0.078,,0.485,0.239,0.0,8.2,,56.0,63.0,10185.0,,29.0,2.6,0.0873,0.0842,0,LOW
DEF-12887,Sepoy,1,Field Outpost,50,2.5,7.0,0.45,1,0.0,0.225,0.009,0.408,0.254,0.363,0.103,8.6,0.246,57.3,67.0,,,,,0.1679,0.1394,0,LOW
DEF-12888,Havildar,2,Peace Station,127,20.4,9.0,0.15,3,0.0,0.507,,0.534,0.822,0.546,0.312,7.1,0.184,43.7,74.0,9642.0,,81.0,3.3,0.2764,0.27,0,LOW
DEF-12889,Havildar,2,Field Outpost,45,12.5,13.0,0.45,2,0.0,,0.121,0.582,0.042,0.387,,7.8,0.285,60.1,56.0,11567.0,0.85,28.0,2.2,0.1506,0.0582,0,LOW
DEF-12890,Sepoy,1,Peace Station,60,2.4,6.0,0.15,2,0.0,0.263,,0.309,0.107,0.145,0.0,7.2,,73.9,61.0,10857.0,0.83,39.0,2.2,0.0249,0.0931,0,LOW
DEF-12891,Naik,1,Field Outpost,50,2.1,10.0,0.45,3,2.0,0.312,0.066,0.398,0.27,0.468,0.092,7.6,0.286,55.0,77.0,,0.62,43.0,,0.2913,0.2376,0,LOW
DEF-12892,Havildar,2,High Altitude (Siachen/Ladakh),58,19.4,,0.85,1,0.0,0.094,0.147,0.623,0.548,0.601,,,0.181,41.1,72.0,11097.0,,107.0,3.3,0.8213,0.5716,2,HIGH
DEF-12893,Naik,1,Field Outpost,61,21.4,12.0,0.45,1,0.0,0.213,0.034,0.21,0.265,,,6.9,0.201,42.7,65.0,7574.0,0.86,44.0,3.1,0.5586,0.5664,1,MEDIUM
DEF-12894,Sepoy,1,Peace Station,18,1.0,9.0,0.15,1,0.0,0.145,-0.254,0.179,0.533,0.598,0.319,8.3,0.253,,,9277.0,,,,0.1552,0.0815,0,LOW
DEF-12895,Subedar,3,Counter-Insurgency,81,15.3,10.0,0.9,1,0.0,0.173,,0.325,0.336,0.402,0.304,,0.182,47.4,65.0,10215.0,,46.0,,0.1804,0.1194,0,LOW
DEF-12896,Naik,1,High Altitude (Siachen/Ladakh),61,,10.0,0.85,4,0.0,0.33,-0.715,0.875,0.872,0.687,0.276,5.7,0.169,50.5,,9340.0,0.74,73.0,3.4,0.6236,0.5103,1,MEDIUM
DEF-12897,Sepoy,1,Field Outpost,150,9.0,13.0,0.45,1,1.0,0.407,-0.031,0.841,,0.6,0.119,6.6,0.217,56.3,69.0,3574.0,,61.0,2.6,0.2264,0.299,0,LOW
DEF-12898,Sepoy,1,Field Outpost,91,24.5,7.0,0.45,3,0.0,0.146,,0.186,,0.45,0.361,7.4,0.233,59.1,67.0,,0.79,41.0,,0.191,0.1986,0,LOW
DEF-12899,Sepoy,1,Field Outpost,79,11.1,13.0,0.45,2,0.0,0.633,0.335,0.294,0.729,0.658,0.141,,0.2,,72.0,8270.0,0.76,47.0,2.8,0.4087,0.4323,1,MEDIUM
DEF-12900,Sepoy,1,Peace Station,145,0.0,11.0,0.15,1,,0.18,0.093,0.482,0.279,0.302,0.178,6.7,0.236,,,,0.84,96.0,2.6,0.4338,0.4818,1,MEDIUM
DEF-12901,Havildar,2,Peace Station,137,12.3,20.0,0.15,4,0.0,0.185,0.311,0.683,0.378,,0.314,5.9,,35.2,70.0,6139.0,0.74,48.0,2.3,0.2646,0.4921,1,MEDIUM
DEF-12902,Sepoy,1,Field Outpost,154,25.6,11.0,0.45,4,0.0,,-0.292,0.63,0.888,0.663,0.549,,0.154,,84.0,8213.0,,76.0,5.1,0.7917,0.8344,2,HIGH
DEF-12903,Sepoy,1,Field Outpost,47,11.1,11.0,0.45,4,1.0,,-0.024,,0.432,0.539,0.268,6.2,0.264,46.1,,7124.0,0.79,81.0,3.1,0.5926,0.5049,1,MEDIUM
DEF-12904,Naik,1,Peace Station,29,5.1,10.0,0.15,2,0.0,0.715,-0.299,0.574,,,0.32,7.0,,72.6,69.0,8545.0,,75.0,,0.1168,0.1182,0,LOW
DEF-12905,Sepoy,1,Peace Station,18,19.3,,0.15,1,,0.596,,0.429,0.701,0.613,0.396,6.2,0.215,,68.0,4454.0,,95.0,3.6,0.1941,0.0965,0,LOW
DEF-12906,Major,4,Peace Station,115,16.2,12.0,0.15,1,0.0,0.347,,,0.503,0.474,0.288,7.7,,56.8,69.0,12101.0,,58.0,2.4,0.2004,0.2567,0,LOW
DEF-12907,Sepoy,1,Counter-Insurgency,16,,11.0,0.9,2,0.0,0.232,0.053,0.873,,0.496,0.367,7.4,0.136,,74.0,13954.0,0.65,79.0,,0.6441,0.5383,1,MEDIUM
DEF-12908,Sepoy,1,Peace Station,74,18.1,,0.15,1,0.0,0.633,,0.335,0.262,0.59,0.382,7.1,0.141,52.7,70.0,11925.0,0.82,50.0,3.8,0.2332,0.3305,0,LOW
DEF-12909,Sepoy,1,Peace Station,22,8.1,16.0,0.15,3,0.0,0.497,0.489,0.396,0.483,0.613,0.234,6.7,0.226,39.3,71.0,,0.91,44.0,3.4,0.2802,0.3564,0,LOW
DEF-12910,Sepoy,1,Field Outpost,124,8.9,6.0,0.45,3,2.0,0.287,0.039,0.511,0.291,,0.27,7.4,0.271,,,7477.0,0.64,52.0,3.6,0.1207,0.1287,0,LOW
DEF-12911,Sepoy,1,Field Outpost,87,,13.0,0.45,1,0.0,0.386,-0.14,0.466,,0.742,,6.4,0.215,,,3985.0,0.89,92.0,,0.1102,0.1676,0,LOW
DEF-12912,Havildar,2,Field Outpost,124,5.8,11.0,0.45,2,0.0,,-0.061,0.761,0.645,0.746,0.168,5.9,0.24,35.1,74.0,13031.0,0.62,118.0,4.6,0.2877,0.3575,0,LOW
DEF-12913,Major,4,Field Outpost,75,27.7,9.0,0.45,4,0.0,0.397,-0.251,,0.378,0.355,0.334,,,44.2,79.0,9764.0,0.92,,4.2,0.5548,0.494,1,MEDIUM
DEF-12914,Sepoy,1,Field Outpost,35,24.4,16.0,0.45,1,0.0,0.062,,0.637,0.913,0.421,,6.7,,,,6327.0,0.71,110.0,3.8,0.4477,0.4303,1,MEDIUM
DEF-12915,Naik,1,High Altitude (Siachen/Ladakh),49,4.3,,0.85,1,0.0,0.605,0.104,,0.454,0.331,0.245,6.9,,43.9,72.0,8700.0,0.78,49.0,2.7,0.2065,0.2894,0,LOW
DEF-12916,Havildar,2,Peace Station,108,26.5,11.0,0.15,1,0.0,0.29,-0.245,0.564,,0.814,0.404,6.3,0.128,48.8,82.0,5528.0,0.75,,3.1,0.3523,0.4107,1,MEDIUM
DEF-12917,Havildar,2,Field Outpost,21,15.3,16.0,0.45,1,,0.672,,0.212,0.368,0.198,0.173,7.2,,58.9,65.0,6215.0,0.96,65.0,2.9,0.1219,0.1339,0,LOW
DEF-12918,Sepoy,1,Counter-Insurgency,47,25.8,11.0,0.9,1,1.0,0.224,-0.085,0.611,0.416,0.417,0.547,,,51.9,63.0,9245.0,0.58,82.0,,0.3987,0.3628,1,MEDIUM
DEF-12919,Sepoy,1,Peace Station,42,15.1,8.0,0.15,1,1.0,0.469,,0.394,0.312,0.684,0.132,6.1,0.225,61.5,65.0,7073.0,,,2.1,0.3691,0.3133,0,LOW
DEF-12920,Sepoy,1,Peace Station,62,12.5,10.0,0.15,1,0.0,0.251,0.287,,0.42,0.314,0.153,7.8,0.268,62.9,,8969.0,,41.0,,0.1398,0.1274,0,LOW
DEF-12921,Havildar,2,Peace Station,93,11.6,11.0,0.15,2,1.0,0.3,-0.128,0.323,,0.523,0.401,6.8,0.232,53.7,65.0,7435.0,0.62,45.0,1.9,0.1296,0.1882,0,LOW
DEF-12922,Havildar,2,Peace Station,122,0.0,,0.15,1,0.0,0.231,0.112,0.33,0.157,0.12,0.0,7.7,,51.0,59.0,,0.95,45.0,2.4,0.1072,0.1662,0,LOW
DEF-12923,Sepoy,1,Peace Station,25,21.9,15.0,0.15,1,0.0,0.261,,0.639,0.531,0.287,0.241,5.7,,,81.0,6230.0,0.85,62.0,,0.4953,0.3464,1,MEDIUM
DEF-12924,Sepoy,1,Peace Station,36,8.0,13.0,0.15,3,0.0,0.153,,,0.059,0.376,0.028,6.8,0.304,52.8,63.0,11897.0,0.99,103.0,2.0,0.1186,0.1012,0,LOW
DEF-12925,Subedar,3,Peace Station,27,22.2,12.0,0.15,2,0.0,0.709,-0.076,0.361,0.622,0.783,0.414,6.8,0.17,46.1,66.0,8678.0,,130.0,3.0,0.5263,0.4653,1,MEDIUM
DEF-12926,Havildar,2,Field Outpost,63,28.2,10.0,0.45,1,0.0,0.543,-0.003,0.612,0.741,,0.574,6.1,0.262,38.0,,,0.54,86.0,3.7,0.6906,0.5755,1,MEDIUM
DEF-12927,Colonel,4,Peace Station,30,9.1,18.0,0.15,3,0.0,0.426,-0.102,0.299,0.286,0.701,,7.4,0.197,57.4,,7959.0,0.74,114.0,,0.5829,0.5224,1,MEDIUM
DEF-12928,Havildar,2,High Altitude (Siachen/Ladakh),80,8.6,19.0,0.85,1,1.0,,-0.39,,0.703,0.427,0.272,6.1,0.237,54.7,69.0,10524.0,0.64,108.0,3.5,0.4771,0.4796,1,MEDIUM
DEF-12929,Sepoy,1,High Altitude (Siachen/Ladakh),132,22.6,17.0,0.85,1,0.0,0.489,-0.325,0.547,0.377,0.528,0.342,5.3,,52.1,79.0,7665.0,,58.0,3.4,0.5578,0.66,1,MEDIUM
DEF-12930,Naik,1,Field Outpost,18,10.0,,0.45,3,0.0,0.206,-0.506,,0.657,,0.435,7.3,0.169,14.0,73.0,10773.0,0.56,93.0,4.8,0.3268,0.3479,0,LOW
DEF-12931,Naik,1,Counter-Insurgency,37,25.2,10.0,0.9,1,2.0,0.297,-0.412,,,0.675,,6.7,0.179,40.8,77.0,,,78.0,3.6,0.4817,0.4099,1,MEDIUM
DEF-12932,Sepoy,1,High Altitude (Siachen/Ladakh),155,8.1,11.0,0.85,3,0.0,0.072,,0.914,0.51,0.394,0.337,6.3,0.208,,78.0,9547.0,0.76,64.0,3.7,0.4523,0.5712,1,MEDIUM
DEF-12933,Naik,1,High Altitude (Siachen/Ladakh),73,26.2,10.0,0.85,3,0.0,0.585,0.176,0.592,0.892,1.0,,5.7,0.148,45.6,,7090.0,0.57,81.0,3.8,0.7311,0.6847,2,HIGH
DEF-12934,Havildar,2,Peace Station,47,11.4,14.0,0.15,1,0.0,0.193,,0.329,,0.362,0.371,6.1,0.266,55.0,75.0,12572.0,0.71,47.0,4.1,0.0571,0.0963,0,LOW
DEF-12935,Sepoy,1,High Altitude (Siachen/Ladakh),245,16.8,13.0,0.85,1,1.0,0.629,-0.494,,,0.513,,5.0,,,69.0,12503.0,0.71,80.0,3.4,0.7768,0.6521,2,HIGH
DEF-12936,Havildar,2,Counter-Insurgency,55,22.3,17.0,0.9,1,0.0,0.59,,,,0.623,0.421,6.7,0.156,46.7,91.0,,0.66,89.0,2.0,0.8835,0.677,2,HIGH
DEF-12937,Naik,1,Peace Station,91,,18.0,0.15,1,0.0,0.176,-0.51,0.567,0.46,0.502,0.411,,0.235,46.7,76.0,7927.0,,56.0,3.2,0.1349,0.259,0,LOW
DEF-12938,Major,4,High Altitude (Siachen/Ladakh),38,23.1,10.0,0.85,3,0.0,0.22,-0.107,0.867,0.748,0.421,0.452,,0.23,61.2,62.0,,0.87,88.0,3.6,0.5912,0.5137,1,MEDIUM
DEF-12939,Sepoy,1,High Altitude (Siachen/Ladakh),34,1.6,12.0,0.85,2,0.0,0.31,-0.044,0.326,0.708,0.228,0.269,6.7,0.261,,76.0,8471.0,,78.0,2.7,0.1421,0.0344,0,LOW
DEF-12940,Sepoy,1,Peace Station,94,10.5,14.0,0.15,1,2.0,0.331,-0.263,0.647,0.423,0.941,,6.1,0.234,53.4,83.0,9210.0,,73.0,,0.4706,0.4227,1,MEDIUM
DEF-12941,Naik,1,Field Outpost,163,14.5,14.0,0.45,2,0.0,0.552,-0.394,,,,0.205,4.8,0.198,54.1,76.0,4534.0,0.52,63.0,3.9,0.4416,0.609,1,MEDIUM
DEF-12942,Sepoy,1,Peace Station,48,7.5,14.0,0.15,1,1.0,0.295,-0.134,0.145,0.65,0.573,0.0,,0.296,47.6,73.0,11092.0,0.77,50.0,2.5,0.066,0.2004,0,LOW
DEF-12943,Havildar,2,Peace Station,32,22.3,7.0,0.15,1,0.0,0.58,-0.005,0.531,,0.428,0.349,6.7,,62.9,77.0,7404.0,0.52,61.0,4.0,0.4361,0.2468,1,MEDIUM
DEF-12944,Havildar,2,Peace Station,114,9.6,9.0,0.15,1,0.0,0.141,0.331,0.988,,0.22,0.228,6.2,0.218,42.7,65.0,10229.0,,,1.9,0.2099,0.2695,0,LOW
DEF-12945,Sepoy,1,Field Outpost,49,7.5,,0.45,3,3.0,0.256,-0.068,0.316,0.406,0.372,0.003,6.6,,,63.0,7685.0,0.73,53.0,1.6,0.087,0.1354,0,LOW
DEF-12946,Naik,1,Field Outpost,81,22.0,8.0,0.45,1,0.0,,-0.205,0.695,0.563,,0.484,6.0,0.236,52.2,83.0,6877.0,0.71,58.0,3.2,0.414,0.2618,1,MEDIUM
DEF-12947,Naik,1,Counter-Insurgency,48,5.1,7.0,0.9,2,1.0,0.408,-0.24,0.534,0.382,0.645,0.0,7.2,0.242,54.0,68.0,10562.0,,65.0,3.4,0.1994,0.1433,0,LOW
DEF-12948,Sepoy,1,Field Outpost,53,5.5,11.0,0.45,1,0.0,,0.136,0.246,,0.1,0.107,7.2,0.218,61.8,61.0,6766.0,0.88,36.0,2.9,0.0919,0.1646,0,LOW
DEF-12949,Major,4,Peace Station,36,18.3,12.0,0.15,2,1.0,0.547,-0.341,0.951,,0.696,,,0.216,44.3,76.0,6789.0,,,2.9,0.3726,0.2393,0,LOW
DEF-12950,Havildar,2,Peace Station,96,25.4,14.0,0.15,1,1.0,0.067,0.089,0.264,0.341,0.342,0.472,6.6,0.24,47.5,67.0,8321.0,0.87,75.0,1.9,0.7608,0.7441,2,HIGH
DEF-12951,Naik,1,Counter-Insurgency,82,15.4,15.0,0.9,1,2.0,0.767,-0.236,0.891,0.415,0.44,0.594,6.8,,54.5,80.0,10982.0,0.54,79.0,,0.5724,0.579,1,MEDIUM
DEF-12952,Havildar,2,Field Outpost,81,0.3,7.0,0.45,2,2.0,0.565,-0.351,0.523,0.628,0.872,0.122,6.2,0.235,41.8,,6806.0,0.65,45.0,3.2,0.2806,0.3146,0,LOW
DEF-12953,Naik,1,High Altitude (Siachen/Ladakh),41,19.8,10.0,0.85,2,0.0,0.277,-0.058,0.363,0.607,0.846,0.54,6.3,,55.5,67.0,9692.0,,49.0,,0.4345,0.3644,1,MEDIUM
DEF-12954,Subedar,3,Peace Station,78,9.0,16.0,0.15,1,0.0,,-0.137,0.443,,0.282,0.368,5.7,0.238,53.2,67.0,3386.0,0.91,75.0,3.6,0.3257,0.2934,0,LOW
DEF-12955,Naik,1,Field Outpost,175,23.5,18.0,0.45,3,,0.857,-0.403,0.637,0.717,,0.55,6.2,0.203,43.1,78.0,6739.0,,74.0,3.1,0.3796,0.5506,1,MEDIUM
DEF-12956,Havildar,2,Peace Station,32,10.8,17.0,0.15,1,0.0,0.118,-0.211,0.754,0.637,0.861,0.449,4.9,0.154,22.7,78.0,7241.0,0.71,87.0,,0.8651,0.6551,2,HIGH
DEF-12957,Subedar,3,Peace Station,39,23.7,14.0,0.15,3,0.0,0.694,-0.141,0.688,0.315,0.94,0.304,6.5,0.193,43.8,72.0,14706.0,,66.0,,0.3394,0.2804,0,LOW
DEF-12958,Sepoy,1,High Altitude (Siachen/Ladakh),40,10.4,13.0,0.85,2,0.0,0.421,,0.79,0.845,0.684,0.369,5.2,,42.1,,,0.58,,3.3,0.8551,0.7069,2,HIGH
DEF-12959,Havildar,2,Field Outpost,69,8.1,14.0,0.45,3,0.0,0.425,0.554,0.309,0.351,0.218,,7.4,,71.5,71.0,11638.0,,46.0,1.3,0.2109,0.2929,0,LOW
DEF-12960,Sepoy,1,Peace Station,31,0.0,7.0,0.15,2,0.0,0.382,0.672,0.684,0.314,0.061,0.0,,0.22,,72.0,5332.0,0.93,21.0,1.5,0.1258,0.0518,0,LOW
DEF-12961,Sepoy,1,High Altitude (Siachen/Ladakh),87,8.4,6.0,0.85,1,1.0,0.15,-0.517,0.507,,0.339,0.42,,0.259,55.9,,9613.0,0.68,72.0,,0.4661,0.3677,1,MEDIUM
DEF-12962,Sepoy,1,Field Outpost,17,15.5,9.0,0.45,3,0.0,0.672,0.183,,0.326,0.235,0.349,7.3,,54.2,66.0,7997.0,,106.0,4.0,0.2286,0.1917,0,LOW
DEF-12963,Major,4,Peace Station,102,14.9,13.0,0.15,3,0.0,,,0.325,0.247,0.309,0.073,,0.213,62.1,70.0,4872.0,,43.0,2.8,0.1987,0.2535,0,LOW
DEF-12964,Subedar,3,Counter-Insurgency,80,19.2,9.0,0.9,4,0.0,0.309,-0.329,1.0,,0.938,0.532,,0.225,42.2,79.0,,0.55,135.0,3.7,0.9378,0.7309,2,HIGH
DEF-12965,Havildar,2,Peace Station,173,24.6,19.0,0.15,1,2.0,0.27,0.078,0.536,,0.77,0.606,5.5,,44.7,77.0,,,84.0,4.2,0.6991,0.7637,2,HIGH
DEF-12966,Havildar,2,High Altitude (Siachen/Ladakh),33,14.2,7.0,0.85,2,0.0,0.395,-0.009,0.451,0.793,0.367,0.352,5.9,0.193,55.6,81.0,7284.0,0.65,76.0,4.2,0.3449,0.1993,0,LOW
DEF-12967,Naik,1,High Altitude (Siachen/Ladakh),116,14.6,15.0,0.85,2,2.0,0.643,,,0.588,0.388,0.412,5.5,,44.1,77.0,11858.0,0.72,76.0,3.4,0.7828,0.8299,2,HIGH
DEF-12968,Major,4,Peace Station,61,23.5,9.0,0.15,2,0.0,0.189,0.139,,0.47,0.362,,5.8,0.286,43.0,72.0,,0.69,54.0,3.1,0.3326,0.2864,0,LOW
DEF-12969,Naik,1,Field Outpost,53,16.0,13.0,0.45,4,1.0,0.241,-0.0,,0.686,0.214,,6.8,0.305,58.6,,7597.0,0.92,37.0,2.9,0.2995,0.301,0,LOW
DEF-12970,Sepoy,1,Peace Station,32,6.2,15.0,0.15,2,1.0,0.666,,0.404,0.196,,0.129,7.5,0.287,50.6,,11766.0,0.72,39.0,2.6,0.0418,0.0873,0,LOW
DEF-12971,Sepoy,1,Field Outpost,48,9.6,5.0,0.45,2,2.0,0.172,,,0.5,0.584,0.243,6.6,0.322,,62.0,10724.0,0.92,34.0,2.1,0.0876,0.1419,0,LOW
DEF-12972,Havildar,2,High Altitude (Siachen/Ladakh),49,0.0,15.0,0.85,1,1.0,0.44,,0.689,0.587,0.484,0.392,7.3,,43.2,,,0.66,66.0,3.4,0.217,0.2314,0,LOW
DEF-12973,Havildar,2,Peace Station,22,6.0,17.0,0.15,1,0.0,0.243,-0.311,0.345,,,0.0,7.4,0.219,44.0,50.0,9685.0,0.73,67.0,2.5,0.5733,0.5171,1,MEDIUM
DEF-12974,Sepoy,1,Peace Station,79,0.0,15.0,0.15,1,1.0,0.584,-0.05,0.412,,0.628,0.165,5.9,0.289,62.2,69.0,9058.0,,40.0,1.6,0.0833,0.1725,0,LOW
DEF-12975,Sepoy,1,Field Outpost,73,17.0,10.0,0.45,1,0.0,0.101,-0.11,0.275,0.807,0.551,,6.7,,,,13066.0,0.89,37.0,2.8,0.3827,0.3432,1,MEDIUM
DEF-12976,Havildar,2,Field Outpost,91,24.3,15.0,0.45,1,0.0,0.711,-0.299,0.581,0.527,0.713,0.664,,0.23,46.5,73.0,7576.0,0.61,70.0,3.6,0.7684,0.6844,2,HIGH
DEF-12977,Sepoy,1,High Altitude (Siachen/Ladakh),44,6.0,10.0,0.85,1,0.0,0.105,,0.696,0.575,0.37,0.291,,0.252,,,6255.0,0.66,74.0,3.6,0.3173,0.2246,0,LOW
DEF-12978,Havildar,2,High Altitude (Siachen/Ladakh),105,6.3,11.0,0.85,2,0.0,0.22,0.084,0.288,0.315,,0.192,,0.246,48.8,73.0,10751.0,0.74,44.0,2.7,0.0872,0.1507,0,LOW
DEF-12979,Major,4,High Altitude (Siachen/Ladakh),135,,13.0,0.85,2,1.0,0.154,0.08,0.507,0.512,0.54,,6.3,0.218,35.7,75.0,11697.0,0.63,73.0,2.9,0.8445,0.9202,2,HIGH
DEF-12980,Sepoy,1,High Altitude (Siachen/Ladakh),56,10.2,16.0,0.85,3,0.0,,0.19,0.808,0.532,0.831,0.368,,,32.6,84.0,7074.0,0.64,83.0,3.9,0.6444,0.6058,1,MEDIUM
DEF-12981,Sepoy,1,Peace Station,34,16.2,10.0,0.15,2,0.0,0.85,-0.003,0.278,0.491,0.676,0.428,8.0,,,,10671.0,0.88,,3.1,0.3337,0.3913,1,MEDIUM
DEF-12982,Havildar,2,Field Outpost,67,20.3,15.0,0.45,2,0.0,0.412,,,,0.332,0.505,,0.137,49.6,76.0,8676.0,0.73,88.0,4.0,0.2937,0.3786,0,LOW
DEF-12983,Havildar,2,Field Outpost,65,8.0,,0.45,1,0.0,0.402,,0.282,0.583,,0.311,6.9,,50.9,,,0.69,94.0,,0.3545,0.3146,0,LOW
DEF-12984,Naik,1,Counter-Insurgency,58,8.1,12.0,0.9,3,0.0,0.548,-0.328,0.508,,0.832,0.236,7.9,0.223,52.3,69.0,,,65.0,,0.2494,0.2843,0,LOW
DEF-12985,Major,4,Field Outpost,91,9.7,15.0,0.45,1,,0.466,,0.542,,,,7.2,0.345,54.8,69.0,7537.0,0.61,43.0,2.5,0.4365,0.4501,1,MEDIUM
DEF-12986,Sepoy,1,Counter-Insurgency,52,0.8,7.0,0.9,4,4.0,0.227,0.091,0.257,0.25,0.759,0.034,6.0,0.324,,68.0,6532.0,0.92,68.0,,0.1677,0.2653,0,LOW
DEF-12987,Naik,1,High Altitude (Siachen/Ladakh),32,,18.0,0.85,2,1.0,0.224,-0.457,0.545,,,0.322,,0.238,44.0,64.0,,0.75,81.0,,0.396,0.4078,1,MEDIUM
DEF-12988,Havildar,2,High Altitude (Siachen/Ladakh),71,19.1,10.0,0.85,1,0.0,0.417,0.293,0.363,0.686,0.331,0.179,7.2,0.297,46.0,69.0,8004.0,0.73,37.0,3.0,0.1969,0.2418,0,LOW
DEF-12989,Subedar,3,Field Outpost,94,14.7,7.0,0.45,1,0.0,0.225,0.257,1.0,0.839,0.681,0.064,,0.163,41.9,,7284.0,0.72,62.0,3.6,0.4333,0.4324,1,MEDIUM
DEF-12990,Sepoy,1,Field Outpost,98,25.6,,0.45,1,0.0,0.737,0.055,0.916,0.421,0.564,0.491,7.3,0.234,,69.0,,0.66,70.0,3.0,0.1911,0.3207,0,LOW
DEF-12991,Havildar,2,Field Outpost,50,11.8,14.0,0.45,1,0.0,0.201,-0.301,0.698,,,,6.5,,60.1,76.0,7433.0,0.83,85.0,,0.228,0.2596,0,LOW
DEF-12992,Naik,1,Peace Station,77,19.2,6.0,0.15,1,3.0,0.103,0.427,,,,,,0.215,50.1,,,,70.0,,0.2051,0.1292,0,LOW
DEF-12993,Sepoy,1,Counter-Insurgency,138,18.1,16.0,0.9,2,0.0,0.124,0.014,0.628,0.507,0.751,,,0.191,57.7,78.0,,0.74,141.0,2.5,0.5016,0.6168,1,MEDIUM
DEF-12994,Sepoy,1,High Altitude (Siachen/Ladakh),137,,13.0,0.85,1,0.0,0.195,0.246,0.537,0.692,0.479,0.0,7.0,,,74.0,5039.0,0.77,,1.0,0.1973,0.3513,0,LOW
DEF-12995,Subedar,3,High Altitude (Siachen/Ladakh),118,23.8,14.0,0.85,2,0.0,0.288,0.081,0.404,0.956,0.464,0.53,5.5,0.186,64.6,71.0,,,71.0,,0.342,0.4888,1,MEDIUM
DEF-12996,Sepoy,1,Field Outpost,21,15.1,,0.45,3,0.0,0.311,0.218,,,0.624,0.29,6.0,,,73.0,10645.0,0.82,35.0,2.7,0.3099,0.3164,0,LOW
DEF-12997,Sepoy,1,Peace Station,52,22.3,15.0,0.15,2,0.0,0.178,-0.038,0.988,0.789,0.597,0.349,6.4,0.207,61.0,73.0,8063.0,,,2.2,0.1524,0.2167,0,LOW
DEF-12998,Sepoy,1,High Altitude (Siachen/Ladakh),132,2.9,12.0,0.85,1,,0.388,-0.008,,,0.72,0.252,6.7,0.267,62.1,72.0,10399.0,,65.0,4.8,0.5185,0.566,1,MEDIUM
DEF-12999,Subedar,3,Field Outpost,21,14.9,10.0,0.45,1,0.0,0.391,,0.775,0.31,0.902,,,,57.0,66.0,13547.0,,47.0,3.2,0.482,0.4623,1,MEDIUM
DEF-13000,Naik,1,Counter-Insurgency,62,10.1,11.0,0.9,1,0.0,0.087,,0.221,0.606,0.249,,7.9,0.247,60.4,74.0,11709.0,0.84,51.0,2.2,0.0681,0.0574,0,LOW
DEF-13001,Havildar,2,High Altitude (Siachen/Ladakh),44,6.8,15.0,0.85,3,2.0,0.127,,0.654,0.609,0.485,0.443,,0.161,49.5,83.0,,,110.0,3.5,0.6016,0.5506,1,MEDIUM
DEF-13002,Sepoy,1,Peace Station,78,26.0,20.0,0.15,2,0.0,0.716,-0.067,0.531,0.759,0.348,0.406,6.6,,57.3,62.0,4649.0,0.64,75.0,3.9,0.4945,0.5451,1,MEDIUM
DEF-13003,Naik,1,Field Outpost,12,15.7,8.0,0.45,2,1.0,,0.274,0.59,0.833,0.24,0.377,6.0,0.225,59.5,67.0,11606.0,0.82,58.0,2.5,0.4933,0.4213,1,MEDIUM
DEF-13004,Naik,1,High Altitude (Siachen/Ladakh),125,1.4,10.0,0.85,1,1.0,,-0.085,0.45,0.953,0.684,0.206,,0.252,57.9,67.0,10131.0,0.71,81.0,2.8,0.8002,0.7869,2,HIGH
DEF-13005,Havildar,2,Field Outpost,64,9.8,13.0,0.45,1,0.0,0.547,0.076,0.78,0.586,0.67,0.421,4.9,0.154,43.2,68.0,,0.68,63.0,4.3,0.4357,0.3893,1,MEDIUM
DEF-13006,Subedar,3,Field Outpost,31,22.0,11.0,0.45,3,0.0,0.279,-0.119,0.445,,0.343,0.534,6.6,0.179,38.3,70.0,18223.0,0.59,70.0,3.0,0.3126,0.3366,0,LOW
DEF-13007,Sepoy,1,Peace Station,40,,10.0,0.15,2,0.0,0.377,0.168,0.093,,,0.155,7.2,0.253,,62.0,12454.0,0.85,54.0,2.0,0.0431,0.0621,0,LOW
DEF-13008,Naik,1,Peace Station,79,5.9,19.0,0.15,4,,0.131,-0.464,0.553,,0.432,0.23,,0.298,47.0,64.0,7562.0,0.83,50.0,2.4,0.1051,0.2243,0,LOW
DEF-13009,Sepoy,1,High Altitude (Siachen/Ladakh),38,12.8,12.0,0.85,4,0.0,0.45,-0.052,0.642,,0.489,0.327,,,,,9555.0,,,2.6,0.0845,0.1543,0,LOW
DEF-13010,Naik,1,Peace Station,160,18.0,13.0,0.15,3,0.0,0.921,-0.503,0.267,0.438,0.388,,6.8,0.299,50.7,71.0,10177.0,0.77,67.0,1.9,0.2064,0.3286,0,LOW
DEF-13011,Sepoy,1,High Altitude (Siachen/Ladakh),59,7.8,10.0,0.85,1,0.0,0.456,0.005,0.374,0.707,0.292,,7.0,0.231,43.6,60.0,9032.0,0.73,41.0,2.9,0.0554,0.1587,0,LOW
DEF-13012,Sepoy,1,Field Outpost,144,17.3,11.0,0.45,1,0.0,0.425,-0.02,0.437,0.477,0.723,0.478,6.0,0.273,42.7,78.0,4441.0,0.78,117.0,3.7,0.3034,0.4265,1,MEDIUM
DEF-13013,Sepoy,1,Counter-Insurgency,71,14.3,8.0,0.9,1,0.0,0.094,0.011,0.249,0.368,0.499,0.161,,,52.0,73.0,8145.0,0.7,62.0,,0.3199,0.271,0,LOW
DEF-13014,Naik,1,Counter-Insurgency,96,15.3,13.0,0.9,4,0.0,0.235,-0.448,0.587,0.908,0.467,0.401,5.5,0.176,57.7,67.0,,0.7,55.0,2.9,0.5207,0.4881,1,MEDIUM
DEF-13015,Sepoy,1,High Altitude (Siachen/Ladakh),92,0.0,11.0,0.85,1,0.0,0.063,0.263,,0.685,0.354,0.153,6.5,0.23,62.6,61.0,8134.0,,55.0,1.6,0.1599,0.1736,0,LOW
DEF-13016,Havildar,2,Field Outpost,47,14.1,13.0,0.45,3,3.0,0.597,0.435,0.296,,0.542,0.32,7.4,0.215,56.8,70.0,3718.0,0.68,45.0,3.2,0.0845,0.0117,0,LOW
DEF-13017,Sepoy,1,Field Outpost,96,11.9,10.0,0.45,4,0.0,0.318,0.445,0.307,,0.673,,6.5,0.23,35.6,74.0,10314.0,0.58,55.0,2.3,0.7668,0.6267,2,HIGH
DEF-13018,Sepoy,1,Peace Station,50,17.3,11.0,0.15,3,1.0,0.557,,0.569,0.828,,0.522,5.4,0.145,,79.0,12004.0,0.58,71.0,,0.4726,0.3788,1,MEDIUM
DEF-13019,Havildar,2,Peace Station,20,8.4,18.0,0.15,2,0.0,,,,0.316,0.232,0.129,8.0,0.284,69.0,,9002.0,0.81,39.0,2.9,0.0772,0.0855,0,LOW
DEF-13020,Sepoy,1,Field Outpost,56,10.8,19.0,0.45,1,0.0,0.315,,0.672,0.834,0.568,0.415,6.2,0.273,47.5,74.0,12640.0,0.65,86.0,4.1,0.887,0.782,2,HIGH
DEF-13021,Sepoy,1,High Altitude (Siachen/Ladakh),28,18.5,15.0,0.85,1,0.0,0.544,,0.604,0.645,0.492,0.315,5.8,0.24,47.3,71.0,,0.62,76.0,3.1,0.6137,0.4137,1,MEDIUM
DEF-13022,Naik,1,Peace Station,49,26.3,12.0,0.15,2,0.0,0.668,0.582,0.325,0.316,0.137,0.252,7.3,0.282,67.9,48.0,8930.0,0.73,21.0,2.5,0.1006,0.2151,0,LOW
DEF-13023,Sepoy,1,Field Outpost,63,2.7,15.0,0.45,4,0.0,0.263,,,0.608,0.515,0.232,6.7,0.264,72.0,67.0,6565.0,0.76,48.0,2.9,0.2331,0.3865,0,LOW
DEF-13024,Sepoy,1,Field Outpost,35,18.4,11.0,0.45,4,0.0,,-0.287,0.798,0.734,,0.507,5.1,,,97.0,3161.0,0.47,112.0,5.4,0.7823,0.6099,2,HIGH
DEF-13025,Sepoy,1,Counter-Insurgency,88,24.4,7.0,0.9,1,1.0,0.251,,0.567,0.484,,0.365,,0.239,45.1,66.0,8039.0,0.76,40.0,2.0,0.0614,0.1454,0,LOW
DEF-13026,Major,4,Peace Station,49,19.9,15.0,0.15,1,0.0,0.243,-0.453,0.602,0.62,0.388,0.564,,0.189,53.4,77.0,11467.0,,73.0,3.7,0.3787,0.3177,1,MEDIUM
DEF-13027,Naik,1,Peace Station,27,23.8,14.0,0.15,2,2.0,0.514,,0.728,0.458,0.348,0.511,6.2,,60.4,70.0,12807.0,0.66,66.0,2.6,0.5008,0.3423,1,MEDIUM
DEF-13028,Naik,1,Counter-Insurgency,35,9.4,5.0,0.9,2,0.0,0.192,-0.353,0.394,0.61,0.157,0.215,,0.26,56.4,68.0,,0.82,37.0,3.5,0.1862,0.119,0,LOW
DEF-13029,Naik,1,Peace Station,68,24.5,15.0,0.15,1,0.0,0.197,-0.364,,0.66,0.763,0.484,6.2,0.16,58.9,80.0,,0.78,93.0,4.3,0.8118,0.744,2,HIGH
DEF-13030,Sepoy,1,High Altitude (Siachen/Ladakh),55,7.8,14.0,0.85,1,,0.081,-0.333,,0.882,0.631,0.187,5.4,0.255,,72.0,4485.0,0.76,,4.0,0.3981,0.3597,1,MEDIUM
DEF-13031,Sepoy,1,Field Outpost,76,14.5,12.0,0.45,4,1.0,0.217,0.074,0.495,0.634,0.542,0.317,6.6,0.296,56.8,71.0,10464.0,0.61,63.0,2.2,0.171,0.1917,0,LOW
DEF-13032,Havildar,2,Field Outpost,69,9.7,15.0,0.45,4,0.0,0.505,,0.265,0.681,0.43,0.148,5.7,,63.7,66.0,,0.79,85.0,,0.1952,0.2316,0,LOW
DEF-13033,Sepoy,1,Field Outpost,33,10.1,9.0,0.45,2,0.0,0.498,-0.108,0.319,0.706,0.407,0.184,,,,73.0,7341.0,,80.0,2.7,0.2896,0.2522,0,LOW
DEF-13034,Sepoy,1,Counter-Insurgency,43,0.0,12.0,0.9,2,0.0,0.3,-0.208,0.438,0.758,0.616,,,0.17,37.5,71.0,,0.67,73.0,3.7,0.2098,0.1847,0,LOW
DEF-13035,Sepoy,1,Peace Station,104,0.0,16.0,0.15,1,0.0,0.42,-0.238,0.302,0.605,0.283,,7.6,,55.8,66.0,9568.0,0.95,70.0,3.6,0.0819,0.2854,0,LOW
DEF-13036,Sepoy,1,Peace Station,37,24.0,11.0,0.15,3,0.0,0.273,,0.603,0.956,0.695,,7.5,0.186,37.3,78.0,11100.0,0.57,114.0,2.9,0.5271,0.4621,1,MEDIUM
DEF-13037,Colonel,4,Field Outpost,145,0.0,13.0,0.45,1,0.0,0.707,,0.624,0.197,0.464,0.063,7.6,0.276,62.5,67.0,12922.0,0.7,45.0,2.5,0.2923,0.3914,0,LOW
DEF-13038,Sepoy,1,Field Outpost,23,16.1,14.0,0.45,1,0.0,0.855,0.067,0.419,0.532,0.797,,6.9,0.166,,65.0,,0.73,106.0,,0.3477,0.2417,0,LOW
DEF-13039,Naik,1,Field Outpost,102,3.0,9.0,0.45,1,0.0,,0.621,0.25,0.633,0.362,0.133,6.1,0.22,69.1,69.0,12013.0,0.8,,2.0,0.1763,0.2972,0,LOW
DEF-13040,Sepoy,1,Counter-Insurgency,60,6.8,14.0,0.9,1,1.0,0.438,0.241,0.369,0.551,0.422,0.231,8.2,0.297,,59.0,8785.0,,38.0,1.9,0.25,0.3598,0,LOW
DEF-13041,Major,4,Counter-Insurgency,33,19.8,10.0,0.9,3,1.0,0.67,-0.396,,0.559,0.289,0.468,6.8,0.231,43.3,70.0,5490.0,0.75,,,0.2461,0.3037,0,LOW
DEF-13042,Sepoy,1,Peace Station,67,15.4,8.0,0.15,4,0.0,0.582,,0.206,,0.368,0.153,7.9,,,74.0,6012.0,0.81,50.0,2.8,0.0459,0.1686,0,LOW
DEF-13043,Sepoy,1,Peace Station,37,12.9,8.0,0.15,2,0.0,0.269,,0.335,0.416,0.262,0.196,7.7,0.248,55.1,,8534.0,0.75,39.0,3.4,0.2828,0.2317,0,LOW
DEF-13044,Havildar,2,Peace Station,45,23.7,8.0,0.15,3,0.0,0.597,-0.151,0.559,,0.603,0.367,5.9,0.191,50.3,76.0,9566.0,0.86,87.0,3.1,0.4364,0.3463,1,MEDIUM
DEF-13045,Havildar,2,Counter-Insurgency,50,11.5,12.0,0.9,1,0.0,0.17,-0.12,,0.486,0.804,0.288,7.2,,58.5,71.0,7532.0,,58.0,3.6,0.3577,0.327,0,LOW
DEF-13046,Sepoy,1,Field Outpost,98,24.5,10.0,0.45,2,0.0,0.312,0.119,0.433,0.384,0.456,0.386,,0.218,55.9,79.0,6949.0,,53.0,2.5,0.2213,0.2406,0,LOW
DEF-13047,Sepoy,1,Field Outpost,42,4.9,11.0,0.45,3,0.0,0.655,0.299,0.207,0.165,,,7.7,,57.0,,6350.0,,46.0,2.1,0.1296,0.0937,0,LOW
DEF-13048,Sepoy,1,High Altitude (Siachen/Ladakh),73,3.9,13.0,0.85,2,2.0,0.18,-0.204,0.534,0.594,0.481,0.161,6.2,0.23,41.2,,10136.0,,80.0,3.6,0.2054,0.1728,0,LOW
DEF-13049,Sepoy,1,Field Outpost,100,12.8,13.0,0.45,1,2.0,0.238,-0.189,0.424,0.607,,,6.1,,43.4,73.0,12189.0,0.69,89.0,3.7,0.1622,0.2368,0,LOW
DEF-13050,Sepoy,1,Peace Station,66,14.0,8.0,0.15,3,0.0,0.519,0.245,0.624,,0.516,0.301,7.1,,,,11815.0,,47.0,3.2,0.4192,0.4054,1,MEDIUM
DEF-13051,Naik,1,Field Outpost,80,6.7,13.0,0.45,1,0.0,0.486,-0.202,0.229,0.211,,0.089,7.6,,68.1,70.0,10007.0,0.63,46.0,2.2,0.1737,0.2975,0,LOW
DEF-13052,Sepoy,1,Field Outpost,62,11.7,9.0,0.45,1,0.0,0.557,0.168,,0.337,0.418,0.199,6.2,0.204,40.1,81.0,8556.0,,63.0,3.7,0.3467,0.3687,1,MEDIUM
DEF-13053,Sepoy,1,High Altitude (Siachen/Ladakh),87,25.6,11.0,0.85,2,0.0,0.036,,0.474,0.425,,,6.9,0.201,44.5,67.0,8168.0,0.62,53.0,,0.4923,0.4679,1,MEDIUM
DEF-13054,Naik,1,Field Outpost,26,10.6,6.0,0.45,1,2.0,0.347,-0.344,0.253,,0.336,0.223,,0.256,87.4,,,0.81,34.0,3.3,0.1273,0.0862,0,LOW
DEF-13055,Major,4,Peace Station,138,0.0,13.0,0.15,2,0.0,0.374,0.101,,0.181,0.163,,7.6,0.251,65.6,67.0,7532.0,0.85,57.0,2.9,0.0349,0.1377,0,LOW
DEF-13056,Naik,1,Peace Station,41,0.0,10.0,0.15,2,0.0,0.552,0.476,0.102,0.124,0.166,0.0,7.6,0.234,55.2,55.0,7633.0,0.82,52.0,,0.1421,0.1555,0,LOW
DEF-13057,Sepoy,1,High Altitude (Siachen/Ladakh),60,31.7,9.0,0.85,1,0.0,0.029,0.386,0.832,1.0,,0.495,,,,70.0,11511.0,0.67,,,0.4422,0.3798,1,MEDIUM
DEF-13058,Sepoy,1,Counter-Insurgency,15,26.3,9.0,0.9,4,1.0,0.259,-0.509,0.725,0.925,0.619,0.68,5.5,0.224,,71.0,5102.0,,91.0,3.9,0.8443,0.6815,2,HIGH
DEF-13059,Major,4,Peace Station,46,10.3,18.0,0.15,3,1.0,0.881,,,,0.065,0.017,7.2,0.346,55.6,58.0,,0.87,49.0,2.3,0.1566,0.1939,0,LOW
DEF-13060,Sepoy,1,Peace Station,75,20.9,8.0,0.15,1,0.0,0.617,0.148,0.48,0.574,0.562,,7.9,0.235,41.3,,12846.0,0.62,42.0,2.3,0.3369,0.4287,1,MEDIUM
DEF-13061,Sepoy,1,Field Outpost,149,16.2,9.0,0.45,3,,,,,0.59,0.688,0.506,6.4,0.218,,73.0,8138.0,,85.0,3.5,0.5032,0.5298,1,MEDIUM
DEF-13062,Naik,1,Field Outpost,90,24.8,13.0,0.45,1,1.0,,,0.69,,0.549,0.564,,0.231,31.1,79.0,7356.0,0.66,76.0,3.8,0.8545,0.7966,2,HIGH
DEF-13063,Naik,1,Peace Station,48,4.9,11.0,0.15,3,0.0,0.211,,0.43,0.571,0.453,0.039,7.7,,61.3,64.0,11094.0,,25.0,,0.1108,0.1729,0,LOW
DEF-13064,Naik,1,Field Outpost,22,5.1,,0.45,3,0.0,0.715,-0.119,0.636,0.658,0.745,0.261,7.0,0.188,61.6,71.0,,0.68,51.0,2.8,0.2202,0.1326,0,LOW
DEF-13065,Sepoy,1,Counter-Insurgency,129,25.2,11.0,0.9,1,0.0,0.313,,1.0,0.954,0.573,0.64,6.3,,42.4,68.0,,,95.0,,0.6441,0.5673,1,MEDIUM
DEF-13066,Sepoy,1,Field Outpost,47,1.3,11.0,0.45,2,0.0,0.167,0.316,0.559,0.235,,0.0,8.7,0.251,,59.0,8319.0,,37.0,,0.3179,0.2961,0,LOW
DEF-13067,Major,4,Field Outpost,75,14.6,13.0,0.45,3,0.0,0.319,,1.0,0.424,0.365,0.469,6.6,0.191,54.8,67.0,,0.82,91.0,3.7,0.1296,0.252,0,LOW
DEF-13068,Sepoy,1,High Altitude (Siachen/Ladakh),48,13.6,15.0,0.85,1,1.0,0.518,-0.197,0.587,0.799,0.597,0.573,5.0,0.204,44.0,80.0,5474.0,0.77,72.0,2.1,0.6438,0.5579,1,MEDIUM
DEF-13069,Naik,1,Peace Station,81,20.7,11.0,0.15,1,1.0,0.577,-0.13,1.0,,0.722,0.531,5.7,0.223,51.5,61.0,,0.48,73.0,4.0,0.7244,0.6304,2,HIGH
DEF-13070,Havildar,2,Field Outpost,126,15.2,12.0,0.45,1,0.0,0.297,-0.11,0.952,0.663,0.511,0.452,6.9,0.237,53.1,74.0,8596.0,,60.0,4.8,0.4711,0.4567,1,MEDIUM
DEF-13071,Naik,1,Field Outpost,97,12.9,8.0,0.45,1,1.0,0.576,-0.296,,0.568,0.501,0.391,6.2,0.162,46.7,74.0,3477.0,0.68,59.0,4.1,0.5974,0.545,1,MEDIUM
DEF-13072,Sepoy,1,Field Outpost,54,10.8,13.0,0.45,1,1.0,0.274,-0.208,0.426,0.39,0.427,0.112,,0.167,55.8,64.0,8144.0,0.69,53.0,2.7,0.4306,0.3759,1,MEDIUM
DEF-13073,Sepoy,1,Counter-Insurgency,131,5.5,18.0,0.9,1,0.0,0.795,-0.724,0.515,0.634,0.975,0.565,6.3,0.186,41.0,81.0,7093.0,0.61,85.0,,0.9226,0.956,2,HIGH
DEF-13074,Naik,1,Peace Station,167,12.6,13.0,0.15,1,0.0,0.467,-0.21,0.62,0.268,0.79,0.154,6.3,0.323,53.4,,7648.0,0.82,64.0,2.9,0.1734,0.2981,0,LOW
DEF-13075,Subedar,3,Peace Station,111,23.9,9.0,0.15,1,0.0,0.371,-0.316,0.342,0.467,0.458,0.524,6.9,,50.8,69.0,8314.0,0.61,40.0,2.8,0.1847,0.2319,0,LOW
DEF-13076,Major,4,Counter-Insurgency,49,11.6,15.0,0.9,2,0.0,,0.055,0.477,0.368,0.465,0.303,5.7,0.268,65.1,74.0,8151.0,,64.0,2.7,0.4571,0.441,1,MEDIUM
DEF-13077,Sepoy,1,Peace Station,102,26.0,11.0,0.15,4,0.0,0.642,,,0.658,0.365,0.44,5.6,0.223,,72.0,8501.0,0.79,,2.9,0.4363,0.4802,1,MEDIUM
DEF-13078,Sepoy,1,Field Outpost,111,20.2,15.0,0.45,4,0.0,0.9,0.044,0.209,,0.517,0.437,8.1,0.224,,,12641.0,,,,0.3241,0.4764,1,MEDIUM
DEF-13079,Major,4,Field Outpost,55,18.1,9.0,0.45,1,1.0,,-0.365,,0.293,0.78,0.301,6.1,0.252,39.4,77.0,6725.0,0.81,45.0,3.3,0.4829,0.4747,1,MEDIUM
DEF-13080,Havildar,2,Counter-Insurgency,167,12.6,9.0,0.9,3,0.0,0.183,-0.135,1.0,1.0,,0.393,6.0,0.213,52.7,76.0,8373.0,,77.0,3.5,0.4491,0.5238,1,MEDIUM
DEF-13081,Subedar,3,Field Outpost,123,8.7,6.0,0.45,4,0.0,0.338,0.495,0.275,,0.855,,,,54.3,70.0,6672.0,0.75,60.0,2.5,0.1106,0.2363,0,LOW
DEF-13082,Sepoy,1,Field Outpost,56,28.3,12.0,0.45,4,3.0,0.306,-0.02,,,0.493,0.483,5.8,,,69.0,11232.0,,,4.1,0.5313,0.4355,1,MEDIUM
DEF-13083,Naik,1,Field Outpost,49,20.7,6.0,0.45,3,1.0,0.35,-0.037,0.496,0.588,0.482,0.608,5.0,,39.7,74.0,9606.0,0.57,,3.3,0.8238,0.6546,2,HIGH
DEF-13084,Havildar,2,Counter-Insurgency,109,12.8,12.0,0.9,3,1.0,0.44,0.22,0.595,0.517,0.661,,7.8,0.245,61.5,61.0,8729.0,,,2.6,0.4634,0.5045,1,MEDIUM
DEF-13085,Naik,1,High Altitude (Siachen/Ladakh),192,28.4,14.0,0.85,1,0.0,0.785,-0.717,,,0.799,0.622,,0.198,45.2,75.0,,0.51,79.0,4.4,0.8695,0.8845,2,HIGH
DEF-13086,Sepoy,1,Peace Station,28,19.3,10.0,0.15,1,0.0,0.148,0.181,0.403,0.427,0.26,0.379,8.3,0.236,51.5,67.0,7051.0,,47.0,1.6,0.0956,0.0734,0,LOW
DEF-13087,Sepoy,1,High Altitude (Siachen/Ladakh),83,1.9,13.0,0.85,2,0.0,0.704,0.01,0.362,0.377,0.539,0.085,6.7,0.23,,74.0,9448.0,0.79,131.0,3.9,0.1961,0.2707,0,LOW
DEF-13088,Naik,1,High Altitude (Siachen/Ladakh),101,10.4,16.0,0.85,1,0.0,,-0.055,0.604,0.576,0.861,0.475,6.0,,29.9,72.0,6969.0,0.48,83.0,4.8,0.5605,0.6141,1,MEDIUM
DEF-13089,Sepoy,1,High Altitude (Siachen/Ladakh),125,20.2,9.0,0.85,4,0.0,0.706,,0.815,0.842,1.0,0.517,4.4,0.196,41.3,,3450.0,0.53,85.0,3.5,0.91,0.7693,2,HIGH
DEF-13090,Naik,1,High Altitude (Siachen/Ladakh),102,26.8,19.0,0.85,1,0.0,0.306,-0.287,0.447,0.443,0.916,0.45,,0.282,43.6,78.0,11045.0,,66.0,4.0,0.4187,0.5429,1,MEDIUM
DEF-13091,Major,4,Field Outpost,47,,7.0,0.45,4,3.0,,0.029,0.357,,0.435,0.533,6.9,0.22,44.0,72.0,,,,3.8,0.2046,0.2023,0,LOW
DEF-13092,Sepoy,1,Field Outpost,26,,10.0,0.45,3,0.0,0.315,0.176,0.684,0.581,0.451,,,0.316,48.9,,4993.0,0.72,,3.0,0.4193,0.3165,1,MEDIUM
DEF-13093,Havildar,2,High Altitude (Siachen/Ladakh),53,19.2,13.0,0.85,2,0.0,0.143,-0.25,0.342,,0.554,0.206,,0.218,56.4,69.0,3973.0,,70.0,3.3,0.406,0.4266,1,MEDIUM
DEF-13094,Sepoy,1,Peace Station,100,8.8,19.0,0.15,1,,,-0.133,,0.634,0.293,0.372,6.7,0.245,,73.0,13356.0,,,3.0,0.1009,0.2484,0,LOW
DEF-13095,Naik,1,Peace Station,44,6.5,9.0,0.15,1,0.0,0.363,,0.332,0.684,0.341,,6.2,0.265,70.5,68.0,,0.67,52.0,,0.1267,0.0872,0,LOW
DEF-13096,Major,4,Peace Station,137,0.0,12.0,0.15,2,0.0,0.543,,0.257,0.175,0.571,0.145,,,55.2,,8279.0,,53.0,3.4,0.0428,0.1424,0,LOW
DEF-13097,Sepoy,1,High Altitude (Siachen/Ladakh),59,17.3,14.0,0.85,3,1.0,0.521,0.088,0.4,0.331,0.554,0.329,,,,69.0,10682.0,,69.0,4.0,0.6294,0.6143,1,MEDIUM
DEF-13098,Sepoy,1,High Altitude (Siachen/Ladakh),42,24.7,10.0,0.85,4,0.0,0.562,-0.172,1.0,,,0.466,6.1,0.288,,74.0,7966.0,0.6,108.0,3.9,0.7334,0.5963,1,MEDIUM
DEF-13099,Sepoy,1,Field Outpost,88,,12.0,0.45,1,0.0,0.748,0.272,0.767,0.534,0.584,0.465,6.8,0.215,50.5,,6154.0,0.63,54.0,2.3,0.2745,0.3171,0,LOW
DEF-13100,Sepoy,1,High Altitude (Siachen/Ladakh),56,14.7,9.0,0.85,1,0.0,0.352,-0.448,0.605,0.76,0.715,0.572,4.5,0.141,,,8644.0,,78.0,3.8,0.1904,0.2261,0,LOW
DEF-13101,Havildar,2,High Altitude (Siachen/Ladakh),49,24.4,15.0,0.85,1,1.0,0.174,,0.559,0.474,1.0,0.365,6.1,0.247,44.5,76.0,7472.0,0.57,84.0,2.4,0.7674,0.667,2,HIGH
DEF-13102,Subedar,3,Counter-Insurgency,179,39.1,9.0,0.9,1,3.0,0.621,-0.359,0.622,1.0,0.507,0.61,7.1,0.193,32.7,,7221.0,0.58,79.0,3.0,0.3124,0.4087,1,MEDIUM
DEF-13103,Sepoy,1,Peace Station,44,6.9,17.0,0.15,3,0.0,0.583,-0.35,0.709,0.503,0.644,0.372,6.5,,57.2,,,0.72,78.0,3.9,0.5441,0.4824,1,MEDIUM
DEF-13104,Sepoy,1,Field Outpost,52,0.0,16.0,0.45,1,0.0,0.641,0.505,0.265,0.708,0.17,0.097,7.8,0.263,69.3,57.0,11900.0,,38.0,,0.0815,0.1272,0,LOW
DEF-13105,Sepoy,1,High Altitude (Siachen/Ladakh),89,16.9,6.0,0.85,2,0.0,0.436,-0.409,1.0,0.942,0.758,0.458,5.9,0.157,42.3,72.0,11722.0,0.68,93.0,3.5,0.6251,0.5352,1,MEDIUM
DEF-13106,Havildar,2,Peace Station,135,23.2,17.0,0.15,2,,0.327,-0.106,0.604,0.474,0.574,0.508,7.2,,56.3,,14627.0,1.0,,2.3,0.2625,0.4143,0,LOW
DEF-13107,Sepoy,1,Peace Station,84,0.8,14.0,0.15,1,,0.618,,0.425,0.477,0.386,0.304,4.0,0.162,,76.0,14303.0,0.64,80.0,3.8,0.1921,0.2011,0,LOW
DEF-13108,Naik,1,Field Outpost,68,21.1,10.0,0.45,2,1.0,0.173,0.112,,0.46,0.87,0.225,6.4,0.233,46.1,63.0,9299.0,,,,0.3006,0.4109,0,LOW
DEF-13109,Naik,1,High Altitude (Siachen/Ladakh),191,,13.0,0.85,2,3.0,0.167,0.229,,0.47,0.587,0.33,,0.186,40.7,,11329.0,,51.0,2.7,0.4232,0.4825,1,MEDIUM
DEF-13110,Naik,1,Field Outpost,50,,17.0,0.45,1,0.0,0.399,0.036,1.0,0.973,0.699,0.551,6.0,0.138,47.4,86.0,,0.66,77.0,3.3,0.816,0.7416,2,HIGH
DEF-13111,Sepoy,1,Field Outpost,50,6.2,8.0,0.45,2,0.0,0.773,-0.048,,0.191,,0.236,7.8,0.272,,,7949.0,0.9,68.0,3.7,0.1852,0.1832,0,LOW
DEF-13112,Havildar,2,Field Outpost,44,5.7,14.0,0.45,1,0.0,0.577,0.076,0.794,0.399,0.577,0.0,,0.296,52.5,,12643.0,0.76,30.0,2.5,0.096,0.1354,0,LOW
DEF-13113,Sepoy,1,Peace Station,81,4.6,9.0,0.15,2,0.0,0.63,0.146,0.308,0.29,0.653,0.188,7.9,0.205,,58.0,8528.0,0.85,34.0,2.6,0.1541,0.1551,0,LOW
DEF-13114,Sepoy,1,Counter-Insurgency,36,19.7,14.0,0.9,4,1.0,0.141,-0.573,0.536,0.853,0.575,0.64,5.2,0.17,,77.0,10965.0,0.7,72.0,4.4,0.6255,0.5106,1,MEDIUM
DEF-13115,Subedar,3,Peace Station,30,8.7,14.0,0.15,3,0.0,0.451,,0.496,0.603,0.273,0.0,8.0,0.219,51.0,,,0.86,44.0,2.4,0.0949,0.1376,0,LOW
DEF-13116,Havildar,2,Field Outpost,52,16.3,11.0,0.45,2,0.0,0.313,-0.085,,0.489,0.612,0.506,7.3,0.294,56.6,67.0,8536.0,,,2.3,0.2808,0.2552,0,LOW
DEF-13117,Sepoy,1,Peace Station,21,14.3,19.0,0.15,3,0.0,0.303,0.409,,0.573,0.42,0.162,8.4,,,70.0,6161.0,0.77,56.0,3.0,0.2497,0.1867,0,LOW
DEF-13118,Sepoy,1,Field Outpost,75,4.0,7.0,0.45,3,0.0,0.215,-0.134,0.494,0.265,0.237,0.217,7.4,,,74.0,13717.0,0.74,,2.7,0.2561,0.2424,0,LOW
DEF-13119,Sepoy,1,Counter-Insurgency,81,14.6,10.0,0.9,1,0.0,0.644,-0.018,,0.711,,0.286,6.3,0.276,,73.0,6712.0,0.82,43.0,2.8,0.2938,0.2995,0,LOW
DEF-13120,Sepoy,1,Counter-Insurgency,90,16.0,16.0,0.9,3,0.0,0.686,,0.85,0.808,,0.394,5.9,0.142,52.6,78.0,9160.0,0.69,69.0,3.9,0.6137,0.651,1,MEDIUM
DEF-13121,Sepoy,1,Field Outpost,105,23.0,,0.45,2,0.0,0.619,,0.714,0.786,0.624,0.425,,0.164,,73.0,8933.0,0.82,114.0,,0.6965,0.6983,2,HIGH
DEF-13122,Sepoy,1,Peace Station,53,26.7,7.0,0.15,3,0.0,,-0.204,0.921,0.762,0.699,,,,,67.0,,0.66,,,0.9156,0.7855,2,HIGH
DEF-13123,Naik,1,Peace Station,127,5.3,9.0,0.15,1,0.0,0.47,0.076,,0.54,0.302,0.134,5.5,0.228,60.7,71.0,8396.0,,88.0,2.7,0.091,0.136,0,LOW
DEF-13124,Havildar,2,Peace Station,120,17.0,7.0,0.15,4,2.0,0.733,-0.022,0.144,0.356,,,,0.251,56.7,66.0,,0.76,,2.5,0.2127,0.2732,0,LOW
DEF-13125,Naik,1,Field Outpost,33,0.0,11.0,0.45,2,1.0,0.018,0.069,0.527,0.496,0.331,0.338,,,35.1,,11666.0,0.72,67.0,2.6,0.7089,0.5933,1,MEDIUM
DEF-13126,Naik,1,Field Outpost,63,21.2,12.0,0.45,1,0.0,,-0.163,,0.399,,0.28,,,68.2,76.0,,,57.0,,0.1116,0.1647,0,LOW
DEF-13127,Sepoy,1,High Altitude (Siachen/Ladakh),11,23.3,9.0,0.85,2,1.0,0.043,,0.981,0.555,,0.6,6.6,0.207,,75.0,8506.0,0.48,68.0,3.9,0.5174,0.4281,1,MEDIUM
DEF-13128,Major,4,High Altitude (Siachen/Ladakh),128,0.0,12.0,0.85,1,0.0,0.159,-0.479,0.512,,0.474,,7.5,0.273,58.9,63.0,6607.0,,46.0,2.2,0.1317,0.2245,0,LOW
DEF-13129,Havildar,2,Peace Station,104,11.1,9.0,0.15,1,0.0,0.328,0.152,,0.669,0.18,0.049,6.7,,49.5,70.0,8251.0,0.88,29.0,1.8,0.1468,0.1735,0,LOW
DEF-13130,Havildar,2,High Altitude (Siachen/Ladakh),144,6.4,5.0,0.85,1,0.0,0.122,-0.258,0.308,0.818,0.319,,6.9,0.283,51.4,67.0,4329.0,0.43,92.0,3.5,0.3209,0.4138,1,MEDIUM
DEF-13131,Havildar,2,High Altitude (Siachen/Ladakh),23,11.1,9.0,0.85,1,0.0,0.265,,0.821,0.403,0.895,0.422,,0.189,54.1,75.0,7930.0,0.79,63.0,3.8,0.4533,0.3972,1,MEDIUM
DEF-13132,Major,4,Field Outpost,86,9.4,10.0,0.45,2,0.0,0.308,0.111,0.858,0.574,0.298,0.193,5.9,0.205,59.3,70.0,,0.82,,2.9,0.1663,0.2968,0,LOW
DEF-13133,Naik,1,Counter-Insurgency,46,13.6,7.0,0.9,1,0.0,0.502,,,,0.394,0.403,5.2,0.24,56.9,66.0,,0.7,72.0,2.5,0.461,0.4099,1,MEDIUM
DEF-13134,Sepoy,1,High Altitude (Siachen/Ladakh),15,22.4,10.0,0.85,1,0.0,,-0.37,,0.459,0.578,0.461,5.9,0.225,,73.0,13662.0,0.54,59.0,2.4,0.6133,0.4656,1,MEDIUM
DEF-13135,Naik,1,Field Outpost,113,11.3,15.0,0.45,2,0.0,0.286,-0.371,,,0.265,,6.7,,56.0,74.0,4247.0,,54.0,,0.1573,0.2003,0,LOW
DEF-13136,Havildar,2,Counter-Insurgency,28,5.6,9.0,0.9,1,1.0,0.304,-0.583,0.619,,0.713,0.244,6.3,0.244,40.2,73.0,,0.71,101.0,3.6,0.233,0.2211,0,LOW
DEF-13137,Havildar,2,Field Outpost,79,12.3,15.0,0.45,1,0.0,0.735,0.431,,0.531,0.177,0.168,,0.314,48.5,70.0,7282.0,,46.0,2.9,0.1522,0.1218,0,LOW
DEF-13138,Naik,1,Field Outpost,46,11.8,21.0,0.45,1,0.0,0.244,,0.854,0.502,0.598,0.325,6.4,0.22,46.4,66.0,5784.0,,87.0,3.2,0.3829,0.4785,1,MEDIUM
DEF-13139,Sepoy,1,Field Outpost,71,13.3,10.0,0.45,2,1.0,0.577,-0.016,0.883,0.631,0.943,0.114,,0.235,,76.0,4822.0,,59.0,2.0,0.6379,0.5851,1,MEDIUM
DEF-13140,Sepoy,1,Counter-Insurgency,106,8.7,12.0,0.9,1,0.0,0.795,-0.616,0.847,0.734,0.571,0.361,5.2,,41.8,80.0,8230.0,,78.0,3.7,0.5853,0.6686,1,MEDIUM
DEF-13141,Subedar,3,Peace Station,72,17.1,16.0,0.15,1,2.0,0.535,0.252,,,0.579,0.253,7.2,0.231,51.8,66.0,6949.0,0.92,68.0,4.2,0.1986,0.3139,0,LOW
DEF-13142,Naik,1,Field Outpost,36,25.0,11.0,0.45,2,1.0,0.329,0.09,0.763,,0.475,0.277,5.4,0.216,43.6,76.0,12232.0,0.92,64.0,2.2,0.5447,0.3466,1,MEDIUM
DEF-13143,Naik,1,Field Outpost,182,3.2,15.0,0.45,1,0.0,0.36,,,0.284,0.565,0.174,,0.236,56.2,74.0,13361.0,,40.0,,0.3718,0.5823,1,MEDIUM
DEF-13144,Sepoy,1,Field Outpost,53,17.8,12.0,0.45,2,0.0,0.416,-0.325,0.444,0.637,,0.464,,0.223,54.4,,5776.0,0.59,89.0,3.0,0.3245,0.2774,0,LOW
DEF-13145,Sepoy,1,High Altitude (Siachen/Ladakh),41,22.2,11.0,0.85,1,4.0,0.118,-0.181,0.502,0.603,0.405,0.449,6.5,,53.6,72.0,8459.0,,,3.6,0.1674,0.1359,0,LOW
DEF-13146,Subedar,3,Field Outpost,61,10.3,15.0,0.45,3,0.0,0.283,-0.356,,0.371,0.964,0.286,5.7,0.236,50.7,71.0,11509.0,0.68,73.0,2.9,0.3637,0.3394,1,MEDIUM
DEF-13147,Naik,1,Peace Station,23,24.6,14.0,0.15,3,0.0,0.404,0.162,0.519,0.31,0.64,,6.9,0.241,39.1,75.0,8647.0,0.81,65.0,4.2,0.6744,0.6093,1,MEDIUM
DEF-13148,Havildar,2,Counter-Insurgency,43,13.5,17.0,0.9,4,1.0,0.377,-0.201,0.773,0.611,,0.304,6.3,0.199,45.4,73.0,12792.0,,62.0,3.6,0.5119,0.4796,1,MEDIUM
DEF-13149,Naik,1,High Altitude (Siachen/Ladakh),55,4.4,14.0,0.85,2,0.0,0.5,0.244,0.31,,0.357,0.157,5.9,0.231,49.2,75.0,13282.0,0.86,55.0,2.9,0.2003,0.1849,0,LOW
DEF-13150,Naik,1,Counter-Insurgency,75,3.2,15.0,0.9,2,,0.418,0.003,0.379,0.589,,0.2,8.6,0.317,66.2,63.0,4046.0,0.81,49.0,3.3,0.3432,0.4289,1,MEDIUM
DEF-13151,Sepoy,1,Peace Station,67,20.7,11.0,0.15,4,1.0,0.275,,0.585,0.401,0.543,,,0.298,,64.0,12346.0,0.73,,,0.4407,0.3404,1,MEDIUM
DEF-13152,Havildar,2,Field Outpost,86,19.9,14.0,0.45,1,0.0,0.551,-0.405,0.59,0.265,,0.27,,,72.3,68.0,6041.0,,53.0,,0.127,0.1962,0,LOW
DEF-13153,Sepoy,1,High Altitude (Siachen/Ladakh),63,27.3,,0.85,2,0.0,,-0.238,,0.395,0.654,0.432,6.4,0.277,51.0,,10859.0,0.68,78.0,3.3,0.6249,0.5685,1,MEDIUM
DEF-13154,Sepoy,1,Field Outpost,119,19.7,15.0,0.45,1,0.0,0.304,0.045,,0.308,0.748,0.495,6.5,0.222,55.2,72.0,10810.0,0.74,62.0,,0.5591,0.6239,1,MEDIUM
DEF-13155,Naik,1,High Altitude (Siachen/Ladakh),94,13.2,12.0,0.85,2,1.0,0.668,-0.182,0.489,0.226,0.454,0.222,,,49.4,60.0,8710.0,,101.0,3.4,0.1405,0.2139,0,LOW
DEF-13156,Major,4,Peace Station,82,18.1,17.0,0.15,1,0.0,0.529,-0.316,0.642,0.385,0.658,,,0.262,58.8,64.0,13388.0,,50.0,2.5,0.4585,0.481,1,MEDIUM
DEF-13157,Sepoy,1,Field Outpost,130,14.6,9.0,0.45,3,0.0,0.341,-0.49,0.458,0.6,0.505,,,0.246,,,6494.0,0.8,58.0,3.0,0.1667,0.2559,0,LOW
DEF-13158,Havildar,2,Field Outpost,130,11.2,9.0,0.45,4,0.0,0.187,-0.079,0.849,,0.484,0.228,6.1,0.176,53.8,74.0,7670.0,,61.0,3.5,0.2016,0.2896,0,LOW
DEF-13159,Sepoy,1,Field Outpost,69,9.3,15.0,0.45,1,0.0,0.752,0.204,,0.597,0.579,0.02,,0.253,53.6,72.0,,,78.0,3.6,0.5404,0.5187,1,MEDIUM
DEF-13160,Sepoy,1,Field Outpost,51,0.0,6.0,0.45,3,0.0,0.591,-0.056,0.224,0.306,,0.054,6.5,0.23,34.8,61.0,6237.0,0.8,41.0,2.7,0.1651,0.1821,0,LOW
DEF-13161,Sepoy,1,Peace Station,73,7.7,11.0,0.15,1,0.0,0.373,0.347,,0.432,0.362,,7.1,,,64.0,6553.0,0.79,35.0,,0.1261,0.1824,0,LOW
DEF-13162,Sepoy,1,High Altitude (Siachen/Ladakh),60,13.8,10.0,0.85,1,2.0,0.302,,0.272,0.319,0.376,0.224,6.6,0.22,55.5,63.0,11066.0,,48.0,2.7,0.1544,0.084,0,LOW
DEF-13163,Naik,1,Peace Station,50,0.0,10.0,0.15,2,0.0,0.604,,0.497,0.502,0.372,0.089,,0.276,49.9,71.0,8585.0,,50.0,3.6,0.1735,0.2742,0,LOW
DEF-13164,Sepoy,1,Field Outpost,72,9.6,14.0,0.45,1,0.0,0.226,0.247,,0.675,0.187,0.269,7.8,0.2,,68.0,6547.0,0.79,65.0,2.4,0.0964,0.2231,0,LOW
DEF-13165,Naik,1,Peace Station,80,21.8,14.0,0.15,2,0.0,0.441,-0.071,0.203,0.534,,0.201,,0.267,49.6,67.0,8315.0,,59.0,3.2,0.3103,0.3315,0,LOW
DEF-13166,Subedar,3,Field Outpost,92,,5.0,0.45,1,4.0,0.384,-0.097,,0.746,0.43,0.231,5.8,,62.7,72.0,8286.0,0.75,,3.7,0.0907,0.0462,0,LOW
DEF-13167,Sepoy,1,Field Outpost,142,,16.0,0.45,2,0.0,0.471,0.08,,0.488,,0.351,,0.232,,60.0,12437.0,0.83,61.0,4.4,0.2799,0.4329,0,LOW
DEF-13168,Havildar,2,High Altitude (Siachen/Ladakh),76,9.2,10.0,0.85,2,0.0,0.506,,0.866,0.887,0.699,0.458,7.2,0.258,50.4,66.0,,0.81,65.0,3.6,0.3237,0.2248,0,LOW
DEF-13169,Sepoy,1,Field Outpost,64,7.9,9.0,0.45,4,,0.232,0.318,0.602,0.624,,0.104,7.4,,55.6,65.0,3377.0,,,,0.0494,0.0519,0,LOW
DEF-13170,Naik,1,Peace Station,111,9.3,8.0,0.15,3,0.0,0.185,-0.92,0.767,0.635,0.841,0.458,6.3,0.23,52.0,78.0,6945.0,0.53,126.0,,0.1924,0.1884,0,LOW
DEF-13171,Sepoy,1,Field Outpost,38,23.7,14.0,0.45,1,0.0,0.395,-0.31,,0.833,0.822,0.498,6.0,0.229,50.8,70.0,11747.0,,71.0,,0.6378,0.5226,1,MEDIUM
DEF-13172,Sepoy,1,High Altitude (Siachen/Ladakh),21,27.8,15.0,0.85,1,0.0,0.459,0.107,,0.703,0.479,,5.7,0.187,,,11211.0,0.79,87.0,3.9,0.5954,0.5714,1,MEDIUM
DEF-13173,Sepoy,1,Peace Station,85,0.0,14.0,0.15,4,0.0,0.567,-0.35,,0.245,,0.0,6.2,0.278,,,6455.0,0.89,,,0.0441,0.2649,0,LOW
DEF-13174,Sepoy,1,Field Outpost,53,7.1,22.0,0.45,3,0.0,0.637,-0.139,0.587,0.254,0.485,0.039,8.1,0.184,,70.0,9420.0,,121.0,3.8,0.1983,0.2347,0,LOW
DEF-13175,Sepoy,1,Field Outpost,55,0.0,6.0,0.45,2,0.0,0.41,,0.747,0.342,,,6.2,0.283,,66.0,10142.0,0.89,55.0,3.4,0.2223,0.1892,0,LOW
DEF-13176,Naik,1,Peace Station,38,13.8,7.0,0.15,2,0.0,0.551,-0.337,0.164,0.391,0.287,,7.0,,58.2,55.0,6980.0,0.94,93.0,1.1,0.2381,0.2377,0,LOW
DEF-13177,Subedar,3,Peace Station,124,9.8,10.0,0.15,1,0.0,0.434,,0.325,,,0.274,6.5,0.236,51.9,67.0,10020.0,,,2.4,0.5398,0.5527,1,MEDIUM
DEF-13178,Havildar,2,Peace Station,22,17.1,17.0,0.15,2,0.0,0.154,0.099,,0.711,0.244,0.257,8.3,,40.8,67.0,8841.0,,47.0,1.9,0.1791,0.0559,0,LOW
DEF-13179,Naik,1,Field Outpost,90,19.6,11.0,0.45,3,0.0,0.37,-0.673,,0.557,,0.346,5.5,,51.7,74.0,5931.0,,,,0.5823,0.5371,1,MEDIUM
DEF-13180,Sepoy,1,Peace Station,64,18.7,18.0,0.15,1,0.0,0.533,,0.852,0.598,0.413,0.371,,,,79.0,8589.0,0.63,93.0,3.5,0.4718,0.469,1,MEDIUM
DEF-13181,Sepoy,1,Field Outpost,147,0.0,13.0,0.45,4,0.0,0.048,0.062,0.357,,0.404,0.232,,,56.6,,10187.0,0.78,34.0,,0.1266,0.2852,0,LOW
DEF-13182,Sepoy,1,Peace Station,111,13.8,6.0,0.15,1,0.0,0.061,0.195,0.494,0.35,,,,,47.2,,,1.0,37.0,2.1,0.1094,0.0891,0,LOW
DEF-13183,Sepoy,1,Field Outpost,31,0.0,6.0,0.45,2,,0.659,0.182,0.412,,,0.361,,0.292,,61.0,,,40.0,2.4,0.3111,0.3146,0,LOW
DEF-13184,Naik,1,Peace Station,94,28.8,9.0,0.15,1,0.0,0.203,,0.767,0.684,0.745,0.565,6.1,0.218,41.2,77.0,,,82.0,4.9,0.5072,0.5177,1,MEDIUM
DEF-13185,Naik,1,Field Outpost,84,11.0,13.0,0.45,2,0.0,0.597,,,0.505,0.689,0.4,7.1,,61.7,,10358.0,0.71,50.0,3.2,0.4365,0.4246,1,MEDIUM
DEF-13186,Sepoy,1,Counter-Insurgency,61,2.4,11.0,0.9,1,0.0,0.529,0.084,0.25,,,0.027,7.5,,54.5,,8000.0,0.71,46.0,3.1,0.4587,0.4155,1,MEDIUM
DEF-13187,Sepoy,1,Field Outpost,90,9.4,16.0,0.45,1,0.0,0.608,0.471,0.147,0.22,0.513,0.36,7.9,0.203,62.3,66.0,,0.82,47.0,2.3,0.2411,0.3749,0,LOW
DEF-13188,Havildar,2,Field Outpost,43,15.8,10.0,0.45,4,0.0,0.231,0.044,0.839,0.775,0.463,0.341,5.8,0.2,56.5,,,0.92,53.0,3.1,0.1915,0.2086,0,LOW
DEF-13189,Havildar,2,High Altitude (Siachen/Ladakh),68,,17.0,0.85,2,0.0,0.245,-0.313,0.862,0.557,0.482,0.674,5.9,0.147,33.1,73.0,13383.0,0.56,71.0,3.1,0.8362,0.7184,2,HIGH
DEF-13190,Sepoy,1,Peace Station,65,25.1,17.0,0.15,2,0.0,0.836,0.251,0.486,0.582,0.606,0.398,7.3,0.178,51.3,79.0,7817.0,,,3.1,0.5583,0.5961,1,MEDIUM
DEF-13191,Subedar,3,Peace Station,39,14.5,18.0,0.15,2,1.0,0.366,,0.403,0.672,0.332,0.443,5.4,0.255,37.5,69.0,,0.73,52.0,,0.6642,0.6008,1,MEDIUM
DEF-13192,Major,4,Peace Station,53,11.2,13.0,0.15,1,0.0,0.753,0.191,0.187,0.204,,0.076,,0.192,61.7,63.0,6719.0,0.78,26.0,1.7,0.1587,0.2182,0,LOW
DEF-13193,Sepoy,1,Peace Station,48,19.8,11.0,0.15,1,0.0,0.53,,0.263,,0.389,0.292,6.8,,51.1,69.0,11470.0,,68.0,3.6,0.1008,0.0749,0,LOW
DEF-13194,Sepoy,1,Peace Station,80,19.6,10.0,0.15,1,0.0,0.392,0.109,0.535,0.731,,0.356,7.0,0.325,51.6,68.0,8816.0,0.91,47.0,,0.0772,0.1564,0,LOW
DEF-13195,Naik,1,Field Outpost,128,15.0,13.0,0.45,2,0.0,0.302,-0.224,,0.298,0.339,,7.4,0.229,45.6,68.0,9394.0,,55.0,3.3,0.2195,0.3093,0,LOW
DEF-13196,Major,4,Peace Station,27,20.9,14.0,0.15,3,0.0,0.331,-0.261,0.404,0.768,0.443,0.31,5.9,0.194,49.1,63.0,8370.0,0.69,68.0,3.4,0.6185,0.5257,1,MEDIUM
DEF-13197,Subedar,3,Counter-Insurgency,82,8.8,15.0,0.9,1,0.0,0.73,0.115,0.559,0.805,0.639,0.274,6.5,0.169,48.7,83.0,6502.0,0.97,,3.4,0.5647,0.4867,1,MEDIUM
DEF-13198,Sepoy,1,Counter-Insurgency,46,13.8,5.0,0.9,2,0.0,0.348,-0.168,0.106,0.186,0.687,0.209,6.6,0.262,,66.0,10836.0,0.76,40.0,2.6,0.2447,0.1616,0,LOW
DEF-13199,Sepoy,1,Counter-Insurgency,107,0.0,12.0,0.9,1,1.0,0.28,0.42,0.159,0.408,0.145,0.064,,,67.6,59.0,,0.98,82.0,1.9,0.1218,0.2316,0,LOW
DEF-13200,Naik,1,Peace Station,81,25.8,10.0,0.15,1,0.0,0.325,-0.117,0.488,0.53,0.587,0.596,,,50.6,66.0,12127.0,0.75,50.0,3.8,0.1946,0.2873,0,LOW
DEF-13201,Naik,1,Counter-Insurgency,22,9.8,14.0,0.9,2,,0.298,-0.089,,0.57,0.479,0.417,4.9,0.178,43.2,67.0,7203.0,0.74,,2.7,0.836,0.7703,2,HIGH
DEF-13202,Sepoy,1,High Altitude (Siachen/Ladakh),72,25.9,12.0,0.85,1,0.0,0.372,,0.561,,0.672,0.554,6.3,0.21,,80.0,4490.0,,65.0,3.4,0.6782,0.5813,1,MEDIUM
DEF-13203,Subedar,3,Counter-Insurgency,59,8.4,21.0,0.9,2,0.0,0.468,-0.261,,,,0.402,6.1,0.146,46.8,65.0,12086.0,0.72,122.0,3.1,0.5578,0.5131,1,MEDIUM
DEF-13204,Naik,1,Field Outpost,29,16.6,16.0,0.45,1,1.0,0.437,,0.625,0.891,0.505,0.454,4.1,0.178,61.7,,11803.0,,,2.9,0.4769,0.4306,1,MEDIUM
DEF-13205,Havildar,2,High Altitude (Siachen/Ladakh),47,14.5,13.0,0.85,4,0.0,0.613,-0.136,0.753,0.924,0.54,0.337,7.2,0.175,56.1,70.0,8953.0,0.8,50.0,,0.3027,0.3192,0,LOW
DEF-13206,Subedar,3,Peace Station,70,8.9,11.0,0.15,2,0.0,0.214,-0.241,0.215,0.443,0.058,,7.0,,59.9,68.0,13997.0,,26.0,3.0,0.2092,0.2346,0,LOW
DEF-13207,Havildar,2,Peace Station,48,18.1,13.0,0.15,1,0.0,0.127,0.016,0.204,0.353,0.398,0.232,7.3,,52.0,61.0,12222.0,,71.0,3.7,0.1195,0.1258,0,LOW
DEF-13208,Sepoy,1,Peace Station,114,24.9,,0.15,1,0.0,0.539,-0.338,0.455,,1.0,0.563,,0.222,42.1,73.0,6888.0,,65.0,3.5,0.6885,0.6063,1,MEDIUM
DEF-13209,Naik,1,Counter-Insurgency,59,29.2,12.0,0.9,1,3.0,0.236,-0.54,0.553,0.837,1.0,0.466,5.8,,47.5,82.0,12251.0,0.65,127.0,2.3,0.9161,0.7171,2,HIGH
DEF-13210,Sepoy,1,Peace Station,45,20.3,13.0,0.15,1,0.0,0.279,-0.193,0.68,0.498,0.49,0.418,6.5,,,73.0,,0.79,,2.7,0.4035,0.3414,1,MEDIUM
DEF-13211,Naik,1,Peace Station,72,3.7,12.0,0.15,2,0.0,0.09,0.467,0.789,0.436,,0.228,,0.233,57.4,,7131.0,,57.0,2.0,0.2536,0.348,0,LOW
DEF-13212,Sepoy,1,Counter-Insurgency,78,2.1,10.0,0.9,3,0.0,0.291,,0.58,0.743,0.841,0.383,,,,,7646.0,,91.0,3.4,0.5019,0.5493,1,MEDIUM
DEF-13213,Naik,1,Peace Station,108,23.7,11.0,0.15,1,0.0,0.383,-0.287,,,0.383,0.408,5.8,0.191,47.5,69.0,10610.0,0.7,67.0,3.9,0.3425,0.3705,1,MEDIUM
DEF-13214,Sepoy,1,Counter-Insurgency,67,5.5,15.0,0.9,2,0.0,,-0.082,0.567,0.706,0.556,0.338,,0.186,,72.0,6228.0,,75.0,4.3,0.5123,0.5148,1,MEDIUM
DEF-13215,Sepoy,1,High Altitude (Siachen/Ladakh),76,19.2,11.0,0.85,1,2.0,0.287,0.134,0.493,0.498,,0.21,7.9,0.369,,70.0,11072.0,0.61,66.0,,0.2585,0.2497,0,LOW
DEF-13216,Sepoy,1,Peace Station,53,15.1,6.0,0.15,2,0.0,0.49,,0.63,0.32,0.712,0.229,6.3,0.211,,72.0,7384.0,,54.0,3.1,0.4278,0.2429,1,MEDIUM
DEF-13217,Sepoy,1,Peace Station,149,25.2,15.0,0.15,1,0.0,0.188,,0.327,,,0.344,6.9,0.214,,,8566.0,0.63,,3.2,0.1221,0.3313,0,LOW
DEF-13218,Havildar,2,Field Outpost,81,18.3,17.0,0.45,4,0.0,0.102,0.404,0.556,0.413,0.712,,7.1,0.205,47.2,,,,69.0,3.1,0.4128,0.4516,1,MEDIUM
DEF-13219,Havildar,2,Counter-Insurgency,71,13.7,11.0,0.9,3,0.0,0.444,-0.185,0.231,0.374,0.355,,5.8,0.256,57.3,69.0,9346.0,0.83,40.0,2.7,0.2436,0.22,0,LOW
DEF-13220,Naik,1,Counter-Insurgency,48,31.5,16.0,0.9,4,0.0,0.106,-0.068,0.787,,0.8,0.492,5.8,0.211,32.7,74.0,12086.0,0.69,77.0,3.5,0.6451,0.6457,1,MEDIUM
DEF-13221,Sepoy,1,Peace Station,116,21.0,16.0,0.15,1,0.0,0.606,-0.186,,0.788,,0.34,5.9,,,68.0,6298.0,,77.0,2.6,0.45,0.6353,1,MEDIUM
DEF-13222,Sepoy,1,Field Outpost,20,18.7,14.0,0.45,2,0.0,0.691,-0.258,0.537,0.559,0.656,0.433,5.8,,,80.0,,0.68,90.0,4.1,0.4959,0.445,1,MEDIUM
DEF-13223,Sepoy,1,Field Outpost,72,8.2,15.0,0.45,3,3.0,0.459,0.157,0.563,0.568,0.223,0.193,6.6,0.241,,67.0,7194.0,0.8,,1.6,0.581,0.4995,1,MEDIUM
DEF-13224,Sepoy,1,High Altitude (Siachen/Ladakh),43,4.3,15.0,0.85,3,0.0,0.52,0.121,0.624,0.361,0.355,,6.8,0.298,,,7711.0,,55.0,3.0,0.2515,0.1995,0,LOW
DEF-13225,Subedar,3,Peace Station,102,11.8,10.0,0.15,1,1.0,0.388,0.055,0.689,1.0,,0.192,6.9,0.272,49.2,69.0,6423.0,0.68,56.0,2.8,0.5636,0.5478,1,MEDIUM
DEF-13226,Sepoy,1,Peace Station,78,1.3,13.0,0.15,4,0.0,0.354,,0.802,0.575,0.545,0.058,7.0,0.128,,71.0,6135.0,0.7,83.0,3.4,0.1332,0.2143,0,LOW
DEF-13227,Sepoy,1,High Altitude (Siachen/Ladakh),71,11.3,18.0,0.85,4,0.0,0.273,-0.275,0.41,0.459,0.664,,6.4,,49.1,64.0,,0.67,69.0,3.5,0.3858,0.3431,1,MEDIUM
DEF-13228,Sepoy,1,Field Outpost,33,20.8,21.0,0.45,1,0.0,0.614,-0.055,1.0,,0.513,0.361,,0.189,,79.0,,,73.0,4.6,0.8065,0.6117,2,HIGH
DEF-13229,Sepoy,1,Peace Station,62,22.3,15.0,0.15,2,0.0,0.542,,0.446,0.878,,0.418,7.4,0.253,,76.0,,,52.0,3.0,0.3858,0.4141,1,MEDIUM
DEF-13230,Naik,1,High Altitude (Siachen/Ladakh),80,11.1,17.0,0.85,1,0.0,0.803,0.198,,0.496,0.363,,,,51.0,,13539.0,,,,0.4441,0.4151,1,MEDIUM
DEF-13231,Naik,1,Field Outpost,108,39.0,14.0,0.45,3,0.0,0.666,-0.027,0.414,0.692,0.398,0.353,5.6,0.207,56.1,68.0,,0.75,52.0,2.4,0.5498,0.6198,1,MEDIUM
DEF-13232,Sepoy,1,Field Outpost,86,24.8,13.0,0.45,2,,0.118,,,0.65,0.727,0.451,6.0,0.24,,75.0,3513.0,0.85,72.0,4.1,0.3096,0.3748,0,LOW
DEF-13233,Sepoy,1,High Altitude (Siachen/Ladakh),102,,8.0,0.85,1,0.0,,0.321,0.482,0.896,0.973,0.473,,0.204,,77.0,11492.0,0.72,120.0,2.6,0.6328,0.5088,1,MEDIUM
DEF-13234,Sepoy,1,Field Outpost,25,23.7,7.0,0.45,1,1.0,0.653,-0.1,0.713,0.361,0.414,,5.9,,46.0,,8054.0,0.66,64.0,,0.3633,0.2493,0,LOW
DEF-13235,Sepoy,1,Field Outpost,70,,9.0,0.45,1,0.0,0.092,-0.322,0.474,0.459,0.866,0.302,6.1,0.253,,73.0,8205.0,,50.0,,0.4829,0.4246,1,MEDIUM
DEF-13236,Sepoy,1,Counter-Insurgency,110,16.2,13.0,0.9,1,0.0,0.278,0.09,0.755,0.824,0.7,0.507,5.8,0.193,,73.0,8560.0,0.68,87.0,,0.626,0.6276,1,MEDIUM
DEF-13237,Major,4,Field Outpost,12,10.9,14.0,0.45,1,0.0,0.304,-0.29,0.47,,0.445,0.431,6.8,0.246,37.3,,11039.0,,,4.4,0.4083,0.2657,1,MEDIUM
DEF-13238,Naik,1,High Altitude (Siachen/Ladakh),56,3.7,11.0,0.85,2,0.0,0.252,-0.486,,0.686,0.407,,6.6,0.188,56.0,,6322.0,0.57,78.0,3.9,0.2434,0.2257,0,LOW
DEF-13239,Naik,1,Field Outpost,80,18.5,14.0,0.45,3,1.0,0.72,0.18,0.339,,0.472,0.312,6.3,,56.1,69.0,11392.0,0.72,57.0,2.6,0.1009,0.1222,0,LOW
DEF-13240,Sepoy,1,Field Outpost,119,13.9,11.0,0.45,2,1.0,0.577,-0.234,0.891,,0.673,0.43,5.2,0.171,43.3,88.0,8503.0,0.62,167.0,3.2,0.4649,0.5341,1,MEDIUM
DEF-13241,Sepoy,1,Peace Station,69,14.6,8.0,0.15,2,0.0,0.641,-0.038,,,,0.355,,0.217,54.5,73.0,10162.0,,61.0,,0.2241,0.1988,0,LOW
DEF-13242,Naik,1,Peace Station,64,13.8,12.0,0.15,1,0.0,0.152,-0.442,,0.68,0.542,0.333,,,50.5,,7125.0,0.62,65.0,2.8,0.4352,0.4005,1,MEDIUM
DEF-13243,Naik,1,High Altitude (Siachen/Ladakh),76,6.4,14.0,0.85,1,0.0,,,0.608,,0.61,0.163,5.3,0.302,38.3,,5237.0,0.69,,3.6,0.3701,0.4367,1,MEDIUM
DEF-13244,Havildar,2,Field Outpost,81,27.5,13.0,0.45,3,0.0,0.816,,0.47,0.693,0.56,0.63,4.3,0.182,38.3,69.0,12423.0,0.74,73.0,3.4,0.8745,0.7174,2,HIGH
DEF-13245,Sepoy,1,Field Outpost,37,16.1,11.0,0.45,1,0.0,0.59,0.065,0.907,0.257,,0.25,6.4,0.192,,67.0,10114.0,0.55,52.0,2.9,0.4076,0.385,1,MEDIUM
DEF-13246,Naik,1,High Altitude (Siachen/Ladakh),48,11.7,11.0,0.85,1,0.0,0.241,0.493,0.311,0.522,0.543,0.0,7.3,,45.4,,,,47.0,2.4,0.1675,0.1176,0,LOW
DEF-13247,Sepoy,1,Peace Station,18,2.9,8.0,0.15,1,0.0,0.224,0.347,,0.294,0.383,0.053,,0.24,58.6,66.0,11949.0,0.93,44.0,2.5,0.1656,0.1393,0,LOW
DEF-13248,Subedar,3,High Altitude (Siachen/Ladakh),43,25.9,16.0,0.85,2,1.0,0.271,,0.621,0.585,0.554,,6.3,0.235,29.6,,9902.0,0.74,63.0,2.3,0.891,0.7074,2,HIGH
DEF-13249,Naik,1,Field Outpost,32,21.8,16.0,0.45,3,0.0,0.415,-0.315,0.667,0.715,0.832,0.512,5.7,0.236,40.1,75.0,5038.0,,68.0,3.8,0.8023,0.6444,2,HIGH
DEF-13250,Naik,1,Field Outpost,37,,20.0,0.45,2,0.0,0.626,0.063,0.3,0.606,0.391,0.246,6.9,0.175,50.1,,9482.0,,,1.9,0.4631,0.3256,1,MEDIUM
DEF-13251,Sepoy,1,Peace Station,192,3.1,16.0,0.15,1,,0.176,-0.068,0.632,0.489,0.372,0.244,5.9,0.241,,,,0.75,56.0,2.7,0.2213,0.4022,0,LOW
DEF-13252,Naik,1,Peace Station,115,28.1,11.0,0.15,3,0.0,0.533,-0.163,,,0.763,,5.7,,36.8,71.0,10004.0,0.55,70.0,4.4,0.715,0.7079,2,HIGH
DEF-13253,Sepoy,1,Peace Station,32,10.9,12.0,0.15,1,,0.252,-0.443,,0.717,,0.451,6.5,0.152,,78.0,9883.0,,66.0,2.8,0.0757,0.1415,0,LOW
DEF-13254,Sepoy,1,Field Outpost,27,8.3,9.0,0.45,2,0.0,0.423,-0.461,,0.769,0.672,0.487,5.2,0.113,54.7,81.0,,,101.0,4.2,0.613,0.4258,1,MEDIUM
DEF-13255,Sepoy,1,Field Outpost,45,,7.0,0.45,1,0.0,0.316,-0.108,0.587,0.38,0.739,0.41,6.9,0.211,,,7948.0,,58.0,2.9,0.5656,0.4899,1,MEDIUM
DEF-13256,Naik,1,High Altitude (Siachen/Ladakh),26,17.2,11.0,0.85,4,1.0,0.524,-0.345,1.0,0.838,0.89,0.646,,0.16,27.9,,6748.0,0.66,91.0,4.5,0.5312,0.4352,1,MEDIUM
DEF-13257,Sepoy,1,Field Outpost,75,12.6,10.0,0.45,3,0.0,0.159,-0.044,,,0.486,,6.6,0.153,,69.0,,0.64,58.0,2.3,0.238,0.2152,0,LOW
DEF-13258,Sepoy,1,High Altitude (Siachen/Ladakh),74,0.0,10.0,0.85,2,0.0,0.256,-0.377,0.375,0.75,0.452,0.102,,0.286,66.7,68.0,,0.67,46.0,2.2,0.061,0.1133,0,LOW
DEF-13259,Subedar,3,Field Outpost,37,16.1,11.0,0.45,2,0.0,0.336,,0.351,0.455,0.255,0.243,,0.216,60.4,64.0,7396.0,,53.0,3.3,0.2401,0.1991,0,LOW
DEF-13260,Sepoy,1,Peace Station,95,21.8,9.0,0.15,2,0.0,0.351,0.186,,0.421,0.357,,6.9,,,73.0,4143.0,0.79,55.0,2.4,0.3237,0.3784,0,LOW
DEF-13261,Naik,1,Peace Station,95,6.4,8.0,0.15,1,0.0,0.339,0.013,0.526,,0.226,0.104,6.7,,58.9,60.0,,,44.0,2.4,0.0516,0.1524,0,LOW
DEF-13262,Sepoy,1,Peace Station,42,27.3,11.0,0.15,3,0.0,0.173,-0.168,0.364,0.533,0.717,0.297,6.3,0.117,62.7,,6983.0,0.69,57.0,3.9,0.2771,0.2881,0,LOW
DEF-13263,Sepoy,1,Counter-Insurgency,36,21.4,13.0,0.9,2,0.0,,,,0.363,0.483,0.253,5.9,,,73.0,,,46.0,,0.6215,0.5226,1,MEDIUM
DEF-13264,Havildar,2,Counter-Insurgency,50,18.0,19.0,0.9,2,0.0,0.506,,0.564,0.444,0.672,0.285,6.8,0.246,45.2,76.0,8902.0,0.89,90.0,3.9,0.4684,0.5363,1,MEDIUM
DEF-13265,Sepoy,1,Peace Station,88,5.4,4.0,0.15,1,0.0,0.127,0.495,0.1,0.193,0.136,0.174,6.8,,,61.0,,0.73,40.0,0.8,0.0531,0.1242,0,LOW
DEF-13266,Naik,1,Field Outpost,183,16.4,10.0,0.45,1,0.0,0.417,-0.374,,0.475,0.778,0.196,,0.191,58.4,67.0,12780.0,0.63,78.0,3.2,0.5426,0.4848,1,MEDIUM
DEF-13267,Naik,1,Counter-Insurgency,87,17.0,13.0,0.9,2,0.0,0.389,-0.532,0.617,0.515,0.612,0.425,6.1,0.242,49.9,79.0,,,76.0,3.6,0.5792,0.5452,1,MEDIUM
DEF-13268,Naik,1,High Altitude (Siachen/Ladakh),30,13.3,13.0,0.85,2,1.0,0.588,,,0.469,0.328,0.428,6.3,0.232,56.8,,10947.0,0.86,,3.2,0.3116,0.2262,0,LOW
DEF-13269,Naik,1,Field Outpost,77,21.6,14.0,0.45,1,0.0,0.332,0.306,0.527,,0.403,0.29,7.4,0.238,50.8,71.0,2694.0,0.87,,2.9,0.3095,0.3836,0,LOW
DEF-13270,Sepoy,1,Peace Station,69,10.9,,0.15,1,0.0,0.877,0.276,0.522,,0.169,0.0,,0.269,58.3,,9842.0,,22.0,2.0,0.155,0.0903,0,LOW
DEF-13271,Sepoy,1,Peace Station,66,,8.0,0.15,2,3.0,0.313,-0.196,0.867,0.47,0.372,0.119,6.8,,,62.0,,,,1.5,0.1211,0.1349,0,LOW
DEF-13272,Havildar,2,High Altitude (Siachen/Ladakh),27,8.3,8.0,0.85,1,0.0,0.576,-0.059,0.48,,0.332,0.344,,,51.4,69.0,11982.0,0.87,44.0,,0.5232,0.4538,1,MEDIUM
DEF-13273,Naik,1,High Altitude (Siachen/Ladakh),77,10.2,11.0,0.85,2,1.0,0.825,0.161,0.336,0.246,0.481,,6.0,0.312,64.3,65.0,5948.0,,71.0,2.4,0.2709,0.302,0,LOW
DEF-13274,Havildar,2,Field Outpost,63,12.7,8.0,0.45,2,0.0,0.733,0.0,0.495,0.479,0.452,0.302,5.4,0.26,58.5,72.0,,0.74,84.0,,0.797,0.6739,2,HIGH
DEF-13275,Havildar,2,Peace Station,30,12.4,6.0,0.15,1,0.0,0.453,0.224,0.63,0.455,,0.274,5.4,0.269,51.2,67.0,,,57.0,2.8,0.5921,0.4492,1,MEDIUM
DEF-13276,Havildar,2,Counter-Insurgency,157,12.0,14.0,0.9,3,0.0,0.547,-0.373,0.349,0.347,0.537,0.067,8.0,0.236,47.3,,,0.58,38.0,3.0,0.2963,0.3701,0,LOW
DEF-13277,Naik,1,High Altitude (Siachen/Ladakh),28,21.9,14.0,0.85,1,2.0,0.484,0.172,0.786,0.439,0.703,,5.8,0.241,46.4,69.0,9028.0,0.73,69.0,3.3,0.6408,0.4805,1,MEDIUM
DEF-13278,Sepoy,1,Peace Station,83,26.8,20.0,0.15,3,1.0,0.432,-0.676,0.746,0.614,0.873,0.335,5.7,0.196,36.5,,9760.0,,109.0,3.7,0.913,0.8215,2,HIGH
DEF-13279,Havildar,2,Peace Station,59,3.1,11.0,0.15,3,0.0,0.146,0.443,0.247,0.409,0.371,0.012,7.1,,51.6,71.0,10438.0,0.88,25.0,,0.0647,0.074,0,LOW
DEF-13280,Naik,1,Field Outpost,52,26.6,7.0,0.45,2,0.0,0.683,0.189,0.253,0.571,0.227,,6.7,0.285,39.1,75.0,6942.0,0.7,49.0,,0.1013,0.1321,0,LOW
DEF-13281,Sepoy,1,Peace Station,127,,10.0,0.15,4,0.0,0.469,0.582,0.457,0.214,0.364,0.21,,0.227,,79.0,7971.0,,74.0,2.8,0.0676,0.1965,0,LOW
DEF-13282,Subedar,3,Peace Station,107,6.4,9.0,0.15,3,0.0,0.479,0.062,0.332,0.357,0.384,,7.4,0.258,48.9,,12831.0,0.93,76.0,,0.1199,0.1998,0,LOW
DEF-13283,Subedar,3,Peace Station,59,11.2,15.0,0.15,4,0.0,,-0.436,0.551,,0.51,0.356,5.2,0.162,33.6,72.0,13415.0,0.35,76.0,,0.4426,0.4511,1,MEDIUM
DEF-13284,Naik,1,Counter-Insurgency,38,16.4,,0.9,2,2.0,0.252,-0.162,0.827,0.597,0.939,0.409,5.7,0.142,45.2,75.0,11047.0,,,2.4,0.5522,0.4555,1,MEDIUM
DEF-13285,Sepoy,1,High Altitude (Siachen/Ladakh),48,,15.0,0.85,2,0.0,0.376,-0.041,,,0.331,0.183,7.2,0.219,,75.0,8381.0,0.73,114.0,3.5,0.2795,0.3309,0,LOW
DEF-13286,Sepoy,1,Peace Station,54,13.3,16.0,0.15,2,0.0,0.312,0.538,,0.329,0.241,,7.3,0.266,64.4,,,0.68,62.0,2.6,0.1787,0.1549,0,LOW
DEF-13287,Havildar,2,Counter-Insurgency,108,18.5,9.0,0.9,1,0.0,0.324,-0.632,0.521,0.813,0.643,0.524,5.9,,53.9,70.0,9659.0,,85.0,2.5,0.7252,0.7384,2,HIGH
DEF-13288,Subedar,3,High Altitude (Siachen/Ladakh),80,7.7,15.0,0.85,4,0.0,0.499,-0.325,0.559,0.526,0.427,0.259,7.7,,54.6,71.0,8675.0,0.65,,2.9,0.5292,0.5073,1,MEDIUM
DEF-13289,Sepoy,1,Peace Station,110,1.4,7.0,0.15,2,0.0,0.103,,0.439,0.276,0.264,0.0,7.9,0.245,,,7145.0,0.74,49.0,1.9,0.0763,0.1912,0,LOW
DEF-13290,Sepoy,1,Counter-Insurgency,26,15.7,,0.9,2,0.0,,0.163,0.371,0.363,0.651,0.184,7.2,0.265,,70.0,7397.0,0.74,75.0,,0.2907,0.1585,0,LOW
DEF-13291,Subedar,3,Field Outpost,115,32.8,10.0,0.45,4,0.0,0.543,-0.245,0.464,,0.336,0.462,,0.195,53.2,73.0,6506.0,,63.0,2.6,0.4842,0.42,1,MEDIUM
DEF-13292,Sepoy,1,High Altitude (Siachen/Ladakh),137,7.9,17.0,0.85,4,1.0,0.455,,0.496,0.431,0.601,,6.1,,52.5,67.0,7055.0,0.76,59.0,3.1,0.4902,0.626,1,MEDIUM
DEF-13293,Naik,1,Field Outpost,40,8.2,15.0,0.45,1,0.0,0.836,,0.376,0.325,0.744,,,,55.0,69.0,9984.0,0.74,59.0,2.5,0.1994,0.1938,0,LOW
DEF-13294,Major,4,Field Outpost,101,12.3,11.0,0.45,3,0.0,0.438,-0.021,,0.602,0.424,,6.1,0.168,41.5,72.0,3932.0,0.76,79.0,4.4,0.9351,0.7302,2,HIGH
DEF-13295,Sepoy,1,Peace Station,131,27.3,11.0,0.15,2,0.0,0.268,-0.122,0.331,0.493,0.603,0.642,7.1,0.257,,72.0,8599.0,,60.0,2.3,0.2933,0.3191,0,LOW
DEF-13296,Naik,1,Field Outpost,45,0.0,12.0,0.45,2,0.0,0.727,0.212,0.289,,0.734,0.066,6.1,0.232,60.5,,11844.0,,60.0,2.4,0.1516,0.2545,0,LOW
DEF-13297,Sepoy,1,Field Outpost,32,20.5,17.0,0.45,4,0.0,0.168,,0.403,,0.36,0.499,7.2,0.246,,72.0,,0.98,59.0,2.4,0.6275,0.4846,1,MEDIUM
DEF-13298,Sepoy,1,Counter-Insurgency,73,10.0,15.0,0.9,3,0.0,0.412,,0.295,0.526,0.479,0.209,6.7,,54.0,,11538.0,,78.0,3.0,0.8198,0.705,2,HIGH
DEF-13299,Havildar,2,Field Outpost,18,10.7,15.0,0.45,2,1.0,0.394,,0.074,0.323,0.339,0.197,,0.218,72.1,66.0,6111.0,0.8,24.0,2.9,0.0486,0.1946,0,LOW
DEF-13300,Sepoy,1,Peace Station,114,5.4,5.0,0.15,1,0.0,0.198,0.107,,0.097,0.272,0.0,7.2,0.26,66.4,69.0,,0.71,25.0,2.0,0.1045,0.1016,0,LOW
DEF-13301,Colonel,4,Peace Station,37,11.9,8.0,0.15,2,0.0,0.655,0.364,0.519,0.392,0.356,0.17,6.7,0.239,52.1,,16032.0,0.73,,1.7,0.1479,0.162,0,LOW
DEF-13302,Naik,1,Counter-Insurgency,55,,8.0,0.9,2,0.0,0.532,-0.139,0.483,0.477,,0.278,7.6,0.262,54.9,,4542.0,0.8,71.0,4.2,0.1278,0.0985,0,LOW
DEF-13303,Sepoy,1,Field Outpost,95,9.4,13.0,0.45,1,1.0,0.323,0.072,0.665,0.17,0.273,,5.3,,61.0,66.0,15637.0,,44.0,3.0,0.4839,0.5578,1,MEDIUM
DEF-13304,Sepoy,1,Peace Station,88,0.0,6.0,0.15,2,0.0,0.623,-0.01,0.826,0.286,0.2,,8.0,,,76.0,5259.0,0.64,56.0,1.9,0.2148,0.2687,0,LOW
DEF-13305,Sepoy,1,High Altitude (Siachen/Ladakh),93,0.0,7.0,0.85,1,2.0,0.239,,0.536,0.562,0.513,0.344,7.4,,33.4,71.0,8783.0,0.64,62.0,2.5,0.5181,0.5578,1,MEDIUM
DEF-13306,Sepoy,1,Counter-Insurgency,40,16.9,15.0,0.9,2,0.0,0.015,,0.668,0.612,0.955,0.518,5.9,,45.0,74.0,10765.0,0.78,105.0,2.8,0.5775,0.4925,1,MEDIUM
DEF-13307,Sepoy,1,High Altitude (Siachen/Ladakh),77,24.7,8.0,0.85,3,0.0,0.548,,1.0,1.0,,0.682,6.3,0.2,,75.0,,,86.0,3.8,0.8366,0.7415,2,HIGH
DEF-13308,Sepoy,1,Peace Station,104,41.5,10.0,0.15,1,0.0,0.522,-0.33,,0.534,0.627,0.471,4.8,0.24,48.1,71.0,9608.0,0.8,92.0,3.6,0.9255,0.8106,2,HIGH
DEF-13309,Naik,1,Field Outpost,44,21.9,10.0,0.45,3,0.0,0.233,0.169,0.213,0.256,0.279,0.185,5.4,0.305,40.0,75.0,6309.0,0.76,48.0,2.0,0.2248,0.1034,0,LOW
DEF-13310,Havildar,2,High Altitude (Siachen/Ladakh),164,9.6,5.0,0.85,1,0.0,0.287,-0.185,0.755,0.721,0.496,0.542,5.5,0.277,52.6,68.0,,,60.0,3.0,0.5084,0.4233,1,MEDIUM
DEF-13311,Naik,1,Counter-Insurgency,57,0.0,14.0,0.9,2,0.0,0.258,,,0.609,0.436,,6.9,0.183,38.4,77.0,6621.0,0.45,,,0.4764,0.3363,1,MEDIUM
DEF-13312,Havildar,2,Counter-Insurgency,16,18.6,10.0,0.9,2,0.0,0.094,,,0.761,0.567,0.665,,,42.6,83.0,,0.62,80.0,3.7,0.7922,0.5815,2,HIGH
DEF-13313,Sepoy,1,Field Outpost,57,1.7,10.0,0.45,3,1.0,0.278,0.359,0.291,0.078,0.355,0.089,7.6,0.324,,61.0,,0.94,28.0,,0.1098,0.2,0,LOW
DEF-13314,Sepoy,1,High Altitude (Siachen/Ladakh),130,7.1,20.0,0.85,3,0.0,0.111,-0.365,0.394,0.441,0.716,0.286,6.2,0.203,,72.0,,0.66,56.0,,0.2214,0.4881,0,LOW
DEF-13315,Naik,1,Peace Station,35,21.5,14.0,0.15,2,0.0,0.135,-0.466,0.29,0.533,0.264,0.176,,0.276,52.2,67.0,8831.0,0.77,38.0,,0.0972,0.1227,0,LOW
DEF-13316,Naik,1,Peace Station,33,16.5,17.0,0.15,1,,0.579,0.282,0.274,,0.236,0.205,,0.22,63.0,,10978.0,0.93,53.0,2.4,0.2819,0.248,0,LOW
DEF-13317,Sepoy,1,Field Outpost,81,6.1,10.0,0.45,2,0.0,0.65,,0.624,,0.546,0.31,7.0,0.206,,71.0,9238.0,0.88,,3.1,0.8589,0.7904,2,HIGH
DEF-13318,Havildar,2,Counter-Insurgency,31,0.0,,0.9,2,1.0,0.477,-0.117,0.458,0.524,0.527,0.004,7.3,0.179,44.9,62.0,9500.0,,85.0,,0.1601,0.2444,0,LOW
DEF-13319,Havildar,2,Peace Station,31,15.8,15.0,0.15,1,1.0,0.304,0.08,0.237,0.272,0.419,,9.2,0.255,46.0,,8769.0,0.96,72.0,2.3,0.3585,0.322,0,LOW
DEF-13320,Naik,1,Peace Station,38,16.9,14.0,0.15,1,0.0,0.253,0.117,,,,0.367,5.1,,37.8,62.0,9974.0,0.78,62.0,2.5,0.4425,0.4875,1,MEDIUM
DEF-13321,Sepoy,1,Counter-Insurgency,149,26.8,9.0,0.9,1,1.0,0.723,,,0.427,0.461,0.489,4.9,0.247,,69.0,10332.0,0.79,86.0,4.7,0.7551,0.6624,2,HIGH
DEF-13322,Havildar,2,Peace Station,86,0.0,,0.15,1,0.0,0.214,-0.164,0.694,0.343,,0.337,5.3,,63.0,61.0,,0.92,,2.5,0.2452,0.3705,0,LOW
DEF-13323,Naik,1,Peace Station,67,15.0,7.0,0.15,2,0.0,0.088,,,0.212,0.255,0.302,6.2,0.372,52.5,65.0,10878.0,,,2.7,0.0398,0.1706,0,LOW
DEF-13324,Havildar,2,High Altitude (Siachen/Ladakh),39,21.8,12.0,0.85,2,0.0,0.647,0.217,0.814,0.875,0.916,,6.0,,51.0,74.0,,0.64,67.0,4.3,0.3804,0.2547,0,LOW
DEF-13325,Havildar,2,High Altitude (Siachen/Ladakh),103,10.4,4.0,0.85,2,0.0,0.311,,0.358,0.52,0.354,0.202,,0.219,45.8,67.0,,0.6,59.0,2.3,0.4774,0.427,1,MEDIUM
DEF-13326,Havildar,2,Field Outpost,91,0.4,15.0,0.45,1,1.0,0.216,-0.074,0.42,,0.674,,4.7,,39.3,75.0,9967.0,0.66,115.0,3.2,0.236,0.386,0,LOW
DEF-13327,Naik,1,Counter-Insurgency,155,6.1,7.0,0.9,4,0.0,0.26,-0.801,0.593,,0.534,0.24,5.4,0.12,53.7,,7382.0,,104.0,3.2,0.3298,0.332,0,LOW
DEF-13328,Sepoy,1,Peace Station,35,14.3,13.0,0.15,2,0.0,0.534,0.069,0.393,,0.481,0.163,6.8,0.18,,,7050.0,0.76,56.0,2.7,0.3427,0.3411,0,LOW
DEF-13329,Naik,1,Counter-Insurgency,32,9.9,20.0,0.9,2,2.0,0.429,-0.616,0.479,0.46,0.516,0.362,6.1,0.17,52.2,74.0,8862.0,,109.0,3.2,0.4512,0.3229,1,MEDIUM
DEF-13330,Naik,1,High Altitude (Siachen/Ladakh),17,16.6,15.0,0.85,1,0.0,0.267,-0.257,0.697,0.654,0.616,0.529,,0.213,37.4,70.0,11723.0,0.68,69.0,4.5,0.7018,0.5613,1,MEDIUM
DEF-13331,Havildar,2,Field Outpost,87,24.9,6.0,0.45,2,0.0,0.528,-0.21,0.774,0.74,1.0,0.478,5.6,0.097,35.4,80.0,6838.0,0.64,108.0,4.4,0.8505,0.6319,2,HIGH
DEF-13332,Sepoy,1,High Altitude (Siachen/Ladakh),74,10.6,12.0,0.85,2,0.0,0.595,-0.109,,0.433,0.57,0.257,5.2,0.135,,68.0,9217.0,0.74,62.0,2.7,0.4827,0.386,1,MEDIUM
DEF-13333,Sepoy,1,Peace Station,51,24.4,12.0,0.15,2,1.0,0.143,0.05,0.843,0.428,0.36,0.366,6.3,0.232,,84.0,6846.0,,,3.9,0.6147,0.4799,1,MEDIUM
DEF-13334,Subedar,3,Peace Station,17,13.0,9.0,0.15,3,3.0,,-0.2,0.538,,0.419,0.288,6.9,0.279,52.0,73.0,5949.0,,85.0,3.1,0.1667,0.1127,0,LOW
DEF-13335,Havildar,2,Counter-Insurgency,138,16.9,11.0,0.9,3,0.0,0.182,-0.472,1.0,,0.547,,5.5,0.234,50.0,74.0,8913.0,0.79,,3.1,0.5493,0.6149,1,MEDIUM
DEF-13336,Subedar,3,Peace Station,72,13.0,12.0,0.15,3,1.0,0.902,-0.164,,0.498,0.268,0.164,5.8,0.245,55.4,72.0,4221.0,0.92,62.0,3.5,0.1404,0.1693,0,LOW
DEF-13337,Havildar,2,Peace Station,123,17.1,16.0,0.15,1,,0.192,-0.141,0.472,0.738,0.56,0.265,5.7,0.184,45.9,70.0,4687.0,0.56,70.0,4.0,0.1392,0.319,0,LOW
DEF-13338,Naik,1,Field Outpost,130,18.6,6.0,0.45,1,0.0,0.175,,0.275,0.3,0.528,,7.3,0.206,52.0,71.0,6179.0,0.89,42.0,4.0,0.5663,0.5699,1,MEDIUM
DEF-13339,Naik,1,Peace Station,85,19.5,14.0,0.15,1,0.0,0.687,0.069,0.358,0.578,0.236,0.271,7.1,0.313,56.7,61.0,8219.0,0.83,,2.2,0.3425,0.4127,1,MEDIUM
DEF-13340,Subedar,3,Counter-Insurgency,93,14.0,17.0,0.9,2,0.0,0.441,,1.0,0.697,0.509,0.59,5.6,0.146,37.5,72.0,,,71.0,,0.8044,0.6721,2,HIGH
DEF-13341,Naik,1,Counter-Insurgency,43,0.0,9.0,0.9,2,0.0,0.232,,0.482,0.676,0.565,0.215,,0.236,55.4,72.0,10364.0,0.57,83.0,3.7,0.2582,0.2955,0,LOW
DEF-13342,Naik,1,Field Outpost,68,19.1,10.0,0.45,3,1.0,0.404,0.508,0.613,,0.296,0.26,7.4,,58.6,71.0,8882.0,0.77,,3.2,0.6312,0.6418,1,MEDIUM
DEF-13343,Sepoy,1,Field Outpost,112,0.0,9.0,0.45,1,1.0,0.383,-0.098,0.505,0.068,0.128,0.043,6.5,0.248,,69.0,8607.0,0.85,28.0,2.2,0.0561,0.1731,0,LOW
DEF-13344,Naik,1,Field Outpost,38,8.8,12.0,0.45,1,0.0,0.269,,0.322,0.607,0.66,0.353,7.1,0.173,69.3,71.0,12116.0,0.88,50.0,3.5,0.2478,0.2364,0,LOW
DEF-13345,Havildar,2,Peace Station,107,0.0,9.0,0.15,1,1.0,0.244,0.069,0.142,0.5,,0.193,7.6,0.257,67.7,67.0,,0.83,36.0,3.0,0.0813,0.1832,0,LOW
DEF-13346,Sepoy,1,Peace Station,104,28.4,10.0,0.15,1,,0.614,0.526,0.326,0.545,0.407,0.247,7.2,0.277,53.5,79.0,8738.0,,,2.4,0.213,0.2576,0,LOW
DEF-13347,Sepoy,1,Peace Station,102,17.5,11.0,0.15,1,0.0,0.453,,0.665,0.793,,,,,,62.0,7997.0,0.68,49.0,2.7,0.1092,0.1753,0,LOW
DEF-13348,Sepoy,1,Field Outpost,66,11.2,13.0,0.45,1,0.0,0.299,-0.09,0.489,0.492,0.292,0.378,6.8,0.235,51.1,74.0,8278.0,,79.0,2.9,0.2809,0.2769,0,LOW
DEF-13349,Sepoy,1,Field Outpost,40,26.1,14.0,0.45,1,1.0,0.335,-0.233,0.561,0.564,0.578,0.504,6.0,0.227,,71.0,7160.0,0.89,58.0,,0.4814,0.3728,1,MEDIUM
DEF-13350,Sepoy,1,Counter-Insurgency,163,,7.0,0.9,3,1.0,0.656,-0.548,0.301,0.473,0.764,0.32,6.5,0.194,,69.0,4122.0,0.75,50.0,,0.3822,0.3663,1,MEDIUM
DEF-13351,Sepoy,1,High Altitude (Siachen/Ladakh),134,15.1,17.0,0.85,1,0.0,0.352,-0.098,0.564,,0.354,0.201,6.9,,49.0,75.0,6819.0,0.7,73.0,3.0,0.1881,0.3513,0,LOW
DEF-13352,Subedar,3,High Altitude (Siachen/Ladakh),67,17.4,8.0,0.85,1,2.0,0.465,-0.084,,0.641,0.588,,5.4,0.26,61.5,56.0,11630.0,0.7,59.0,4.5,0.5031,0.4171,1,MEDIUM
DEF-13353,Naik,1,Peace Station,74,10.8,19.0,0.15,1,0.0,0.513,0.042,0.108,0.101,0.144,0.135,7.8,0.347,68.5,65.0,13869.0,,,1.7,0.082,0.1806,0,LOW
DEF-13354,Sepoy,1,Counter-Insurgency,55,3.5,10.0,0.9,4,0.0,0.25,-0.71,0.786,0.819,0.339,0.559,,,,,,0.66,73.0,3.3,0.3346,0.2727,0,LOW
DEF-13355,Sepoy,1,Counter-Insurgency,18,22.2,17.0,0.9,2,0.0,0.366,-0.017,0.723,,0.449,0.354,6.2,0.201,,73.0,7860.0,,68.0,,0.6957,0.564,1,MEDIUM
DEF-13356,Naik,1,Counter-Insurgency,61,13.4,12.0,0.9,4,1.0,0.497,,0.675,0.588,0.461,0.327,,0.244,51.2,,,,,3.0,0.3461,0.3123,0,LOW
DEF-13357,Sepoy,1,Peace Station,86,0.0,11.0,0.15,2,0.0,0.517,,,0.623,0.306,0.0,7.5,0.348,60.8,67.0,,,39.0,1.8,0.3509,0.4007,1,MEDIUM
DEF-13358,Havildar,2,Field Outpost,45,18.3,12.0,0.45,4,0.0,0.095,-0.122,,,0.285,0.329,7.0,,59.5,,7212.0,,65.0,,0.2077,0.2088,0,LOW
DEF-13359,Naik,1,Field Outpost,53,14.3,18.0,0.45,1,0.0,0.284,0.067,,0.272,0.82,,7.8,,56.6,,17016.0,0.8,,3.0,0.3219,0.2253,0,LOW
DEF-13360,Havildar,2,Peace Station,53,28.4,10.0,0.15,1,1.0,,0.111,,0.504,,0.421,5.2,0.175,54.8,,13014.0,0.79,67.0,,0.8458,0.7466,2,HIGH
DEF-13361,Sepoy,1,Counter-Insurgency,69,16.3,14.0,0.9,2,2.0,,0.023,0.472,0.688,0.88,,4.8,,51.1,74.0,,0.66,79.0,3.1,0.796,0.724,2,HIGH
DEF-13362,Naik,1,Peace Station,56,4.0,16.0,0.15,4,0.0,0.481,0.18,0.145,,0.251,0.27,7.3,,72.8,72.0,13634.0,0.85,40.0,2.4,0.2006,0.3383,0,LOW
DEF-13363,Sepoy,1,Peace Station,37,0.0,10.0,0.15,3,2.0,0.231,0.219,0.125,0.054,0.421,0.014,8.0,0.302,63.1,,10365.0,,26.0,1.9,0.0459,0.1044,0,LOW
DEF-13364,Major,4,Field Outpost,69,24.7,9.0,0.45,2,0.0,0.668,0.1,0.354,0.579,0.672,,6.5,0.202,40.4,66.0,6244.0,,52.0,2.6,0.4956,0.5164,1,MEDIUM
DEF-13365,Naik,1,Peace Station,83,13.5,21.0,0.15,1,0.0,0.258,0.035,0.552,0.274,0.699,0.259,7.0,0.281,61.5,,10292.0,0.93,,2.5,0.6311,0.6817,1,MEDIUM
DEF-13366,Sepoy,1,Counter-Insurgency,73,6.6,19.0,0.9,1,1.0,0.227,0.217,0.512,0.603,0.307,0.13,,0.244,50.0,75.0,8663.0,0.66,,3.3,0.5322,0.4988,1,MEDIUM
DEF-13367,Sepoy,1,Field Outpost,17,7.9,14.0,0.45,1,0.0,0.324,-0.1,0.653,,0.752,,5.3,0.192,47.3,77.0,,0.63,106.0,3.1,0.668,0.5338,1,MEDIUM
DEF-13368,Sepoy,1,Field Outpost,92,25.0,8.0,0.45,1,0.0,0.606,0.005,0.632,0.791,0.448,0.571,6.2,0.219,,68.0,,,60.0,3.6,0.6174,0.4762,1,MEDIUM
DEF-13369,Naik,1,Field Outpost,30,18.0,9.0,0.45,1,0.0,0.218,-0.119,0.981,0.741,0.986,0.439,6.6,,40.1,70.0,6240.0,0.61,,4.4,0.357,0.3407,1,MEDIUM
DEF-13370,Sepoy,1,Peace Station,83,23.3,13.0,0.15,1,0.0,0.699,-0.203,,0.69,0.37,0.174,6.8,,,74.0,,,65.0,3.1,0.2724,0.3403,0,LOW
DEF-13371,Naik,1,High Altitude (Siachen/Ladakh),85,16.1,16.0,0.85,3,0.0,0.502,,,0.608,0.59,0.426,7.3,0.151,43.8,83.0,9221.0,,73.0,4.2,0.4378,0.3603,1,MEDIUM
DEF-13372,Sepoy,1,High Altitude (Siachen/Ladakh),23,,8.0,0.85,1,0.0,,-0.104,,0.53,0.687,0.315,,0.21,39.8,66.0,,,53.0,3.4,0.3486,0.3727,1,MEDIUM
DEF-13373,Naik,1,Field Outpost,105,29.2,9.0,0.45,1,0.0,0.34,0.021,0.132,0.221,0.572,0.338,6.7,0.226,63.4,59.0,13916.0,0.93,51.0,2.6,0.2791,0.2698,0,LOW
DEF-13374,Havildar,2,Counter-Insurgency,162,,20.0,0.9,1,0.0,0.76,0.013,0.144,,0.51,,6.8,0.302,58.5,67.0,,0.72,35.0,,0.2095,0.4256,0,LOW
DEF-13375,Havildar,2,Field Outpost,54,20.8,15.0,0.45,1,,0.36,,0.638,,0.647,0.659,6.8,0.253,47.0,77.0,7900.0,0.59,70.0,2.6,0.3924,0.3772,1,MEDIUM
DEF-13376,Havildar,2,High Altitude (Siachen/Ladakh),83,23.2,11.0,0.85,1,0.0,0.458,-0.623,0.599,0.552,0.56,0.609,6.5,,37.6,70.0,,0.63,114.0,2.8,0.7637,0.7248,2,HIGH
DEF-13377,Sepoy,1,Counter-Insurgency,48,14.1,10.0,0.9,1,4.0,0.822,,0.517,0.695,0.622,0.407,6.3,,,88.0,8435.0,0.84,75.0,,0.7818,0.6395,2,HIGH
DEF-13378,Sepoy,1,High Altitude (Siachen/Ladakh),29,4.5,12.0,0.85,4,0.0,0.852,,0.422,,0.586,0.209,6.9,0.368,,57.0,15463.0,0.93,61.0,2.3,0.1155,0.2074,0,LOW
DEF-13379,Naik,1,Field Outpost,111,,13.0,0.45,2,,0.281,,,0.509,0.37,0.209,7.4,0.161,60.7,67.0,,0.65,72.0,3.2,0.1391,0.2057,0,LOW
DEF-13380,Sepoy,1,Peace Station,84,19.8,7.0,0.15,1,,0.224,,0.493,0.51,,0.34,,0.272,40.3,,8411.0,0.76,55.0,3.6,0.0573,0.1089,0,LOW
DEF-13381,Sepoy,1,High Altitude (Siachen/Ladakh),42,18.5,13.0,0.85,2,0.0,0.315,-0.0,0.55,0.683,0.409,0.439,,,39.7,70.0,11346.0,0.63,56.0,3.3,0.7512,0.5819,2,HIGH
DEF-13382,Sepoy,1,Counter-Insurgency,30,25.1,11.0,0.9,1,0.0,0.552,0.177,0.78,0.85,0.511,0.267,6.3,0.21,,63.0,3478.0,0.74,,3.7,0.2146,0.2202,0,LOW
DEF-13383,Sepoy,1,Field Outpost,167,23.7,7.0,0.45,1,0.0,0.57,,,0.36,0.303,0.284,8.3,0.278,59.2,75.0,8661.0,0.84,93.0,2.1,0.3701,0.3589,1,MEDIUM
DEF-13384,Sepoy,1,Peace Station,25,5.9,13.0,0.15,1,0.0,0.273,0.187,0.204,0.176,0.251,0.0,7.3,0.248,,60.0,6287.0,0.78,30.0,2.4,0.1726,0.1386,0,LOW
DEF-13385,Subedar,3,Field Outpost,90,26.3,8.0,0.45,1,,0.215,0.251,0.807,,0.451,0.224,6.7,0.18,59.0,75.0,,,55.0,3.2,0.0788,0.1472,0,LOW
DEF-13386,Sepoy,1,High Altitude (Siachen/Ladakh),71,5.3,12.0,0.85,3,0.0,,0.057,0.72,0.434,0.997,0.18,5.9,0.364,,63.0,,0.6,42.0,,0.6732,0.6464,1,MEDIUM
DEF-13387,Naik,1,Peace Station,99,19.1,,0.15,3,0.0,0.566,0.084,0.334,,0.36,0.386,,0.217,42.9,,8899.0,,70.0,3.8,0.3499,0.3757,1,MEDIUM
DEF-13388,Sepoy,1,Counter-Insurgency,143,34.6,12.0,0.9,1,0.0,0.158,-0.949,0.884,0.479,0.732,0.576,6.6,0.176,,85.0,11728.0,0.78,,4.7,0.8893,0.8456,2,HIGH
DEF-13389,Naik,1,Counter-Insurgency,8,16.7,8.0,0.9,2,0.0,0.536,-0.114,0.289,0.714,0.55,0.405,,,55.0,77.0,8946.0,,49.0,,0.4636,0.3754,1,MEDIUM
DEF-13390,Sepoy,1,Field Outpost,33,0.0,12.0,0.45,1,1.0,0.678,-0.193,,,0.556,0.033,,0.255,58.6,,14458.0,,62.0,,0.2661,0.3044,0,LOW
DEF-13391,Subedar,3,Peace Station,60,11.2,8.0,0.15,1,0.0,0.246,,0.038,0.16,0.251,0.0,6.4,,62.9,67.0,7723.0,,45.0,2.4,0.091,0.021,0,LOW
DEF-13392,Subedar,3,High Altitude (Siachen/Ladakh),149,32.5,14.0,0.85,1,0.0,0.495,-0.349,0.699,0.723,0.571,0.667,6.0,0.235,43.8,78.0,9665.0,0.59,82.0,,0.8666,0.8379,2,HIGH
DEF-13393,Sepoy,1,Peace Station,50,12.2,12.0,0.15,2,0.0,0.323,0.038,0.299,0.259,0.275,0.121,7.2,0.263,60.4,62.0,6242.0,,29.0,2.2,0.1782,0.2395,0,LOW
DEF-13394,Subedar,3,Field Outpost,44,25.3,5.0,0.45,1,0.0,0.295,0.186,0.362,0.543,0.341,0.406,,0.287,56.9,,9075.0,,70.0,,0.1161,0.1261,0,LOW
DEF-13395,Colonel,4,Peace Station,12,5.9,12.0,0.15,2,1.0,,-0.068,0.42,0.496,0.218,0.158,,0.273,58.6,71.0,8811.0,,32.0,,0.0965,0.0755,0,LOW
DEF-13396,Havildar,2,Field Outpost,41,11.0,4.0,0.45,3,0.0,0.161,0.294,0.474,0.426,0.388,0.207,6.5,0.225,65.7,67.0,11816.0,0.73,56.0,1.5,0.156,0.2228,0,LOW
DEF-13397,Havildar,2,Peace Station,89,12.2,8.0,0.15,3,0.0,0.311,0.251,0.287,0.515,0.503,0.1,7.0,0.298,59.2,66.0,4249.0,0.84,68.0,2.2,0.02,0.0754,0,LOW
DEF-13398,Sepoy,1,High Altitude (Siachen/Ladakh),60,30.6,,0.85,1,0.0,,-0.526,0.724,0.697,0.461,0.597,,0.142,,76.0,8094.0,,,4.7,0.6943,0.6301,1,MEDIUM
DEF-13399,Naik,1,High Altitude (Siachen/Ladakh),40,11.4,11.0,0.85,1,1.0,0.643,-0.605,,0.542,0.667,0.584,,0.257,38.0,,,,73.0,2.5,0.5217,0.4331,1,MEDIUM
DEF-13400,Sepoy,1,Counter-Insurgency,168,0.0,15.0,0.9,1,0.0,0.67,-0.009,0.594,0.388,0.587,,8.5,0.291,,66.0,6820.0,0.74,68.0,,0.4824,0.5071,1,MEDIUM
DEF-13401,Sepoy,1,Peace Station,54,34.2,13.0,0.15,4,0.0,0.473,,,0.458,0.186,0.202,7.3,0.266,,62.0,10372.0,0.66,46.0,1.7,0.2109,0.1784,0,LOW
DEF-13402,Colonel,4,Peace Station,69,15.9,16.0,0.15,3,0.0,0.696,0.165,0.667,,0.489,0.034,6.1,0.284,68.5,69.0,11438.0,,48.0,,0.1307,0.236,0,LOW
DEF-13403,Sepoy,1,Field Outpost,39,19.6,16.0,0.45,3,0.0,0.395,0.193,0.685,0.932,0.709,0.555,7.0,0.184,35.7,84.0,5530.0,0.44,73.0,4.0,0.2908,0.2404,0,LOW
DEF-13404,Havildar,2,Peace Station,29,0.3,9.0,0.15,2,0.0,0.671,-0.311,0.692,0.474,,0.281,7.6,0.275,62.3,,11268.0,0.81,52.0,2.2,0.2994,0.2635,0,LOW
DEF-13405,Havildar,2,Peace Station,96,16.2,14.0,0.15,2,0.0,0.548,-0.254,0.469,0.253,,,7.3,,55.1,,13060.0,0.69,61.0,3.0,0.5198,0.492,1,MEDIUM
DEF-13406,Subedar,3,Field Outpost,19,14.2,6.0,0.45,1,0.0,0.387,-0.272,0.363,0.323,0.899,0.287,6.5,,57.6,72.0,8311.0,0.86,,2.6,0.4232,0.3358,1,MEDIUM
DEF-13407,Colonel,4,Field Outpost,84,5.8,18.0,0.45,3,0.0,0.221,0.378,0.236,0.158,0.145,0.044,8.2,,51.1,71.0,16610.0,,34.0,3.1,0.0695,0.3043,0,LOW
DEF-13408,Sepoy,1,Peace Station,6,,11.0,0.15,3,0.0,0.568,0.23,0.188,0.339,0.481,0.136,,0.349,,69.0,8090.0,,38.0,3.0,0.0825,0.1036,0,LOW
DEF-13409,Sepoy,1,Field Outpost,78,0.0,11.0,0.45,1,0.0,0.509,0.273,0.246,0.31,0.093,0.0,6.7,0.278,,70.0,8486.0,0.83,142.0,2.9,0.1492,0.2223,0,LOW
DEF-13410,Sepoy,1,Field Outpost,31,5.7,10.0,0.45,1,0.0,0.392,,0.566,,0.676,0.374,,0.229,50.5,70.0,,0.69,60.0,2.1,0.1974,0.1545,0,LOW
DEF-13411,Sepoy,1,Peace Station,36,24.3,11.0,0.15,3,1.0,0.312,0.31,0.249,,0.238,0.39,5.2,0.231,,70.0,7072.0,,51.0,,0.4903,0.3174,1,MEDIUM
DEF-13412,Sepoy,1,Counter-Insurgency,54,7.8,9.0,0.9,1,,0.491,0.035,0.28,0.207,0.263,0.351,,0.223,,71.0,10267.0,0.65,45.0,2.2,0.2211,0.2275,0,LOW
DEF-13413,Sepoy,1,Peace Station,28,9.8,9.0,0.15,3,0.0,,0.487,0.141,0.284,0.271,0.066,,0.306,64.5,52.0,13076.0,1.0,,2.4,0.0766,0.1283,0,LOW
DEF-13414,Havildar,2,Peace Station,16,14.8,11.0,0.15,2,0.0,0.388,0.463,0.713,0.725,0.297,,7.6,,55.1,74.0,8650.0,,,,0.2114,0.1767,0,LOW
DEF-13415,Naik,1,Peace Station,57,10.8,10.0,0.15,2,0.0,0.676,-0.115,0.606,0.355,0.274,0.288,5.0,,52.9,64.0,14313.0,0.79,62.0,2.7,0.202,0.213,0,LOW
DEF-13416,Sepoy,1,Peace Station,98,19.9,13.0,0.15,2,0.0,0.277,-0.055,,0.526,0.521,0.273,,0.243,40.4,63.0,9973.0,,60.0,3.0,0.4763,0.5467,1,MEDIUM
DEF-13417,Naik,1,Counter-Insurgency,73,15.5,,0.9,2,0.0,0.382,-0.783,0.498,0.937,0.781,,6.9,0.139,37.2,81.0,7021.0,,114.0,3.4,0.7508,0.5962,2,HIGH
DEF-13418,Sepoy,1,Peace Station,119,1.2,8.0,0.15,1,1.0,0.402,0.204,0.266,,0.516,0.095,7.1,0.256,,68.0,13378.0,,54.0,2.4,0.2725,0.3547,0,LOW
DEF-13419,Sepoy,1,High Altitude (Siachen/Ladakh),17,7.8,,0.85,4,1.0,0.612,-0.098,0.463,0.484,0.661,0.22,5.9,,,70.0,13188.0,0.66,68.0,3.4,0.3529,0.2014,0,LOW
DEF-13420,Havildar,2,Field Outpost,50,6.8,10.0,0.45,4,0.0,0.491,0.13,0.149,0.345,0.161,0.222,7.2,0.283,66.3,58.0,10935.0,0.79,51.0,0.8,0.0468,0.1101,0,LOW
DEF-13421,Naik,1,Field Outpost,65,10.1,18.0,0.45,2,,0.204,0.265,,0.637,,0.352,4.4,0.166,38.7,,,0.54,67.0,3.3,0.5473,0.4972,1,MEDIUM
DEF-13422,Havildar,2,Counter-Insurgency,36,15.0,8.0,0.9,2,0.0,0.46,-0.058,,0.806,0.66,,6.9,,45.5,68.0,7809.0,0.42,79.0,4.8,0.7331,0.5749,1,MEDIUM
DEF-13423,Sepoy,1,High Altitude (Siachen/Ladakh),67,16.6,14.0,0.85,2,0.0,0.346,-0.369,0.895,0.405,0.635,0.626,6.5,,,68.0,10846.0,0.71,87.0,,0.74,0.649,2,HIGH
DEF-13424,Havildar,2,Peace Station,115,,7.0,0.15,2,1.0,0.254,,,0.206,0.482,0.064,8.6,,56.8,71.0,6681.0,0.81,49.0,,0.0277,0.1107,0,LOW
DEF-13425,Naik,1,High Altitude (Siachen/Ladakh),86,,14.0,0.85,4,0.0,0.287,-0.455,0.705,0.516,,0.47,5.0,0.163,43.1,76.0,8936.0,0.6,79.0,3.3,0.6496,0.5722,1,MEDIUM
DEF-13426,Naik,1,Field Outpost,124,13.2,11.0,0.45,1,0.0,0.43,0.17,,0.356,,0.144,6.4,,56.9,69.0,,0.94,34.0,2.5,0.0893,0.2937,0,LOW
DEF-13427,Naik,1,Field Outpost,76,4.5,5.0,0.45,1,0.0,0.3,0.023,0.271,0.42,,0.249,6.3,0.267,51.2,68.0,8525.0,0.93,59.0,3.6,0.066,0.01,0,LOW
DEF-13428,Subedar,3,High Altitude (Siachen/Ladakh),60,22.1,10.0,0.85,4,0.0,0.432,0.071,0.836,0.625,0.533,0.42,6.9,0.166,39.7,78.0,,0.52,85.0,2.7,0.8694,0.7288,2,HIGH
DEF-13429,Naik,1,Counter-Insurgency,144,0.0,11.0,0.9,1,0.0,0.218,0.138,0.244,,0.294,0.217,6.7,,59.8,,7386.0,0.71,56.0,2.5,0.1322,0.2392,0,LOW
DEF-13430,Naik,1,Peace Station,69,0.6,11.0,0.15,3,0.0,0.211,-0.012,0.322,,,0.146,,,55.2,69.0,4989.0,,74.0,,0.1681,0.1791,0,LOW
DEF-13431,Colonel,4,High Altitude (Siachen/Ladakh),161,32.1,20.0,0.85,1,0.0,0.376,-0.2,,,0.446,0.477,6.0,0.154,41.0,84.0,7190.0,,107.0,3.6,0.6386,0.8065,2,HIGH
DEF-13432,Havildar,2,Peace Station,107,15.2,16.0,0.15,4,0.0,0.752,-0.417,0.592,0.59,0.48,,6.9,,34.7,,15863.0,0.59,99.0,4.0,0.531,0.5581,1,MEDIUM
DEF-13433,Sepoy,1,Field Outpost,41,7.7,21.0,0.45,3,1.0,0.36,-0.107,0.23,0.511,,0.227,6.4,0.263,43.0,75.0,,0.68,63.0,2.6,0.1531,0.128,0,LOW
DEF-13434,Havildar,2,Counter-Insurgency,56,14.9,20.0,0.9,4,0.0,0.16,-0.261,0.658,0.474,,0.367,5.7,0.198,29.8,78.0,7571.0,0.7,69.0,3.6,0.9331,0.8699,2,HIGH
DEF-13435,Sepoy,1,Field Outpost,143,12.5,14.0,0.45,4,1.0,0.335,0.017,0.756,0.59,0.479,0.352,5.9,,34.4,,8703.0,0.51,94.0,3.6,0.6339,0.6063,1,MEDIUM
DEF-13436,Sepoy,1,Peace Station,119,14.3,9.0,0.15,1,0.0,0.712,0.327,0.368,0.194,0.376,0.255,7.3,0.245,,67.0,,,36.0,2.7,0.1511,0.254,0,LOW
DEF-13437,Naik,1,Field Outpost,97,18.2,11.0,0.45,2,0.0,0.691,0.138,0.253,0.36,,0.291,6.7,,53.0,73.0,8961.0,0.74,44.0,2.1,0.2425,0.2555,0,LOW
DEF-13438,Subedar,3,High Altitude (Siachen/Ladakh),91,12.3,11.0,0.85,2,0.0,0.398,-0.005,0.852,0.607,0.525,0.21,6.0,0.179,46.2,69.0,,0.69,56.0,3.4,0.4884,0.5072,1,MEDIUM
DEF-13439,Subedar,3,Field Outpost,26,,14.0,0.45,3,0.0,0.465,0.135,0.404,0.565,0.433,0.365,7.1,0.258,41.0,80.0,9360.0,0.85,79.0,,0.2873,0.2944,0,LOW
DEF-13440,Sepoy,1,Peace Station,30,12.7,16.0,0.15,1,0.0,0.799,0.076,0.555,0.477,0.212,0.483,7.7,0.221,56.8,65.0,6171.0,0.85,49.0,2.4,0.4366,0.3447,1,MEDIUM
DEF-13441,Naik,1,Field Outpost,74,7.0,11.0,0.45,4,1.0,0.244,,0.372,0.288,0.71,,6.6,,65.0,,9479.0,0.86,54.0,2.4,0.45,0.3806,1,MEDIUM
DEF-13442,Sepoy,1,Counter-Insurgency,37,4.6,13.0,0.9,1,1.0,0.5,-0.086,0.825,0.352,0.309,0.094,8.2,0.269,,69.0,9084.0,0.67,,2.9,0.1332,0.298,0,LOW
DEF-13443,Colonel,4,High Altitude (Siachen/Ladakh),54,25.2,12.0,0.85,3,0.0,0.676,0.034,0.401,,0.46,0.443,6.2,0.31,61.4,66.0,7319.0,0.71,54.0,,0.2736,0.2583,0,LOW
DEF-13444,Colonel,4,High Altitude (Siachen/Ladakh),52,19.5,17.0,0.85,2,0.0,0.285,0.03,0.808,,0.461,0.396,4.5,,48.2,76.0,11995.0,0.73,76.0,3.7,0.9602,0.7608,2,HIGH
DEF-13445,Naik,1,High Altitude (Siachen/Ladakh),89,22.8,16.0,0.85,2,,0.258,0.021,0.677,0.618,,0.598,5.8,0.203,39.5,,12001.0,0.75,83.0,3.4,0.7893,0.6815,2,HIGH
DEF-13446,Havildar,2,Peace Station,75,14.0,6.0,0.15,1,1.0,,,0.501,0.331,0.309,0.11,7.3,0.249,65.1,60.0,11014.0,0.64,28.0,2.4,0.064,0.01,0,LOW
DEF-13447,Havildar,2,Field Outpost,113,15.9,7.0,0.45,1,1.0,0.356,0.116,0.371,0.612,0.183,0.166,7.9,0.19,63.9,65.0,11349.0,0.98,35.0,2.7,0.0501,0.1601,0,LOW
DEF-13448,Naik,1,Field Outpost,76,12.5,,0.45,1,0.0,0.504,,0.521,0.338,0.332,,6.4,,65.7,,7447.0,0.75,50.0,3.0,0.3061,0.2616,0,LOW
DEF-13449,Sepoy,1,Peace Station,73,23.8,10.0,0.15,2,1.0,0.57,-0.168,,,,0.498,,0.31,,74.0,,0.85,49.0,2.4,0.4176,0.3163,1,MEDIUM
DEF-13450,Naik,1,Peace Station,64,,17.0,0.15,2,0.0,0.269,0.411,0.561,0.401,0.164,,6.9,0.35,70.7,,,0.82,44.0,1.2,0.1805,0.2513,0,LOW
DEF-13451,Naik,1,High Altitude (Siachen/Ladakh),123,5.6,15.0,0.85,3,0.0,0.131,-0.265,0.319,0.638,0.444,0.096,7.1,,57.1,70.0,10768.0,,58.0,2.9,0.1404,0.3601,0,LOW
DEF-13452,Naik,1,Peace Station,64,18.4,11.0,0.15,1,0.0,,-0.384,,0.641,,0.39,6.1,0.292,55.2,81.0,,0.62,170.0,3.5,0.7158,0.5803,1,MEDIUM
DEF-13453,Sepoy,1,Peace Station,41,12.7,10.0,0.15,2,0.0,,-0.752,0.718,0.655,0.618,0.258,,0.27,53.3,,5113.0,,45.0,3.1,0.0238,0.0667,0,LOW
DEF-13454,Major,4,Peace Station,94,16.1,7.0,0.15,4,0.0,0.324,-0.042,0.346,,0.376,0.291,6.3,0.21,65.7,68.0,12404.0,0.68,56.0,2.0,0.3857,0.3428,1,MEDIUM
DEF-13455,Sepoy,1,Peace Station,60,20.0,16.0,0.15,3,0.0,0.319,-0.74,0.663,0.761,0.768,0.391,6.9,,,,14073.0,0.51,71.0,3.3,0.8237,0.6775,2,HIGH
DEF-13456,Naik,1,Field Outpost,106,9.1,15.0,0.45,1,0.0,0.105,,0.44,,0.197,0.129,,0.208,60.4,75.0,9155.0,,,2.5,0.432,0.5191,1,MEDIUM
DEF-13457,Naik,1,High Altitude (Siachen/Ladakh),131,12.1,17.0,0.85,3,,0.372,0.378,0.533,0.579,0.462,,,0.157,31.6,67.0,9116.0,,72.0,3.8,0.349,0.4892,1,MEDIUM
DEF-13458,Naik,1,Peace Station,57,11.4,8.0,0.15,4,0.0,0.761,-0.223,0.316,0.359,,0.232,6.5,0.238,61.7,65.0,7818.0,0.57,,2.5,0.5157,0.4202,1,MEDIUM
DEF-13459,Naik,1,Peace Station,128,24.9,13.0,0.15,4,0.0,0.181,-0.166,,0.444,0.885,0.239,6.4,0.184,48.2,66.0,5902.0,0.7,,2.5,0.3479,0.4365,1,MEDIUM
DEF-13460,Sepoy,1,High Altitude (Siachen/Ladakh),108,14.1,11.0,0.85,3,0.0,0.31,,1.0,0.605,0.456,0.449,4.9,0.19,40.9,,13003.0,0.44,73.0,3.1,0.7879,0.7585,2,HIGH
DEF-13461,Sepoy,1,Field Outpost,45,15.3,15.0,0.45,2,0.0,0.349,-0.175,,0.576,0.147,0.273,,0.245,,70.0,10539.0,0.71,79.0,3.0,0.1113,0.2122,0,LOW
DEF-13462,Naik,1,High Altitude (Siachen/Ladakh),37,4.2,8.0,0.85,1,0.0,0.349,-0.026,0.4,0.332,0.457,0.296,5.3,0.284,63.7,78.0,,,60.0,2.7,0.5214,0.452,1,MEDIUM
DEF-13463,Naik,1,Peace Station,35,20.2,18.0,0.15,2,0.0,0.145,-0.097,0.482,0.378,0.556,0.341,5.7,0.243,34.6,,14287.0,,55.0,2.9,0.453,0.3107,1,MEDIUM
DEF-13464,Sepoy,1,High Altitude (Siachen/Ladakh),30,17.6,16.0,0.85,2,0.0,0.427,-0.376,,0.475,,0.276,7.6,0.21,,74.0,7206.0,0.77,85.0,,0.4965,0.3855,1,MEDIUM
DEF-13465,Havildar,2,Field Outpost,121,6.9,22.0,0.45,1,0.0,0.433,0.002,0.385,0.651,0.28,,5.4,0.177,63.4,77.0,,,67.0,2.9,0.5757,0.6671,1,MEDIUM
DEF-13466,Naik,1,Field Outpost,57,30.3,10.0,0.45,1,,0.269,-0.001,,0.624,,0.511,7.1,0.169,47.6,80.0,13596.0,0.61,70.0,3.6,0.6329,0.6095,1,MEDIUM
DEF-13467,Naik,1,Peace Station,155,16.9,16.0,0.15,1,0.0,0.244,,0.502,0.468,,0.397,6.3,0.272,40.7,,8406.0,0.62,,4.5,0.4265,0.5744,1,MEDIUM
DEF-13468,Havildar,2,Peace Station,42,8.7,9.0,0.15,2,2.0,,,0.246,0.262,,0.125,6.9,0.28,57.3,65.0,10122.0,0.87,26.0,2.7,0.136,0.2173,0,LOW
DEF-13469,Sepoy,1,High Altitude (Siachen/Ladakh),47,14.0,11.0,0.85,1,0.0,0.214,,0.558,,0.435,0.264,7.5,,,73.0,10735.0,,70.0,3.1,0.2893,0.2829,0,LOW
DEF-13470,Sepoy,1,Peace Station,86,10.9,19.0,0.15,2,1.0,0.337,,0.372,0.827,,0.369,,,,65.0,8069.0,0.76,75.0,2.7,0.2301,0.2249,0,LOW
DEF-13471,Havildar,2,Peace Station,151,27.1,8.0,0.15,3,0.0,0.514,0.455,,0.29,0.325,0.257,7.7,0.342,62.6,56.0,9200.0,0.76,55.0,2.0,0.3303,0.2612,0,LOW
DEF-13472,Naik,1,Field Outpost,46,21.9,8.0,0.45,1,0.0,0.496,0.065,0.582,0.86,,0.488,6.0,0.181,44.2,77.0,11365.0,0.52,96.0,2.7,0.4505,0.364,1,MEDIUM
DEF-13473,Naik,1,Field Outpost,101,17.9,14.0,0.45,4,0.0,,0.016,0.765,0.742,1.0,0.582,5.4,,44.9,83.0,2559.0,0.46,,4.0,0.714,0.5444,1,MEDIUM
DEF-13474,Havildar,2,Field Outpost,64,28.6,8.0,0.45,2,0.0,,-0.205,,0.544,0.668,0.434,5.9,0.204,32.5,76.0,8118.0,0.69,,4.0,0.775,0.5197,1,MEDIUM
DEF-13475,Havildar,2,Field Outpost,87,5.2,12.0,0.45,1,0.0,0.346,-0.075,0.469,0.314,0.803,0.089,,0.267,65.4,76.0,9281.0,,112.0,3.0,0.5225,0.6128,1,MEDIUM
DEF-13476,Major,4,Field Outpost,38,20.6,,0.45,1,1.0,0.538,-0.693,0.486,0.652,0.326,0.434,,,44.8,80.0,13198.0,0.62,92.0,3.8,0.2609,0.2497,0,LOW
DEF-13477,Naik,1,Field Outpost,95,18.7,8.0,0.45,1,1.0,0.418,,0.456,0.296,0.529,,6.7,0.165,45.1,70.0,,0.7,83.0,2.4,0.1749,0.2559,0,LOW
DEF-13478,Naik,1,Counter-Insurgency,54,12.0,20.0,0.9,1,2.0,0.377,-0.044,0.732,0.736,0.754,0.266,6.0,0.19,35.3,75.0,9266.0,0.61,100.0,3.8,0.7045,0.6371,1,MEDIUM
DEF-13479,Sepoy,1,Field Outpost,48,12.1,8.0,0.45,3,1.0,0.617,-0.658,0.581,0.915,0.774,0.441,5.9,0.149,55.0,82.0,7194.0,,69.0,4.3,0.1029,0.1357,0,LOW
DEF-13480,Sepoy,1,Field Outpost,63,21.8,12.0,0.45,3,0.0,0.23,0.001,0.536,0.58,0.825,0.52,7.3,,,73.0,,,63.0,3.0,0.1466,0.2688,0,LOW
DEF-13481,Naik,1,Peace Station,90,21.2,8.0,0.15,3,0.0,,0.248,0.424,0.795,0.216,0.34,,,43.5,73.0,7521.0,0.64,,2.8,0.303,0.3491,0,LOW
DEF-13482,Sepoy,1,Counter-Insurgency,58,1.9,,0.9,2,1.0,0.174,-0.255,0.458,,0.42,,5.8,0.22,51.0,66.0,11229.0,,,2.7,0.5983,0.5053,1,MEDIUM
DEF-13483,Subedar,3,Peace Station,49,29.4,,0.15,2,0.0,0.259,0.188,0.384,0.359,0.632,0.241,,0.329,55.8,82.0,7217.0,,53.0,2.6,0.2788,0.3573,0,LOW
DEF-13484,Naik,1,Field Outpost,59,23.7,11.0,0.45,1,0.0,0.34,-0.438,0.507,,,0.272,7.4,0.251,63.3,74.0,10186.0,0.64,56.0,3.7,0.307,0.2597,0,LOW
DEF-13485,Naik,1,Field Outpost,58,11.6,10.0,0.45,2,0.0,0.652,0.043,0.461,0.531,0.315,0.146,6.8,0.23,60.2,67.0,12604.0,0.67,46.0,3.3,0.2931,0.1547,0,LOW
DEF-13486,Sepoy,1,Field Outpost,86,7.3,13.0,0.45,2,0.0,0.38,,0.653,,0.461,0.374,6.8,,33.4,,3773.0,,58.0,3.0,0.4851,0.472,1,MEDIUM
DEF-13487,Sepoy,1,Field Outpost,51,23.4,17.0,0.45,1,0.0,0.266,-0.119,0.721,0.566,,0.581,5.1,0.215,,77.0,12327.0,0.67,91.0,4.0,0.9343,0.8132,2,HIGH
DEF-13488,Sepoy,1,High Altitude (Siachen/Ladakh),50,18.2,13.0,0.85,4,1.0,0.441,0.121,0.375,0.52,0.531,0.284,6.2,,,72.0,10526.0,0.76,58.0,4.3,0.2554,0.3026,0,LOW
DEF-13489,Sepoy,1,Peace Station,39,20.1,15.0,0.15,2,0.0,0.226,-0.075,,0.38,,,6.6,,63.9,62.0,6723.0,0.71,65.0,1.5,0.1059,0.1654,0,LOW
DEF-13490,Sepoy,1,Field Outpost,89,18.9,8.0,0.45,3,2.0,0.319,-0.501,0.476,0.691,0.647,0.473,6.9,0.209,,73.0,14804.0,0.49,,2.5,0.1625,0.1598,0,LOW
DEF-13491,Naik,1,High Altitude (Siachen/Ladakh),70,,8.0,0.85,2,1.0,0.306,0.638,,0.28,0.307,0.458,,,58.7,,7622.0,,55.0,3.2,0.465,0.3664,1,MEDIUM
DEF-13492,Subedar,3,Peace Station,123,21.3,16.0,0.15,1,0.0,0.478,0.043,,0.768,0.345,0.367,6.7,0.216,55.0,73.0,7972.0,0.78,,3.9,0.2195,0.4164,0,LOW
DEF-13493,Subedar,3,Peace Station,114,9.5,14.0,0.15,3,0.0,0.532,,0.549,,0.156,0.314,6.8,0.293,63.4,67.0,8133.0,,29.0,3.0,0.0757,0.2114,0,LOW
DEF-13494,Naik,1,Field Outpost,74,9.0,12.0,0.45,1,0.0,0.467,-0.266,0.518,0.297,,0.23,6.8,,54.3,67.0,5925.0,0.67,,2.7,0.3424,0.3765,1,MEDIUM
DEF-13495,Sepoy,1,Counter-Insurgency,60,17.0,10.0,0.9,2,1.0,,,0.66,0.553,0.519,0.408,6.4,0.204,,70.0,10570.0,0.76,69.0,3.6,0.6747,0.5544,1,MEDIUM
DEF-13496,Subedar,3,Peace Station,64,33.5,14.0,0.15,2,0.0,0.648,,0.483,0.704,,0.556,6.0,0.194,45.9,83.0,8461.0,,72.0,3.8,0.3228,0.358,0,LOW
DEF-13497,Subedar,3,Peace Station,44,12.7,9.0,0.15,1,,0.233,0.129,0.644,0.422,,0.072,,0.22,50.8,,10817.0,0.83,,2.1,0.1749,0.16,0,LOW
DEF-13498,Sepoy,1,Field Outpost,39,17.1,14.0,0.45,2,0.0,0.236,-0.302,0.579,,,0.45,7.4,,,,13672.0,,57.0,4.0,0.3976,0.3669,1,MEDIUM
DEF-13499,Havildar,2,Peace Station,35,,15.0,0.15,1,0.0,0.137,,,0.508,0.466,,5.8,0.227,54.5,,12037.0,,,3.4,0.4274,0.3675,1,MEDIUM
DEF-13500,Sepoy,1,Field Outpost,57,10.4,10.0,0.45,1,0.0,0.526,-0.254,,,0.484,0.354,5.9,0.189,46.3,79.0,10755.0,0.63,71.0,4.7,0.3265,0.3018,0,LOW
DEF-13501,Havildar,2,High Altitude (Siachen/Ladakh),9,20.8,8.0,0.85,3,0.0,0.296,,0.972,0.649,,0.402,5.3,0.282,36.5,80.0,13303.0,0.57,73.0,,0.8107,0.6005,2,HIGH
DEF-13502,Colonel,4,Peace Station,148,14.1,7.0,0.15,2,0.0,0.286,0.221,0.271,0.164,0.286,0.112,,0.225,58.0,58.0,5603.0,,43.0,3.0,0.1809,0.2491,0,LOW
DEF-13503,Sepoy,1,High Altitude (Siachen/Ladakh),172,24.6,14.0,0.85,1,0.0,0.584,-0.228,0.504,0.677,0.739,0.445,,0.189,,72.0,7225.0,0.68,102.0,3.1,0.7709,0.7923,2,HIGH
DEF-13504,Subedar,3,Field Outpost,33,6.0,22.0,0.45,2,0.0,0.413,0.167,0.268,0.621,0.308,0.08,,,49.1,70.0,,,46.0,3.9,0.1737,0.2264,0,LOW
DEF-13505,Naik,1,Counter-Insurgency,170,33.7,6.0,0.9,3,1.0,0.204,0.119,1.0,0.7,0.579,0.467,5.2,0.195,61.2,70.0,7006.0,,96.0,3.7,0.8074,0.6509,2,HIGH
DEF-13506,Major,4,Counter-Insurgency,33,11.3,18.0,0.9,1,0.0,0.75,,0.664,0.483,0.613,0.22,6.1,,35.9,79.0,14810.0,,71.0,3.2,0.711,0.6268,1,MEDIUM
DEF-13507,Naik,1,Field Outpost,65,,19.0,0.45,2,0.0,0.457,,0.698,0.918,0.806,0.319,6.7,0.292,32.0,75.0,12278.0,,113.0,2.6,0.5233,0.502,1,MEDIUM
DEF-13508,Havildar,2,Field Outpost,80,14.0,7.0,0.45,2,2.0,0.497,0.277,0.223,0.422,0.41,0.3,6.7,0.257,48.4,,8691.0,,104.0,,0.2921,0.2331,0,LOW
DEF-13509,Sepoy,1,High Altitude (Siachen/Ladakh),68,4.8,,0.85,3,0.0,0.49,0.017,0.462,0.589,0.38,,5.6,0.226,,70.0,8270.0,0.55,74.0,2.9,0.4601,0.3767,1,MEDIUM
DEF-13510,Sepoy,1,Peace Station,46,21.1,12.0,0.15,2,0.0,0.16,0.154,0.512,,0.244,0.366,7.2,,48.0,75.0,,0.79,42.0,2.0,0.1775,0.235,0,LOW
DEF-13511,Sepoy,1,Peace Station,44,11.8,12.0,0.15,1,1.0,0.361,,0.345,0.836,,0.273,5.2,0.183,,63.0,11500.0,0.66,,2.6,0.488,0.4224,1,MEDIUM
DEF-13512,Major,4,Counter-Insurgency,101,18.5,15.0,0.9,1,,0.158,-0.544,0.494,0.512,0.33,,6.6,0.258,44.1,73.0,10788.0,0.62,70.0,3.1,0.5753,0.6153,1,MEDIUM
DEF-13513,Havildar,2,Field Outpost,125,7.2,10.0,0.45,2,0.0,0.487,0.139,0.367,0.258,0.443,0.002,6.8,0.256,72.4,59.0,7491.0,0.8,25.0,2.6,0.0507,0.1246,0,LOW
DEF-13514,Subedar,3,Peace Station,18,11.8,7.0,0.15,1,0.0,0.246,,0.379,0.286,0.344,0.009,,0.259,69.5,62.0,,,,1.8,0.1392,0.078,0,LOW
DEF-13515,Major,4,High Altitude (Siachen/Ladakh),74,,12.0,0.85,3,0.0,,0.16,0.842,0.552,0.878,,5.1,0.149,38.0,88.0,14868.0,,68.0,,0.6634,0.4646,1,MEDIUM
DEF-13516,Sepoy,1,Field Outpost,90,18.7,14.0,0.45,1,0.0,0.263,-0.298,0.621,,,0.249,7.3,0.251,,68.0,4388.0,,55.0,2.9,0.4706,0.442,1,MEDIUM
DEF-13517,Sepoy,1,Peace Station,71,16.6,10.0,0.15,1,0.0,0.514,-0.347,0.502,,,0.336,7.4,0.244,56.8,70.0,11328.0,0.59,46.0,,0.18,0.1448,0,LOW
DEF-13518,Sepoy,1,Peace Station,25,12.5,12.0,0.15,1,0.0,0.031,-0.068,0.363,0.415,0.336,0.215,6.1,0.235,,60.0,7092.0,,41.0,3.2,0.3308,0.2134,0,LOW
DEF-13519,Sepoy,1,Peace Station,86,10.9,13.0,0.15,2,0.0,0.67,0.139,0.408,,0.706,,8.4,0.31,,60.0,6537.0,0.7,26.0,2.3,0.2031,0.3224,0,LOW
DEF-13520,Sepoy,1,Counter-Insurgency,115,16.7,13.0,0.9,2,0.0,0.705,,0.281,0.413,0.517,0.305,5.7,0.239,,,11349.0,0.81,88.0,3.5,0.2918,0.3492,0,LOW
DEF-13521,Naik,1,Counter-Insurgency,38,15.7,7.0,0.9,1,0.0,0.516,-0.831,0.644,0.792,0.682,,5.9,0.165,41.5,69.0,7539.0,0.59,,3.3,0.5312,0.4084,1,MEDIUM
DEF-13522,Sepoy,1,Peace Station,45,15.1,17.0,0.15,3,0.0,0.039,-0.488,0.634,0.776,0.785,0.364,,,52.4,81.0,10728.0,0.59,69.0,,0.2416,0.2283,0,LOW
DEF-13523,Sepoy,1,High Altitude (Siachen/Ladakh),72,30.7,8.0,0.85,1,0.0,0.578,-0.23,0.768,0.368,0.77,,7.1,0.265,,67.0,,,55.0,2.4,0.4635,0.3744,1,MEDIUM
DEF-13524,Sepoy,1,Field Outpost,61,18.7,19.0,0.45,1,0.0,0.015,-0.136,,0.657,0.679,0.548,6.2,0.113,,80.0,,,116.0,4.1,0.5214,0.4587,1,MEDIUM
DEF-13525,Sepoy,1,High Altitude (Siachen/Ladakh),45,30.4,12.0,0.85,1,,,-0.272,0.764,0.489,0.712,0.517,6.4,,,73.0,11713.0,0.71,61.0,2.7,0.8175,0.7195,2,HIGH
DEF-13526,Major,4,Peace Station,29,13.4,16.0,0.15,4,0.0,0.19,0.003,,0.623,0.616,0.27,6.8,0.176,38.7,72.0,8370.0,,48.0,3.2,0.2887,0.3093,0,LOW
DEF-13527,Havildar,2,Field Outpost,48,13.6,8.0,0.45,3,2.0,,0.244,0.735,0.485,0.351,0.249,6.4,0.312,59.4,,4112.0,,76.0,2.7,0.1148,0.1207,0,LOW
DEF-13528,Major,4,Peace Station,13,9.7,11.0,0.15,3,0.0,0.828,-0.057,,0.452,0.639,0.493,6.2,0.186,47.0,76.0,7174.0,0.58,59.0,4.2,0.2729,0.2233,0,LOW
DEF-13529,Sepoy,1,Peace Station,91,16.6,20.0,0.15,1,0.0,0.353,,0.655,0.523,0.779,0.665,,0.231,39.5,83.0,8868.0,0.65,65.0,2.7,0.6727,0.7709,2,HIGH
DEF-13530,Sepoy,1,Peace Station,41,11.2,11.0,0.15,2,0.0,0.727,0.05,,0.194,,0.131,7.0,0.258,56.7,,,0.74,58.0,3.1,0.1317,0.134,0,LOW
DEF-13531,Havildar,2,Peace Station,100,10.0,14.0,0.15,2,0.0,0.173,0.22,0.544,,0.568,0.172,6.1,,36.6,63.0,7935.0,0.65,97.0,3.8,0.2373,0.3675,0,LOW
DEF-13532,Sepoy,1,Counter-Insurgency,56,0.0,12.0,0.9,1,0.0,0.719,-0.036,,0.449,0.907,0.306,6.0,0.256,43.4,79.0,8844.0,0.63,69.0,,0.3773,0.4193,1,MEDIUM
DEF-13533,Sepoy,1,Counter-Insurgency,70,26.5,7.0,0.9,1,0.0,0.295,,0.906,0.697,0.536,0.627,4.5,0.209,52.4,80.0,8533.0,0.77,76.0,5.5,0.9313,0.7679,2,HIGH
DEF-13534,Sepoy,1,High Altitude (Siachen/Ladakh),21,10.7,14.0,0.85,3,0.0,,0.095,0.425,0.366,0.229,0.293,7.0,0.214,,69.0,,,64.0,1.9,0.2261,0.1773,0,LOW
DEF-13535,Sepoy,1,Peace Station,95,26.5,16.0,0.15,1,0.0,0.411,0.306,,0.542,0.385,,6.5,0.157,,71.0,7851.0,0.71,77.0,3.1,0.5576,0.5383,1,MEDIUM
DEF-13536,Sepoy,1,Field Outpost,227,13.2,15.0,0.45,2,1.0,0.442,0.293,0.802,,0.519,0.354,5.6,,49.8,,11386.0,0.94,,3.5,0.3612,0.5225,1,MEDIUM
DEF-13537,Sepoy,1,Field Outpost,51,19.5,13.0,0.45,1,1.0,0.452,-0.192,0.304,,,,6.1,0.187,50.1,83.0,9982.0,0.88,67.0,2.8,0.4997,0.3613,1,MEDIUM
DEF-13538,Naik,1,Field Outpost,69,14.6,7.0,0.45,2,0.0,0.639,,,0.151,0.223,0.284,7.5,0.222,46.6,67.0,,0.79,36.0,,0.0246,0.0868,0,LOW
DEF-13539,Sepoy,1,Peace Station,74,17.5,10.0,0.15,1,0.0,0.448,-0.412,,,,0.417,5.2,0.282,,70.0,9131.0,0.78,61.0,4.4,0.5114,0.4372,1,MEDIUM
DEF-13540,Sepoy,1,Field Outpost,27,5.4,13.0,0.45,1,0.0,0.652,-0.039,,,,0.02,6.6,0.284,,62.0,9738.0,0.83,60.0,1.8,0.1348,0.1249,0,LOW
DEF-13541,Havildar,2,Peace Station,32,24.0,7.0,0.15,2,0.0,0.349,-0.398,0.746,0.477,0.738,0.598,4.5,0.236,49.6,73.0,11234.0,,65.0,,0.7837,0.5484,2,HIGH
DEF-13542,Sepoy,1,High Altitude (Siachen/Ladakh),87,10.9,16.0,0.85,4,0.0,0.475,-0.195,0.645,0.636,0.569,0.431,,0.093,,73.0,5314.0,0.67,,4.3,0.8948,0.8814,2,HIGH
DEF-13543,Sepoy,1,High Altitude (Siachen/Ladakh),38,21.9,,0.85,4,0.0,0.412,,0.828,0.337,0.64,0.485,5.2,0.172,58.7,79.0,8038.0,0.65,59.0,2.9,0.6294,0.5515,1,MEDIUM
DEF-13544,Subedar,3,Field Outpost,56,1.6,16.0,0.45,1,1.0,0.272,-0.312,0.243,0.212,0.287,0.235,7.1,0.269,70.4,67.0,5194.0,,77.0,,0.0519,0.1104,0,LOW
DEF-13545,Sepoy,1,Field Outpost,70,7.6,7.0,0.45,1,0.0,0.759,,0.266,0.256,0.3,0.103,6.7,0.243,,69.0,6090.0,,63.0,2.7,0.2594,0.2051,0,LOW
DEF-13546,Sepoy,1,Peace Station,89,17.2,12.0,0.15,2,1.0,,,0.835,0.233,0.235,0.2,6.3,0.224,,75.0,8296.0,0.76,51.0,2.2,0.2197,0.3373,0,LOW
DEF-13547,Naik,1,Peace Station,57,12.6,12.0,0.15,2,1.0,,-0.163,0.225,0.359,0.459,0.13,7.4,0.227,52.4,64.0,10093.0,0.55,42.0,2.5,0.1121,0.1669,0,LOW
DEF-13548,Sepoy,1,Peace Station,58,17.9,11.0,0.15,3,0.0,0.12,,0.563,,0.532,0.498,5.4,0.258,34.9,70.0,6319.0,0.64,61.0,3.7,0.5015,0.5583,1,MEDIUM
DEF-13549,Naik,1,High Altitude (Siachen/Ladakh),207,15.8,7.0,0.85,2,0.0,0.34,-0.136,0.849,0.599,0.447,0.327,,,45.7,,10354.0,0.69,66.0,4.1,0.702,0.7007,2,HIGH
DEF-13550,Havildar,2,Peace Station,109,29.5,12.0,0.15,2,2.0,0.181,-0.077,,,0.557,0.312,5.2,0.225,58.0,66.0,8327.0,0.83,,,0.2443,0.3001,0,LOW
DEF-13551,Sepoy,1,Field Outpost,52,18.6,8.0,0.45,2,0.0,0.396,0.036,0.592,,0.409,0.163,7.0,,,88.0,10096.0,0.89,90.0,,0.2846,0.186,0,LOW
DEF-13552,Naik,1,Peace Station,59,10.3,16.0,0.15,1,0.0,0.457,,,,0.147,0.0,9.0,0.315,74.7,67.0,8218.0,,23.0,2.3,0.0732,0.203,0,LOW
DEF-13553,Naik,1,Peace Station,164,10.7,16.0,0.15,2,1.0,0.396,-0.081,0.686,0.516,0.411,0.359,7.3,0.192,52.3,85.0,,,53.0,,0.257,0.4255,0,LOW
DEF-13554,Sepoy,1,Peace Station,89,24.2,11.0,0.15,2,0.0,0.633,,0.62,0.183,,0.278,5.6,0.194,,70.0,12539.0,1.0,40.0,1.7,0.4426,0.3982,1,MEDIUM
DEF-13555,Naik,1,Field Outpost,117,1.0,13.0,0.45,3,0.0,,0.008,,0.519,0.709,0.116,6.8,0.202,62.7,65.0,12776.0,0.84,50.0,,0.0979,0.2462,0,LOW
DEF-13556,Sepoy,1,Field Outpost,51,18.8,10.0,0.45,1,0.0,0.095,-0.069,0.875,0.359,0.446,0.33,,,46.7,,8330.0,0.86,70.0,3.6,0.4006,0.3197,1,MEDIUM
DEF-13557,Naik,1,High Altitude (Siachen/Ladakh),47,4.5,13.0,0.85,1,1.0,0.145,-0.216,0.47,,0.566,,7.2,0.291,46.2,64.0,15153.0,0.69,50.0,2.4,0.5881,0.4487,1,MEDIUM
DEF-13558,Sepoy,1,Peace Station,143,23.4,15.0,0.15,4,1.0,0.315,0.332,0.318,0.435,0.459,0.281,,0.184,,63.0,8736.0,0.52,124.0,2.6,0.2883,0.3694,0,LOW
DEF-13559,Naik,1,Peace Station,62,10.3,9.0,0.15,2,0.0,0.809,,0.314,0.21,0.198,0.127,6.6,0.272,58.0,65.0,11369.0,,58.0,2.4,0.1964,0.1847,0,LOW
DEF-13560,Sepoy,1,High Altitude (Siachen/Ladakh),61,18.5,11.0,0.85,4,0.0,0.519,-0.471,0.508,0.567,0.71,0.335,,,48.0,78.0,12260.0,,57.0,2.5,0.5699,0.4835,1,MEDIUM
DEF-13561,Havildar,2,Peace Station,49,14.3,,0.15,2,1.0,0.396,,,,0.409,0.246,7.9,0.172,68.9,54.0,12833.0,0.76,43.0,2.5,0.1201,0.1343,0,LOW
DEF-13562,Sepoy,1,Peace Station,114,2.2,9.0,0.15,4,0.0,0.246,0.234,0.426,0.279,0.194,0.184,6.9,0.252,,,12927.0,,53.0,2.8,0.0637,0.1498,0,LOW
DEF-13563,Sepoy,1,Peace Station,72,19.4,13.0,0.15,1,1.0,0.202,-0.429,,0.466,0.623,0.376,7.7,0.177,47.6,75.0,12357.0,0.63,72.0,4.4,0.1912,0.2221,0,LOW
DEF-13564,Naik,1,High Altitude (Siachen/Ladakh),31,,10.0,0.85,1,0.0,0.396,,0.582,,0.332,0.412,5.4,0.207,48.2,,8024.0,0.73,103.0,2.7,0.7741,0.6122,2,HIGH
DEF-13565,Havildar,2,Field Outpost,45,20.8,,0.45,3,1.0,0.569,-0.305,,0.532,0.496,0.503,6.4,0.193,27.2,72.0,8300.0,0.84,53.0,3.2,0.5486,0.4888,1,MEDIUM
DEF-13566,Naik,1,Peace Station,128,5.5,15.0,0.15,3,0.0,0.326,0.021,0.316,0.846,0.355,0.312,6.8,0.276,45.5,60.0,8526.0,0.77,76.0,2.7,0.2643,0.3408,0,LOW
DEF-13567,Naik,1,Field Outpost,73,16.1,15.0,0.45,2,0.0,0.186,,0.876,,0.689,0.459,6.4,0.224,41.0,76.0,9780.0,0.68,,,0.4284,0.4452,1,MEDIUM
DEF-13568,Havildar,2,High Altitude (Siachen/Ladakh),115,14.3,20.0,0.85,2,0.0,0.28,-0.195,0.79,0.731,0.804,0.467,4.2,0.195,45.2,80.0,1594.0,0.62,116.0,,0.5629,0.6775,1,MEDIUM
DEF-13569,Subedar,3,Field Outpost,81,8.9,11.0,0.45,4,0.0,0.558,0.028,0.309,0.337,0.533,0.23,6.8,0.168,55.3,72.0,15060.0,,52.0,3.1,0.1964,0.234,0,LOW
DEF-13570,Sepoy,1,Peace Station,33,25.7,10.0,0.15,1,1.0,0.216,-0.283,0.29,0.521,0.552,,,0.252,55.4,,11304.0,0.73,67.0,3.3,0.3943,0.382,1,MEDIUM
DEF-13571,Naik,1,High Altitude (Siachen/Ladakh),86,14.3,,0.85,2,0.0,0.318,-0.294,,0.505,0.594,0.414,,0.233,53.3,79.0,8210.0,0.65,,,0.5093,0.5888,1,MEDIUM
DEF-13572,Havildar,2,Field Outpost,62,10.4,7.0,0.45,1,0.0,0.829,0.091,0.552,0.488,0.364,0.052,6.4,0.264,62.0,,6877.0,0.86,57.0,2.5,0.3388,0.3479,0,LOW
DEF-13573,Colonel,4,Peace Station,46,16.5,15.0,0.15,1,0.0,0.175,-0.415,0.526,,,0.344,6.5,0.262,50.0,66.0,7515.0,0.78,,,0.1246,0.1815,0,LOW
DEF-13574,Subedar,3,High Altitude (Siachen/Ladakh),49,1.6,,0.85,2,0.0,0.249,-0.2,0.549,,0.481,0.376,6.5,0.267,53.8,,6686.0,,83.0,2.2,0.4115,0.4362,1,MEDIUM
DEF-13575,Sepoy,1,Field Outpost,113,34.8,11.0,0.45,3,0.0,0.632,-0.387,,0.787,0.601,0.544,5.8,,45.4,74.0,8860.0,0.65,101.0,4.2,0.8396,0.709,2,HIGH
DEF-13576,Sepoy,1,High Altitude (Siachen/Ladakh),74,4.8,,0.85,3,0.0,,-0.232,0.624,1.0,0.657,0.396,6.9,0.283,,79.0,4087.0,,64.0,,0.1208,0.1894,0,LOW
DEF-13577,Naik,1,Peace Station,71,18.7,11.0,0.15,4,1.0,0.38,-0.226,0.417,0.251,,0.435,5.3,,45.5,70.0,15609.0,0.62,119.0,5.1,0.7946,0.6632,2,HIGH
DEF-13578,Havildar,2,Peace Station,151,14.5,9.0,0.15,1,0.0,,0.114,0.405,0.688,0.659,,6.0,0.241,35.3,,8919.0,0.72,57.0,3.2,0.3063,0.3074,0,LOW
DEF-13579,Naik,1,Field Outpost,41,24.0,9.0,0.45,1,1.0,0.14,-0.513,,0.394,0.629,,5.6,,55.0,69.0,10194.0,0.7,57.0,2.8,0.8252,0.6049,2,HIGH
DEF-13580,Naik,1,Field Outpost,61,15.5,13.0,0.45,1,0.0,0.472,-0.17,,0.613,0.569,0.251,,0.247,35.9,74.0,,,103.0,3.4,0.5719,0.5096,1,MEDIUM
DEF-13581,Havildar,2,Field Outpost,44,8.6,12.0,0.45,1,0.0,0.412,0.025,,0.906,0.346,0.32,,0.209,50.9,76.0,11454.0,,73.0,3.5,0.473,0.4153,1,MEDIUM
DEF-13582,Sepoy,1,High Altitude (Siachen/Ladakh),85,0.0,8.0,0.85,1,1.0,0.654,0.578,,0.488,0.739,,7.6,0.256,51.9,,9036.0,0.84,81.0,3.5,0.3216,0.3506,0,LOW
DEF-13583,Subedar,3,Field Outpost,72,0.0,12.0,0.45,1,,0.064,,0.394,0.21,0.273,0.0,7.2,,64.1,50.0,6869.0,0.84,,2.2,0.0662,0.0971,0,LOW
DEF-13584,Sepoy,1,High Altitude (Siachen/Ladakh),52,12.0,14.0,0.85,2,0.0,0.435,-0.705,0.843,,0.708,0.335,6.2,0.235,29.7,79.0,10215.0,0.63,91.0,2.9,0.6291,0.513,1,MEDIUM
DEF-13585,Sepoy,1,Peace Station,56,25.6,9.0,0.15,1,0.0,0.519,0.194,0.31,0.572,0.273,0.397,,0.203,54.7,,,0.87,73.0,3.4,0.2747,0.2116,0,LOW
DEF-13586,Naik,1,High Altitude (Siachen/Ladakh),107,0.0,20.0,0.85,2,0.0,0.256,,0.451,,0.728,,7.5,0.217,49.5,76.0,7168.0,0.67,131.0,2.9,0.485,0.5569,1,MEDIUM
DEF-13587,Havildar,2,Field Outpost,123,29.7,12.0,0.45,4,0.0,0.807,,0.746,,0.55,,,0.223,46.8,75.0,6941.0,0.55,88.0,3.8,0.5689,0.4586,1,MEDIUM
DEF-13588,Sepoy,1,Peace Station,45,23.2,17.0,0.15,3,0.0,0.37,-0.504,0.444,,0.363,,,0.179,,78.0,7904.0,0.64,43.0,3.2,0.4491,0.4221,1,MEDIUM
DEF-13589,Sepoy,1,Peace Station,233,,13.0,0.15,3,2.0,0.204,0.141,0.354,0.244,0.144,0.0,8.0,0.308,,,8458.0,0.99,30.0,,0.0752,0.3244,0,LOW
DEF-13590,Major,4,Peace Station,26,4.8,11.0,0.15,3,0.0,0.4,,0.551,,0.414,,7.8,0.304,53.2,,10203.0,0.6,,2.2,0.1949,0.1664,0,LOW
DEF-13591,Sepoy,1,Field Outpost,33,5.6,10.0,0.45,1,0.0,,-0.282,,,0.465,,7.8,,,67.0,3774.0,0.82,49.0,,0.1386,0.1719,0,LOW
DEF-13592,Naik,1,Peace Station,54,16.5,11.0,0.15,3,0.0,,-0.469,,,0.86,0.424,5.9,0.199,44.6,81.0,7456.0,0.71,56.0,2.6,0.459,0.4727,1,MEDIUM
DEF-13593,Naik,1,Counter-Insurgency,40,13.5,14.0,0.9,3,1.0,0.354,,,0.574,0.289,0.375,6.6,0.255,57.0,69.0,,0.71,55.0,3.7,0.3123,0.1722,0,LOW
DEF-13594,Naik,1,Counter-Insurgency,37,13.2,12.0,0.9,1,0.0,0.441,-0.448,0.58,0.826,0.684,0.508,6.2,0.233,50.0,78.0,5295.0,0.8,,,0.483,0.39,1,MEDIUM
DEF-13595,Naik,1,High Altitude (Siachen/Ladakh),121,9.7,,0.85,3,0.0,0.133,0.035,0.46,0.554,,0.257,6.0,0.239,50.4,71.0,8428.0,,63.0,3.7,0.2756,0.3724,0,LOW
DEF-13596,Sepoy,1,Field Outpost,87,15.5,8.0,0.45,2,0.0,0.624,-0.015,,0.733,0.571,0.371,8.3,0.293,,,,,31.0,2.5,0.1693,0.1531,0,LOW
DEF-13597,Naik,1,High Altitude (Siachen/Ladakh),68,21.1,13.0,0.85,1,0.0,0.226,-0.464,,,0.71,0.403,6.2,0.168,34.8,,,0.44,,4.3,0.6468,0.6356,1,MEDIUM
DEF-13598,Sepoy,1,Peace Station,46,12.9,3.0,0.15,2,0.0,0.61,,0.228,0.144,0.309,0.179,,0.265,45.0,62.0,6883.0,0.74,45.0,2.6,0.0463,0.1052,0,LOW
DEF-13599,Naik,1,Field Outpost,33,8.4,7.0,0.45,2,0.0,0.335,0.191,0.626,0.353,0.156,,6.3,0.242,76.0,75.0,12088.0,0.77,58.0,2.7,0.2314,0.1531,0,LOW
DEF-13600,Sepoy,1,Field Outpost,32,22.4,10.0,0.45,2,0.0,0.21,-0.084,0.49,0.452,0.466,0.518,,0.218,,71.0,12224.0,0.76,59.0,4.9,0.5338,0.4333,1,MEDIUM
DEF-13601,Naik,1,Peace Station,121,12.1,13.0,0.15,1,,0.424,-0.133,,0.439,0.223,0.131,,0.221,46.3,64.0,11409.0,,31.0,2.9,0.2249,0.3148,0,LOW
DEF-13602,Sepoy,1,Peace Station,118,18.7,15.0,0.15,2,0.0,0.377,,1.0,0.433,0.887,0.512,5.3,0.226,,,7535.0,,93.0,3.9,0.752,0.6482,2,HIGH
DEF-13603,Sepoy,1,Field Outpost,55,13.2,12.0,0.45,2,0.0,0.248,,,0.49,0.37,,6.4,,55.2,62.0,9844.0,0.69,35.0,4.5,0.2743,0.285,0,LOW
DEF-13604,Sepoy,1,Peace Station,25,,10.0,0.15,4,0.0,0.821,,0.098,0.623,0.112,0.421,,0.232,,63.0,,0.9,51.0,1.9,0.1864,0.1593,0,LOW
DEF-13605,Sepoy,1,High Altitude (Siachen/Ladakh),91,24.5,7.0,0.85,3,0.0,0.14,-0.56,0.99,0.88,0.66,0.636,,0.219,,75.0,9205.0,0.56,106.0,3.8,0.8585,0.7426,2,HIGH
DEF-13606,Havildar,2,Counter-Insurgency,55,24.2,11.0,0.9,3,0.0,0.427,-0.973,0.864,0.67,1.0,0.786,5.4,0.176,33.6,85.0,11322.0,,127.0,4.1,0.946,0.8205,2,HIGH
DEF-13607,Sepoy,1,Peace Station,110,9.3,16.0,0.15,1,1.0,0.317,,0.178,0.376,,0.0,7.1,,43.0,,11217.0,0.85,56.0,2.3,0.0364,0.2228,0,LOW
DEF-13608,Subedar,3,Field Outpost,32,9.2,7.0,0.45,1,1.0,0.112,-0.522,,0.498,0.453,0.226,7.9,0.164,45.5,68.0,8790.0,0.55,72.0,3.3,0.2831,0.1834,0,LOW
DEF-13609,Major,4,High Altitude (Siachen/Ladakh),67,21.4,8.0,0.85,1,0.0,0.476,-0.494,1.0,,0.547,,5.6,0.217,40.3,74.0,11066.0,,73.0,,0.8715,0.7314,2,HIGH
DEF-13610,Naik,1,Peace Station,30,13.5,11.0,0.15,2,0.0,0.341,0.332,0.632,0.407,0.338,,7.6,0.259,64.6,58.0,,0.91,66.0,3.2,0.3006,0.1705,0,LOW
DEF-13611,Sepoy,1,Counter-Insurgency,41,13.7,10.0,0.9,1,1.0,0.656,,0.902,,0.541,0.202,6.5,0.231,,73.0,11998.0,0.74,51.0,,0.7246,0.591,1,MEDIUM
DEF-13612,Sepoy,1,Counter-Insurgency,40,8.1,6.0,0.9,2,0.0,0.556,-0.254,0.513,,0.407,0.35,6.9,0.272,31.1,85.0,8234.0,,88.0,4.6,0.7582,0.5888,2,HIGH
DEF-13613,Havildar,2,Peace Station,54,26.0,10.0,0.15,1,0.0,0.32,,0.779,0.363,,0.428,,,43.9,69.0,,0.71,71.0,2.7,0.3744,0.4392,1,MEDIUM
DEF-13614,Sepoy,1,Peace Station,126,22.8,16.0,0.15,2,0.0,0.357,-0.211,0.54,0.589,1.0,0.34,6.9,,44.7,75.0,9739.0,,58.0,3.7,0.2253,0.2859,0,LOW
DEF-13615,Sepoy,1,Counter-Insurgency,69,13.0,15.0,0.9,1,0.0,0.667,,,0.571,0.38,0.132,6.4,0.208,,63.0,9491.0,,55.0,2.8,0.3239,0.3659,0,LOW
DEF-13616,Naik,1,Counter-Insurgency,100,8.5,20.0,0.9,1,0.0,0.251,-0.758,0.46,0.917,,,,0.133,42.1,72.0,13675.0,,89.0,3.9,0.9166,0.9156,2,HIGH
DEF-13617,Havildar,2,Field Outpost,67,8.1,22.0,0.45,3,0.0,0.175,-0.312,0.438,0.806,0.535,0.397,5.7,,57.7,74.0,13531.0,0.8,69.0,,0.2045,0.252,0,LOW
DEF-13618,Havildar,2,Peace Station,50,15.1,9.0,0.15,2,0.0,0.681,,0.523,,0.363,0.261,,,65.2,64.0,11053.0,0.76,97.0,3.6,0.293,0.3081,0,LOW
DEF-13619,Sepoy,1,Field Outpost,15,17.3,14.0,0.45,3,3.0,0.24,-0.122,0.884,,0.609,0.364,,,,72.0,6399.0,0.68,78.0,3.1,0.3717,0.3621,1,MEDIUM
DEF-13620,Naik,1,Peace Station,33,6.7,13.0,0.15,2,0.0,0.505,-0.218,0.819,0.596,0.664,0.162,7.1,0.281,46.2,76.0,9012.0,0.78,58.0,3.2,0.0898,0.1447,0,LOW
DEF-13621,Sepoy,1,Counter-Insurgency,64,3.4,,0.9,3,0.0,0.281,0.042,0.363,0.442,0.865,0.353,5.6,,,73.0,4201.0,0.56,58.0,,0.6636,0.5754,1,MEDIUM
DEF-13622,Sepoy,1,High Altitude (Siachen/Ladakh),71,14.7,15.0,0.85,1,0.0,0.35,-0.364,0.697,,0.634,0.49,5.4,0.234,,76.0,8506.0,0.63,,3.4,0.7869,0.6513,2,HIGH
DEF-13623,Subedar,3,Field Outpost,110,21.3,16.0,0.45,1,0.0,0.089,-0.427,0.449,0.807,0.52,0.45,5.3,0.135,59.0,67.0,,0.79,102.0,3.5,0.416,0.4829,1,MEDIUM
DEF-13624,Sepoy,1,Peace Station,20,14.6,10.0,0.15,2,0.0,0.173,-0.139,0.326,0.282,,0.214,6.4,,,74.0,12602.0,0.82,66.0,,0.1084,0.0645,0,LOW
DEF-13625,Sepoy,1,High Altitude (Siachen/Ladakh),188,11.9,6.0,0.85,4,0.0,0.251,-0.193,,0.642,0.496,,6.4,0.136,43.8,80.0,10173.0,,74.0,2.6,0.4468,0.3972,1,MEDIUM
DEF-13626,Sepoy,1,Peace Station,15,4.4,11.0,0.15,2,0.0,0.458,0.359,0.494,0.663,0.272,0.196,7.6,0.176,,,9898.0,0.76,,3.1,0.1561,0.0735,0,LOW
DEF-13627,Subedar,3,Peace Station,62,8.6,12.0,0.15,2,0.0,0.345,-0.064,0.08,,0.318,0.208,,0.286,64.4,62.0,13505.0,0.69,,2.7,0.0543,0.01,0,LOW
DEF-13628,Havildar,2,Field Outpost,44,21.5,14.0,0.45,1,1.0,0.136,,0.661,0.489,0.645,,5.9,0.156,54.8,78.0,9799.0,0.55,81.0,2.8,0.5266,0.359,1,MEDIUM
DEF-13629,Naik,1,Field Outpost,34,3.3,15.0,0.45,2,0.0,0.313,0.087,0.612,0.556,0.44,0.33,6.3,0.183,56.9,87.0,9135.0,,,3.3,0.2153,0.112,0,LOW
DEF-13630,Havildar,2,High Altitude (Siachen/Ladakh),145,29.1,8.0,0.85,2,0.0,,-0.09,,,0.778,0.573,,0.24,40.4,67.0,5168.0,0.71,,,0.648,0.7071,1,MEDIUM
DEF-13631,Sepoy,1,Counter-Insurgency,46,14.7,11.0,0.9,3,0.0,0.149,0.345,0.448,0.505,0.254,,,,,67.0,,0.69,84.0,2.1,0.1507,0.1699,0,LOW
DEF-13632,Naik,1,Field Outpost,19,,18.0,0.45,2,0.0,0.706,,0.371,0.533,,0.087,,,59.3,66.0,9619.0,0.72,61.0,3.6,0.2774,0.1542,0,LOW
DEF-13633,Sepoy,1,Field Outpost,27,18.3,13.0,0.45,1,0.0,,0.241,0.22,0.277,,,6.8,0.299,66.6,65.0,11640.0,,47.0,2.2,0.3294,0.2603,0,LOW
DEF-13634,Sepoy,1,Field Outpost,117,17.8,6.0,0.45,1,1.0,0.5,-0.002,1.0,0.653,0.401,0.437,5.7,0.159,,78.0,6755.0,,70.0,3.3,0.7766,0.6145,2,HIGH
DEF-13635,Naik,1,Peace Station,28,10.3,13.0,0.15,1,0.0,0.024,0.1,0.417,0.712,0.367,0.249,7.4,0.292,60.4,68.0,7066.0,0.7,43.0,2.4,0.0696,0.01,0,LOW
DEF-13636,Subedar,3,High Altitude (Siachen/Ladakh),23,22.0,11.0,0.85,2,1.0,0.435,-0.74,0.735,0.792,0.656,0.624,5.2,0.146,45.5,85.0,10283.0,0.74,75.0,3.6,0.9422,0.7708,2,HIGH
DEF-13637,Sepoy,1,Field Outpost,71,8.7,11.0,0.45,1,0.0,0.32,-0.127,0.447,0.251,0.682,0.206,8.0,0.293,,66.0,11683.0,0.9,36.0,,0.1937,0.3436,0,LOW
DEF-13638,Sepoy,1,Counter-Insurgency,54,19.4,,0.9,2,0.0,0.274,-0.613,0.691,0.777,0.903,0.537,4.7,0.133,35.9,72.0,12346.0,0.69,,4.0,0.8885,0.6518,2,HIGH
DEF-13639,Sepoy,1,High Altitude (Siachen/Ladakh),83,13.7,,0.85,3,0.0,,-0.126,0.749,0.871,0.81,0.562,5.5,0.204,,85.0,,,80.0,5.0,0.8422,0.6883,2,HIGH
DEF-13640,Sepoy,1,Peace Station,50,11.6,6.0,0.15,1,,0.055,0.35,0.444,0.453,0.524,0.426,7.1,0.19,,75.0,,0.77,50.0,3.5,0.21,0.2208,0,LOW
DEF-13641,Subedar,3,Peace Station,96,,15.0,0.15,2,0.0,0.522,-0.029,0.773,0.425,0.265,0.355,8.7,0.221,55.4,72.0,9876.0,0.71,83.0,,0.3634,0.3877,1,MEDIUM
DEF-13642,Naik,1,Field Outpost,25,22.4,11.0,0.45,3,0.0,0.528,,0.43,0.512,0.427,,5.4,0.217,52.3,75.0,,0.59,57.0,3.5,0.485,0.3136,1,MEDIUM
DEF-13643,Naik,1,Peace Station,22,4.6,17.0,0.15,2,0.0,0.578,0.049,,0.238,0.204,0.0,7.6,0.229,56.7,67.0,7443.0,1.0,21.0,1.9,0.1197,0.0813,0,LOW
DEF-13644,Havildar,2,Field Outpost,75,17.2,9.0,0.45,2,0.0,0.318,,,0.627,0.459,,7.4,0.191,35.2,70.0,10044.0,0.73,158.0,3.6,0.1571,0.1246,0,LOW
DEF-13645,Sepoy,1,Peace Station,54,30.1,14.0,0.15,2,0.0,0.238,-0.268,0.793,0.418,,0.446,5.2,0.284,,79.0,10868.0,0.8,61.0,2.6,0.4462,0.4273,1,MEDIUM
DEF-13646,Naik,1,Counter-Insurgency,48,25.6,,0.9,1,0.0,0.673,0.213,0.81,0.852,0.582,0.573,6.3,0.149,48.4,73.0,7489.0,0.86,75.0,4.2,0.8763,0.6358,2,HIGH
DEF-13647,Sepoy,1,Peace Station,91,6.3,12.0,0.15,1,2.0,0.255,0.556,0.212,0.518,0.36,0.0,7.2,,59.7,70.0,,0.86,61.0,3.6,0.0848,0.2162,0,LOW
DEF-13648,Naik,1,High Altitude (Siachen/Ladakh),203,27.6,9.0,0.85,1,0.0,0.593,-0.691,0.922,0.698,0.771,,4.5,0.092,35.1,,4436.0,0.49,101.0,4.7,0.9737,0.9111,2,HIGH
DEF-13649,Colonel,4,Peace Station,23,21.9,9.0,0.15,1,0.0,0.323,-0.088,,0.516,0.403,,6.6,,47.2,80.0,17255.0,,60.0,2.8,0.2154,0.0633,0,LOW
DEF-13650,Havildar,2,Field Outpost,129,5.1,11.0,0.45,3,0.0,0.222,-0.063,0.467,,0.253,,7.6,,56.2,82.0,7524.0,0.74,43.0,2.7,0.1254,0.2038,0,LOW
DEF-13651,Sepoy,1,Peace Station,93,15.8,6.0,0.15,1,0.0,0.702,-0.968,,,0.316,,5.7,0.227,54.0,72.0,,0.69,63.0,4.0,0.1629,0.2379,0,LOW
DEF-13652,Havildar,2,Field Outpost,47,18.1,8.0,0.45,4,3.0,0.37,,0.743,0.835,1.0,0.445,,,38.8,79.0,10363.0,0.56,83.0,3.5,0.7766,0.6393,2,HIGH
DEF-13653,Sepoy,1,Field Outpost,151,4.8,9.0,0.45,3,0.0,0.499,0.751,0.41,,,0.0,7.8,0.202,,69.0,8810.0,0.79,28.0,2.8,0.171,0.2692,0,LOW
DEF-13654,Sepoy,1,Field Outpost,27,20.0,14.0,0.45,2,0.0,0.144,0.276,0.213,,0.364,0.255,7.5,0.185,,57.0,8739.0,0.91,49.0,1.9,0.3216,0.2615,0,LOW
DEF-13655,Sepoy,1,Field Outpost,82,34.7,12.0,0.45,3,0.0,0.465,,0.397,0.607,0.622,0.706,5.8,0.239,,68.0,6454.0,0.67,57.0,3.3,0.6979,0.6215,1,MEDIUM
DEF-13656,Sepoy,1,Field Outpost,57,,20.0,0.45,1,1.0,0.464,-0.024,0.594,0.98,,0.634,5.5,0.205,48.2,82.0,9644.0,,92.0,3.5,0.6498,0.5968,1,MEDIUM
DEF-13657,Naik,1,High Altitude (Siachen/Ladakh),47,15.4,14.0,0.85,2,0.0,0.116,,0.626,0.727,0.465,,6.2,,37.0,76.0,5793.0,0.7,163.0,3.9,0.6098,0.4781,1,MEDIUM
DEF-13658,Naik,1,Counter-Insurgency,30,11.6,10.0,0.9,4,0.0,0.544,,,0.416,,0.466,6.4,,42.3,61.0,5818.0,,45.0,2.7,0.1804,0.2356,0,LOW
DEF-13659,Subedar,3,High Altitude (Siachen/Ladakh),249,16.8,13.0,0.85,1,2.0,0.249,-0.149,0.569,0.72,1.0,0.501,,0.16,53.5,82.0,7620.0,0.54,86.0,2.5,0.5941,0.5576,1,MEDIUM
DEF-13660,Naik,1,Peace Station,47,5.7,14.0,0.15,1,2.0,0.101,0.109,0.297,0.342,,,8.1,0.258,45.8,,8368.0,0.81,94.0,2.4,0.169,0.1913,0,LOW
DEF-13661,Naik,1,Counter-Insurgency,10,9.9,8.0,0.9,1,0.0,0.483,,0.425,0.437,0.49,0.225,6.8,0.149,39.2,76.0,,,60.0,2.3,0.0653,0.0317,0,LOW
DEF-13662,Sepoy,1,Counter-Insurgency,102,0.0,13.0,0.9,2,0.0,0.319,-0.176,0.395,0.507,0.516,0.368,5.5,,,68.0,5065.0,0.74,70.0,3.2,0.3837,0.384,1,MEDIUM
DEF-13663,Sepoy,1,High Altitude (Siachen/Ladakh),77,,7.0,0.85,1,0.0,0.658,0.063,,,,0.398,6.4,0.281,,72.0,11479.0,0.79,126.0,4.0,0.5134,0.4517,1,MEDIUM
DEF-13664,Naik,1,Field Outpost,54,11.1,15.0,0.45,2,2.0,0.31,0.533,0.286,0.21,0.394,0.0,8.2,0.244,68.8,,12101.0,0.67,43.0,,0.2603,0.2968,0,LOW
DEF-13665,Sepoy,1,Peace Station,51,19.3,13.0,0.15,3,0.0,0.217,-0.354,,,0.603,0.254,6.5,0.227,42.6,65.0,11922.0,0.71,86.0,3.2,0.7187,0.5643,1,MEDIUM
DEF-13666,Havildar,2,High Altitude (Siachen/Ladakh),61,15.0,12.0,0.85,1,0.0,0.064,,1.0,0.6,0.607,,5.1,0.284,40.7,71.0,5541.0,0.6,139.0,3.9,0.8384,0.7394,2,HIGH
DEF-13667,Sepoy,1,Counter-Insurgency,103,,,0.9,3,0.0,0.68,,,0.396,0.374,0.113,6.8,,,72.0,6374.0,0.74,89.0,2.6,0.3495,0.3476,0,LOW
DEF-13668,Sepoy,1,High Altitude (Siachen/Ladakh),78,15.7,12.0,0.85,1,0.0,0.156,-0.435,0.778,0.604,0.553,0.338,5.9,0.235,,74.0,,,104.0,3.8,0.3139,0.2566,0,LOW
DEF-13669,Sepoy,1,Field Outpost,86,7.9,10.0,0.45,1,0.0,0.174,0.152,0.603,0.461,0.35,0.377,5.9,0.162,59.6,71.0,15297.0,0.89,75.0,,0.2042,0.1929,0,LOW
DEF-13670,Sepoy,1,Peace Station,86,28.1,14.0,0.15,1,0.0,0.15,0.107,0.313,0.368,0.485,0.35,,0.312,,63.0,9452.0,,,2.5,0.2593,0.2449,0,LOW
DEF-13671,Sepoy,1,Field Outpost,105,,9.0,0.45,3,0.0,0.401,,0.448,0.268,0.229,0.351,,,,63.0,10302.0,,55.0,1.8,0.1247,0.191,0,LOW
DEF-13672,Havildar,2,High Altitude (Siachen/Ladakh),123,,14.0,0.85,3,2.0,0.555,-0.542,0.436,0.445,0.815,0.348,,0.319,42.5,71.0,5980.0,0.68,53.0,2.7,0.3078,0.3974,0,LOW
DEF-13673,Sepoy,1,Peace Station,41,5.4,12.0,0.15,1,0.0,,0.287,0.318,,,0.019,6.8,,,63.0,9930.0,0.94,,3.2,0.3642,0.3296,1,MEDIUM
DEF-13674,Naik,1,Field Outpost,71,4.6,14.0,0.45,1,0.0,0.384,-0.397,0.34,0.506,0.382,0.244,6.5,,53.7,78.0,8585.0,0.76,54.0,2.5,0.1188,0.1509,0,LOW
DEF-13675,Sepoy,1,High Altitude (Siachen/Ladakh),120,14.3,12.0,0.85,3,0.0,0.539,0.289,,,0.383,0.275,7.2,0.334,58.6,59.0,11000.0,0.74,44.0,2.7,0.041,0.2197,0,LOW
DEF-13676,Sepoy,1,Peace Station,41,3.4,11.0,0.15,2,0.0,0.406,0.225,,0.097,0.375,,7.3,,,69.0,11882.0,0.99,45.0,1.7,0.1155,0.1643,0,LOW
DEF-13677,Sepoy,1,Peace Station,135,12.4,9.0,0.15,1,1.0,0.574,0.676,0.541,0.296,0.455,0.142,7.0,0.343,58.2,68.0,10793.0,,23.0,,0.3539,0.3463,1,MEDIUM
DEF-13678,Havildar,2,High Altitude (Siachen/Ladakh),41,17.7,14.0,0.85,2,0.0,0.547,-0.499,0.685,,,0.567,6.6,0.234,27.8,87.0,6967.0,0.68,,4.5,0.6298,0.4907,1,MEDIUM
DEF-13679,Sepoy,1,Peace Station,80,10.4,13.0,0.15,3,0.0,,-0.179,,0.361,,0.226,7.5,,48.9,69.0,,,,2.1,0.1045,0.2768,0,LOW
DEF-13680,Havildar,2,Field Outpost,54,0.0,14.0,0.45,1,1.0,0.652,0.357,0.638,0.356,0.326,0.049,6.4,,50.7,,12060.0,0.82,42.0,2.8,0.0898,0.1002,0,LOW
DEF-13681,Sepoy,1,High Altitude (Siachen/Ladakh),49,25.3,,0.85,1,0.0,0.603,-0.538,,1.0,0.834,,4.4,0.223,,88.0,9416.0,0.47,,3.7,0.7191,0.6551,2,HIGH
DEF-13682,Havildar,2,High Altitude (Siachen/Ladakh),83,16.3,10.0,0.85,1,3.0,0.616,0.021,0.729,0.79,1.0,0.334,5.8,,57.1,74.0,11796.0,0.7,,4.1,0.6131,0.6066,1,MEDIUM
DEF-13683,Sepoy,1,Counter-Insurgency,123,16.4,11.0,0.9,2,0.0,0.221,0.034,0.804,0.866,0.545,0.569,5.5,0.194,,,7613.0,0.65,91.0,3.6,0.5296,0.6087,1,MEDIUM
DEF-13684,Naik,1,Field Outpost,53,12.0,9.0,0.45,1,0.0,0.134,0.361,0.33,0.647,0.4,0.118,6.2,0.251,50.5,,4851.0,0.71,58.0,3.5,0.18,0.168,0,LOW
DEF-13685,Naik,1,Field Outpost,130,20.9,8.0,0.45,3,0.0,0.189,-0.158,0.095,,0.321,0.106,,0.349,63.5,,2698.0,,52.0,2.9,0.0852,0.1588,0,LOW
DEF-13686,Subedar,3,High Altitude (Siachen/Ladakh),40,22.0,13.0,0.85,3,0.0,0.296,-0.267,0.766,0.504,0.792,0.456,5.7,0.201,49.3,74.0,,0.73,,,0.6847,0.6107,1,MEDIUM
DEF-13687,Sepoy,1,Field Outpost,124,22.8,13.0,0.45,2,0.0,0.173,,,0.707,,0.328,6.3,,34.5,,6593.0,0.75,70.0,2.4,0.6108,0.6495,1,MEDIUM
DEF-13688,Sepoy,1,Field Outpost,68,16.3,17.0,0.45,1,0.0,0.145,,0.367,0.469,0.767,0.311,7.0,,,67.0,,0.71,45.0,2.3,0.1712,0.1489,0,LOW
DEF-13689,Sepoy,1,Field Outpost,77,2.3,16.0,0.45,4,0.0,0.396,-0.075,0.668,0.861,0.97,0.0,6.3,,,67.0,7855.0,,73.0,2.5,0.4289,0.4684,1,MEDIUM
DEF-13690,Havildar,2,Field Outpost,29,17.4,9.0,0.45,2,0.0,0.803,-0.406,0.242,,0.075,0.06,8.1,0.331,59.9,55.0,10174.0,0.92,57.0,3.2,0.0669,0.075,0,LOW
DEF-13691,Naik,1,Field Outpost,48,16.3,14.0,0.45,2,0.0,0.33,0.281,0.513,0.349,0.563,0.348,,0.296,53.0,74.0,,,70.0,3.0,0.4248,0.3475,1,MEDIUM
DEF-13692,Havildar,2,Field Outpost,63,9.3,10.0,0.45,4,0.0,0.277,,0.235,,0.564,0.395,7.4,0.22,51.8,74.0,11683.0,,100.0,3.0,0.5138,0.3975,1,MEDIUM
DEF-13693,Sepoy,1,Peace Station,116,7.2,12.0,0.15,3,0.0,0.231,-0.277,0.66,,0.689,0.211,,,,70.0,13154.0,0.67,46.0,,0.3317,0.4638,1,MEDIUM
DEF-13694,Sepoy,1,Counter-Insurgency,56,18.6,8.0,0.9,2,0.0,0.221,-0.469,0.782,0.622,0.799,0.496,5.3,0.189,42.5,92.0,8475.0,0.77,90.0,4.7,0.7109,0.5407,1,MEDIUM
DEF-13695,Sepoy,1,Peace Station,38,13.4,10.0,0.15,2,0.0,0.309,0.358,0.102,0.232,0.12,0.137,,0.288,,58.0,8339.0,,28.0,2.9,0.02,0.01,0,LOW
DEF-13696,Major,4,Peace Station,73,10.7,8.0,0.15,1,0.0,0.101,,,0.211,0.226,0.031,6.3,0.309,42.4,79.0,8860.0,0.78,58.0,,0.1869,0.2131,0,LOW
DEF-13697,Naik,1,Field Outpost,176,28.2,13.0,0.45,4,0.0,,-0.298,0.717,0.554,0.529,0.416,6.7,0.17,32.2,71.0,12914.0,0.54,84.0,3.1,0.672,0.6628,1,MEDIUM
DEF-13698,Major,4,Field Outpost,78,19.7,8.0,0.45,3,0.0,0.122,0.132,0.866,0.36,0.64,,6.8,0.232,47.8,73.0,11440.0,0.73,60.0,2.3,0.3406,0.2904,0,LOW
DEF-13699,Sepoy,1,Counter-Insurgency,56,17.7,11.0,0.9,1,0.0,0.584,-0.553,0.721,,1.0,0.617,,0.095,32.2,84.0,10184.0,0.47,,3.9,0.8079,0.6616,2,HIGH
DEF-13700,Naik,1,High Altitude (Siachen/Ladakh),74,24.4,9.0,0.85,3,0.0,0.628,0.057,0.895,0.565,0.371,0.377,6.8,0.218,57.0,69.0,8301.0,,81.0,3.4,0.2528,0.2778,0,LOW
DEF-13701,Naik,1,High Altitude (Siachen/Ladakh),36,16.8,9.0,0.85,3,0.0,0.417,-0.002,0.327,0.271,,0.445,6.5,0.192,50.2,80.0,8493.0,,,3.2,0.619,0.463,1,MEDIUM
DEF-13702,Sepoy,1,Counter-Insurgency,140,8.0,13.0,0.9,1,0.0,0.485,-0.721,0.726,,0.527,0.58,6.1,0.228,44.5,75.0,5916.0,0.46,70.0,3.6,0.6061,0.5942,1,MEDIUM
DEF-13703,Havildar,2,Counter-Insurgency,138,10.7,17.0,0.9,2,0.0,0.644,-0.388,0.498,0.548,0.677,0.586,6.3,,54.5,74.0,5412.0,,72.0,3.5,0.3349,0.5448,1,MEDIUM
DEF-13704,Major,4,Peace Station,35,20.2,10.0,0.15,1,0.0,0.621,,0.394,,0.604,0.438,8.3,0.178,54.8,,9106.0,,,2.1,0.3243,0.279,0,LOW
DEF-13705,Subedar,3,Field Outpost,136,19.3,12.0,0.45,3,0.0,0.309,-0.26,0.945,0.475,0.528,0.118,,0.147,57.1,73.0,6497.0,0.67,52.0,3.2,0.4303,0.4831,1,MEDIUM
DEF-13706,Havildar,2,Field Outpost,74,17.8,9.0,0.45,1,1.0,,,0.77,0.583,0.716,,6.4,0.218,41.2,76.0,,,69.0,2.9,0.6083,0.5176,1,MEDIUM
DEF-13707,Sepoy,1,Field Outpost,94,4.3,11.0,0.45,2,0.0,0.252,-0.285,0.603,,0.843,0.185,7.2,0.29,57.8,71.0,10848.0,0.75,52.0,2.1,0.0421,0.1754,0,LOW
DEF-13708,Sepoy,1,High Altitude (Siachen/Ladakh),64,20.9,11.0,0.85,1,3.0,0.707,-0.156,0.902,0.577,0.439,0.39,4.5,,48.6,74.0,,0.79,102.0,3.5,0.9322,0.8244,2,HIGH
DEF-13709,Major,4,Field Outpost,67,13.4,9.0,0.45,1,2.0,0.807,-0.56,,0.483,0.546,0.356,5.9,0.223,41.5,74.0,9622.0,0.78,106.0,3.4,0.5015,0.4995,1,MEDIUM
DEF-13710,Sepoy,1,Field Outpost,43,19.1,9.0,0.45,1,4.0,0.528,-0.206,0.727,0.688,0.474,0.512,6.2,0.26,,80.0,8963.0,0.78,58.0,2.4,0.5682,0.451,1,MEDIUM
DEF-13711,Havildar,2,Field Outpost,36,6.9,15.0,0.45,2,0.0,0.322,0.294,0.49,0.359,0.481,0.22,,0.227,55.9,65.0,4970.0,,62.0,3.5,0.3016,0.3201,0,LOW
DEF-13712,Havildar,2,Peace Station,34,30.7,7.0,0.15,1,0.0,0.596,-0.264,0.581,0.441,0.285,0.176,6.8,0.258,53.4,71.0,6158.0,0.75,47.0,2.7,0.5078,0.4276,1,MEDIUM
DEF-13713,Naik,1,Field Outpost,118,16.1,14.0,0.45,2,0.0,0.325,0.048,0.82,0.624,0.808,0.513,,0.108,58.7,71.0,9498.0,0.73,101.0,3.6,0.4019,0.4572,1,MEDIUM
DEF-13714,Colonel,4,High Altitude (Siachen/Ladakh),71,10.5,12.0,0.85,2,0.0,0.637,-0.519,0.662,0.468,,0.394,,0.17,55.8,,2363.0,0.82,96.0,1.6,0.5261,0.5195,1,MEDIUM
DEF-13715,Sepoy,1,Field Outpost,37,19.5,7.0,0.45,2,0.0,0.516,0.045,0.478,0.819,0.68,0.487,7.5,0.256,54.2,78.0,6747.0,,82.0,3.3,0.1027,0.2283,0,LOW
DEF-13716,Sepoy,1,Counter-Insurgency,68,21.3,15.0,0.9,2,0.0,0.777,,0.8,,0.69,,6.6,0.216,39.5,82.0,6653.0,0.51,154.0,4.4,0.45,0.4823,1,MEDIUM
DEF-13717,Sepoy,1,High Altitude (Siachen/Ladakh),20,19.4,11.0,0.85,1,0.0,0.061,-0.409,,,0.604,0.465,6.0,0.226,,,10402.0,0.66,98.0,,0.6206,0.5579,1,MEDIUM
DEF-13718,Sepoy,1,Field Outpost,36,5.5,9.0,0.45,1,2.0,0.155,0.329,0.219,,0.514,0.1,6.0,0.269,47.1,68.0,8952.0,,,3.3,0.1109,0.0206,0,LOW
DEF-13719,Sepoy,1,Peace Station,124,23.7,10.0,0.15,1,0.0,0.213,,,0.47,0.342,0.576,,0.246,44.5,67.0,,,66.0,4.0,0.2646,0.4051,0,LOW
DEF-13720,Sepoy,1,High Altitude (Siachen/Ladakh),46,11.1,13.0,0.85,2,0.0,0.529,-0.196,,,0.711,,6.2,0.224,64.5,76.0,10122.0,,97.0,3.7,0.42,0.38,1,MEDIUM
DEF-13721,Havildar,2,High Altitude (Siachen/Ladakh),116,,8.0,0.85,3,2.0,0.026,,0.61,0.666,0.366,0.449,6.3,0.168,62.9,71.0,,0.86,64.0,3.2,0.3762,0.3749,1,MEDIUM
DEF-13722,Major,4,Field Outpost,61,0.0,10.0,0.45,1,0.0,0.169,-0.307,0.32,0.363,0.571,0.048,6.7,,47.0,60.0,9004.0,,56.0,,0.0229,0.1045,0,LOW
DEF-13723,Sepoy,1,Peace Station,95,10.1,9.0,0.15,2,2.0,0.038,-0.098,0.863,0.527,0.566,0.248,7.1,0.189,,63.0,3403.0,0.66,52.0,3.1,0.8232,0.7575,2,HIGH
DEF-13724,Sepoy,1,Field Outpost,30,10.0,9.0,0.45,1,1.0,0.379,-0.424,0.388,0.442,0.913,0.466,5.2,0.195,44.0,,8064.0,0.76,,2.5,0.4182,0.3506,1,MEDIUM
DEF-13725,Subedar,3,Peace Station,87,17.8,,0.15,1,0.0,0.052,-0.18,0.337,0.523,,0.219,8.0,0.265,42.4,74.0,6008.0,0.68,52.0,3.3,0.0936,0.1333,0,LOW
DEF-13726,Sepoy,1,Counter-Insurgency,12,9.5,15.0,0.9,2,0.0,0.632,0.043,0.535,,,0.027,7.2,0.182,,,6691.0,0.67,,,0.1011,0.0541,0,LOW
DEF-13727,Sepoy,1,Field Outpost,49,0.2,15.0,0.45,1,0.0,0.019,,,0.464,0.704,0.24,6.5,,,,,0.77,57.0,,0.1344,0.1746,0,LOW
DEF-13728,Sepoy,1,Peace Station,128,16.1,9.0,0.15,2,0.0,0.231,-0.048,0.713,0.629,0.68,0.308,,0.166,,75.0,13072.0,0.66,80.0,2.6,0.3898,0.4035,1,MEDIUM
DEF-13729,Naik,1,Peace Station,65,11.9,6.0,0.15,4,0.0,0.309,0.054,0.606,0.68,0.568,0.367,6.4,0.196,40.1,77.0,11691.0,0.68,,4.5,0.7277,0.5584,1,MEDIUM
DEF-13730,Sepoy,1,High Altitude (Siachen/Ladakh),35,7.8,4.0,0.85,1,0.0,0.39,0.112,0.219,0.231,0.244,0.035,7.6,,,59.0,7306.0,1.0,,2.3,0.0609,0.1062,0,LOW
DEF-13731,Major,4,High Altitude (Siachen/Ladakh),122,14.7,11.0,0.85,2,0.0,0.744,-0.267,0.755,0.393,0.692,0.367,6.1,0.219,46.8,66.0,3166.0,,,3.4,0.8577,0.8647,2,HIGH
DEF-13732,Sepoy,1,Field Outpost,188,0.0,8.0,0.45,4,0.0,0.804,,,0.307,,0.0,7.4,0.268,69.5,68.0,8407.0,,25.0,2.8,0.0633,0.1329,0,LOW
DEF-13733,Naik,1,Field Outpost,55,19.3,10.0,0.45,1,0.0,0.55,0.39,0.261,0.418,0.263,0.205,6.7,0.286,74.5,62.0,5198.0,,53.0,2.6,0.1979,0.1436,0,LOW
DEF-13734,Sepoy,1,Field Outpost,21,12.4,10.0,0.45,1,0.0,0.472,-0.226,0.36,0.356,,0.27,6.3,0.285,,73.0,7557.0,0.78,63.0,1.8,0.5751,0.4739,1,MEDIUM
DEF-13735,Naik,1,Field Outpost,66,11.7,9.0,0.45,1,1.0,0.502,0.007,0.247,0.828,0.577,0.28,,0.286,72.4,67.0,7149.0,,68.0,2.0,0.203,0.2314,0,LOW
DEF-13736,Naik,1,Counter-Insurgency,98,22.1,12.0,0.9,2,0.0,0.347,,0.542,,0.478,0.435,7.0,0.225,47.9,80.0,11084.0,0.7,65.0,4.7,0.2524,0.3284,0,LOW
DEF-13737,Havildar,2,Field Outpost,57,9.4,11.0,0.45,2,0.0,,,0.333,0.222,,0.072,7.5,,43.9,57.0,11663.0,0.87,,2.7,0.0725,0.1795,0,LOW
DEF-13738,Havildar,2,Peace Station,14,16.2,12.0,0.15,2,0.0,0.607,,0.365,0.535,0.552,0.304,,,63.8,72.0,7980.0,,,3.2,0.6006,0.5379,1,MEDIUM
DEF-13739,Naik,1,Peace Station,92,12.9,18.0,0.15,2,0.0,0.368,,0.175,0.342,0.646,0.109,7.7,0.254,59.9,56.0,9703.0,0.77,33.0,2.5,0.4119,0.4613,1,MEDIUM
DEF-13740,Subedar,3,Peace Station,40,41.3,19.0,0.15,3,0.0,0.315,-0.326,0.874,0.851,1.0,,5.6,0.152,49.0,79.0,9004.0,0.72,,4.6,0.8201,0.6652,2,HIGH
DEF-13741,Havildar,2,Field Outpost,48,18.2,15.0,0.45,1,0.0,0.205,-0.239,0.573,0.66,0.853,0.446,,0.201,38.0,62.0,6021.0,0.64,95.0,3.2,0.8121,0.7532,2,HIGH
DEF-13742,Havildar,2,Field Outpost,22,4.3,12.0,0.45,4,0.0,0.275,,0.452,0.275,0.28,0.237,6.3,0.296,58.8,62.0,2382.0,0.78,48.0,,0.1563,0.2416,0,LOW
DEF-13743,Sepoy,1,Peace Station,10,28.9,9.0,0.15,1,0.0,0.783,0.196,,0.255,0.568,0.349,6.3,,,66.0,11504.0,0.74,55.0,2.3,0.1961,0.1666,0,LOW
DEF-13744,Sepoy,1,Counter-Insurgency,30,22.9,17.0,0.9,1,0.0,0.163,-0.18,,0.478,0.805,0.402,,0.219,,,,,96.0,3.7,0.811,0.6744,2,HIGH
DEF-13745,Sepoy,1,Field Outpost,46,14.4,10.0,0.45,4,0.0,0.478,0.297,,,0.577,0.283,7.5,0.222,,71.0,,,49.0,3.3,0.188,0.2358,0,LOW
DEF-13746,Naik,1,Peace Station,45,10.3,14.0,0.15,3,0.0,0.395,-0.034,0.846,0.513,0.403,0.114,7.4,,38.3,,,0.59,63.0,3.4,0.3772,0.3599,1,MEDIUM
DEF-13747,Sepoy,1,Peace Station,143,2.7,5.0,0.15,3,0.0,0.708,0.114,,0.627,0.361,0.212,6.7,,43.4,62.0,6701.0,0.74,49.0,3.5,0.3618,0.3486,1,MEDIUM
DEF-13748,Sepoy,1,Field Outpost,32,17.7,12.0,0.45,1,1.0,0.622,-0.113,0.427,0.712,0.626,0.495,5.5,,44.7,,6562.0,,106.0,4.2,0.8438,0.7177,2,HIGH
DEF-13749,Subedar,3,Peace Station,110,8.3,7.0,0.15,3,,0.427,-0.082,0.464,0.242,0.484,0.119,5.9,,60.8,76.0,5662.0,,41.0,2.6,0.2766,0.2849,0,LOW
DEF-13750,Subedar,3,Peace Station,70,6.5,10.0,0.15,2,0.0,0.404,-0.713,0.526,,0.462,0.518,,0.227,43.4,,9988.0,0.64,63.0,3.0,0.4431,0.4308,1,MEDIUM
DEF-13751,Subedar,3,Peace Station,155,,15.0,0.15,3,,0.329,-0.526,0.645,0.449,0.504,0.452,7.7,,38.3,75.0,,0.66,56.0,3.1,0.2237,0.3823,0,LOW
DEF-13752,Sepoy,1,Field Outpost,61,27.1,10.0,0.45,4,0.0,0.232,0.329,0.152,0.503,,0.309,7.1,0.255,74.2,68.0,9163.0,0.72,33.0,3.1,0.1501,0.2144,0,LOW
DEF-13753,Naik,1,Peace Station,15,10.0,10.0,0.15,1,0.0,0.144,,0.359,,0.668,0.252,6.7,,45.0,,8867.0,0.7,63.0,3.7,0.0832,0.0581,0,LOW
DEF-13754,Sepoy,1,Peace Station,58,20.9,13.0,0.15,2,0.0,0.201,-0.088,0.496,0.653,0.576,0.373,,0.295,63.2,76.0,,,53.0,5.0,0.2905,0.1814,0,LOW
DEF-13755,Sepoy,1,Counter-Insurgency,10,15.8,15.0,0.9,3,0.0,0.664,,0.472,0.645,0.471,,6.3,0.168,,74.0,,0.62,164.0,3.2,0.7007,0.5432,1,MEDIUM
DEF-13756,Sepoy,1,Peace Station,29,17.1,11.0,0.15,2,0.0,0.42,-0.144,0.497,,0.349,0.442,6.9,,,73.0,6491.0,,54.0,3.4,0.1986,0.2257,0,LOW
DEF-13757,Sepoy,1,Field Outpost,58,7.0,15.0,0.45,1,1.0,0.321,-0.368,0.415,0.71,,0.285,6.3,0.206,51.6,67.0,,0.61,60.0,3.2,0.2049,0.2265,0,LOW
DEF-13758,Sepoy,1,Peace Station,59,12.2,16.0,0.15,1,0.0,0.141,0.005,0.448,0.33,0.16,0.055,,,54.2,76.0,5636.0,0.68,34.0,2.5,0.1311,0.1934,0,LOW
DEF-13759,Havildar,2,Peace Station,108,4.7,12.0,0.15,2,0.0,0.597,0.119,0.53,0.3,0.315,0.247,7.2,0.256,62.6,67.0,,0.66,61.0,1.9,0.2184,0.2558,0,LOW
DEF-13760,Sepoy,1,High Altitude (Siachen/Ladakh),83,3.6,,0.85,1,1.0,0.147,0.32,0.265,0.665,0.342,0.239,,,,,11718.0,0.93,35.0,2.8,0.0768,0.1878,0,LOW
DEF-13761,Havildar,2,Peace Station,146,18.4,6.0,0.15,1,0.0,0.666,,0.599,0.345,0.464,0.384,6.7,0.271,40.4,76.0,7758.0,,72.0,,0.5024,0.5457,1,MEDIUM
DEF-13762,Naik,1,Peace Station,108,9.5,12.0,0.15,1,0.0,0.127,-0.111,0.419,0.393,0.295,0.273,,0.221,44.9,62.0,11874.0,0.71,78.0,2.9,0.1899,0.2993,0,LOW
DEF-13763,Sepoy,1,Field Outpost,100,6.2,18.0,0.45,1,0.0,0.071,-0.227,,0.811,0.484,0.261,6.2,0.24,40.4,69.0,7162.0,0.64,90.0,4.1,0.3868,0.4096,1,MEDIUM
DEF-13764,Naik,1,Peace Station,179,3.7,7.0,0.15,1,0.0,0.263,-0.098,0.959,,0.42,0.277,6.7,,58.6,64.0,12742.0,0.93,,1.5,0.2156,0.2735,0,LOW
DEF-13765,Sepoy,1,Field Outpost,105,1.1,,0.45,1,0.0,0.297,-0.57,0.692,,0.62,,6.6,0.228,56.4,66.0,9293.0,,52.0,3.1,0.1532,0.1498,0,LOW
DEF-13766,Naik,1,Peace Station,133,0.0,9.0,0.15,3,0.0,0.576,,0.548,0.371,0.341,,,0.273,40.7,70.0,10107.0,,84.0,2.6,0.2899,0.3836,0,LOW
DEF-13767,Sepoy,1,Peace Station,20,14.9,12.0,0.15,1,,0.498,,0.375,0.546,0.54,0.258,6.2,,65.0,70.0,7767.0,0.8,73.0,2.8,0.3195,0.2677,0,LOW
DEF-13768,Sepoy,1,Peace Station,53,,15.0,0.15,3,0.0,0.196,,0.352,0.317,0.445,0.17,6.9,0.276,,71.0,7763.0,0.84,53.0,2.2,0.1655,0.1737,0,LOW
DEF-13769,Sepoy,1,Counter-Insurgency,81,18.0,16.0,0.9,3,0.0,0.217,-0.088,1.0,0.885,0.477,0.65,,,,70.0,7480.0,,70.0,3.1,0.4466,0.4938,1,MEDIUM
DEF-13770,Naik,1,Field Outpost,67,17.9,10.0,0.45,2,2.0,0.615,0.223,,0.903,0.78,0.659,5.7,0.224,49.7,74.0,,0.69,109.0,,0.6438,0.6302,1,MEDIUM
DEF-13771,Subedar,3,Field Outpost,39,13.2,11.0,0.45,1,1.0,0.614,,0.704,0.452,0.413,0.415,4.9,0.21,50.5,70.0,7226.0,,89.0,4.0,0.5486,0.3992,1,MEDIUM
DEF-13772,Sepoy,1,High Altitude (Siachen/Ladakh),101,14.6,14.0,0.85,3,0.0,0.333,-0.09,,0.737,,,7.7,0.213,39.2,67.0,7601.0,,57.0,4.1,0.3074,0.3646,0,LOW
DEF-13773,Havildar,2,High Altitude (Siachen/Ladakh),115,11.6,7.0,0.85,2,0.0,0.325,-0.399,0.529,0.334,0.343,0.321,6.9,0.231,69.3,77.0,5367.0,,59.0,2.4,0.1805,0.2326,0,LOW
DEF-13774,Naik,1,Field Outpost,61,15.9,9.0,0.45,1,0.0,0.662,0.243,0.883,,0.334,0.545,5.4,0.188,35.6,79.0,8929.0,,69.0,3.6,0.4848,0.4343,1,MEDIUM
DEF-13775,Major,4,High Altitude (Siachen/Ladakh),54,15.8,23.0,0.85,2,0.0,0.074,-0.178,0.543,0.663,0.744,0.24,6.1,,43.9,71.0,8710.0,0.71,,3.8,0.3738,0.4488,1,MEDIUM
DEF-13776,Havildar,2,Field Outpost,46,25.1,16.0,0.45,1,0.0,0.139,-0.816,0.702,0.532,0.828,0.673,5.3,0.161,40.5,87.0,11979.0,0.56,77.0,3.5,0.6707,0.6332,1,MEDIUM
DEF-13777,Naik,1,Field Outpost,104,27.0,11.0,0.45,1,0.0,0.361,-0.275,0.388,0.627,0.717,0.566,6.2,,34.2,82.0,12226.0,,104.0,3.7,0.6993,0.6588,2,HIGH
DEF-13778,Naik,1,High Altitude (Siachen/Ladakh),54,26.8,12.0,0.85,2,1.0,0.615,0.141,,0.421,,0.406,6.7,0.189,55.4,70.0,10596.0,0.78,62.0,3.1,0.749,0.4936,1,MEDIUM
DEF-13779,Subedar,3,Counter-Insurgency,66,7.2,13.0,0.9,1,0.0,,0.12,0.56,0.305,0.349,0.184,6.1,0.229,61.4,72.0,5442.0,0.87,52.0,2.8,0.1227,0.1878,0,LOW
DEF-13780,Sepoy,1,Peace Station,125,20.4,11.0,0.15,2,0.0,,0.614,,0.409,0.507,0.094,8.3,,63.8,65.0,8001.0,0.74,25.0,0.8,0.083,0.266,0,LOW
DEF-13781,Sepoy,1,Field Outpost,76,18.3,15.0,0.45,4,0.0,0.601,-0.137,0.392,0.333,0.478,0.434,,0.273,45.2,,7460.0,0.75,,3.9,0.3632,0.3711,1,MEDIUM
DEF-13782,Sepoy,1,High Altitude (Siachen/Ladakh),66,8.5,10.0,0.85,1,0.0,0.58,0.039,,0.487,,,5.9,0.197,,,11481.0,0.74,66.0,3.2,0.2002,0.2797,0,LOW
DEF-13783,Havildar,2,Peace Station,44,6.5,7.0,0.15,1,0.0,,-0.132,0.541,0.597,0.744,0.525,5.9,0.197,43.9,84.0,11701.0,0.65,68.0,4.4,0.4206,0.2972,1,MEDIUM
DEF-13784,Havildar,2,Counter-Insurgency,64,10.8,9.0,0.9,3,,0.39,0.047,,0.616,0.863,0.045,7.3,0.235,47.4,70.0,9387.0,0.78,,,0.1348,0.1925,0,LOW
DEF-13785,Sepoy,1,Field Outpost,40,,14.0,0.45,2,1.0,0.493,-0.208,,,0.221,0.16,5.6,0.203,,68.0,5051.0,,92.0,2.6,0.3682,0.3487,1,MEDIUM
DEF-13786,Naik,1,Field Outpost,73,2.2,12.0,0.45,2,0.0,0.15,-0.658,0.403,0.112,0.348,0.093,8.0,0.234,42.5,,12703.0,0.78,30.0,3.2,0.0839,0.1772,0,LOW
DEF-13787,Naik,1,Peace Station,48,18.2,13.0,0.15,3,0.0,0.081,0.033,0.874,0.522,0.599,0.186,,0.246,46.7,69.0,5049.0,0.99,,2.4,0.1252,0.1692,0,LOW
DEF-13788,Sepoy,1,Peace Station,52,14.3,12.0,0.15,3,4.0,0.121,-0.602,,0.394,0.307,0.334,6.1,,,76.0,,0.8,83.0,3.1,0.1282,0.1346,0,LOW
DEF-13789,Colonel,4,Peace Station,64,14.2,11.0,0.15,2,0.0,,0.195,0.577,,0.697,0.132,8.2,0.236,47.4,71.0,11336.0,0.73,37.0,3.6,0.1131,0.1386,0,LOW
DEF-13790,Sepoy,1,Peace Station,157,21.9,14.0,0.15,1,0.0,0.464,-0.098,0.265,0.563,0.323,0.514,6.4,0.199,,68.0,,0.94,,1.8,0.1747,0.2918,0,LOW
DEF-13791,Sepoy,1,Field Outpost,80,12.3,16.0,0.45,2,0.0,0.527,-0.331,0.662,0.582,0.314,0.36,6.7,,,76.0,9144.0,0.74,91.0,2.7,0.6419,0.5829,1,MEDIUM
DEF-13792,Naik,1,High Altitude (Siachen/Ladakh),29,21.1,8.0,0.85,2,0.0,0.558,-0.464,0.867,0.601,0.943,0.459,4.9,,46.1,78.0,7539.0,0.75,,4.6,0.8033,0.554,2,HIGH
DEF-13793,Havildar,2,Field Outpost,54,7.7,18.0,0.45,2,2.0,0.263,0.056,0.642,0.288,,0.271,7.0,0.278,53.4,66.0,6257.0,0.66,52.0,3.0,0.2061,0.2386,0,LOW
DEF-13794,Sepoy,1,Peace Station,45,7.7,16.0,0.15,1,0.0,0.554,0.132,0.667,0.801,0.28,0.299,5.6,0.28,,,,0.78,,3.4,0.2932,0.1887,0,LOW
DEF-13795,Naik,1,Peace Station,43,14.1,8.0,0.15,2,4.0,0.428,-0.26,0.603,0.557,0.726,0.656,7.0,0.24,39.2,81.0,6915.0,,60.0,3.3,0.0361,0.0356,0,LOW
DEF-13796,Naik,1,Field Outpost,44,32.0,12.0,0.45,2,0.0,0.262,,0.619,0.719,0.605,0.571,5.3,,41.1,81.0,5020.0,,77.0,3.2,0.8358,0.7693,2,HIGH
DEF-13797,Sepoy,1,Field Outpost,55,24.9,,0.45,1,0.0,0.847,,0.972,0.517,0.881,0.375,6.6,0.257,,80.0,8948.0,0.68,61.0,3.7,0.2007,0.1313,0,LOW
DEF-13798,Sepoy,1,Counter-Insurgency,41,23.3,8.0,0.9,4,0.0,,0.471,0.2,0.174,,0.191,7.1,,,73.0,6176.0,,41.0,2.8,0.1979,0.1437,0,LOW
DEF-13799,Naik,1,High Altitude (Siachen/Ladakh),41,2.3,13.0,0.85,3,0.0,0.263,0.032,0.229,0.764,0.474,0.137,7.5,0.215,61.8,71.0,6589.0,0.87,88.0,3.2,0.274,0.327,0,LOW
DEF-13800,Sepoy,1,High Altitude (Siachen/Ladakh),45,15.2,14.0,0.85,3,1.0,0.49,-0.685,0.255,0.302,0.259,0.24,6.9,0.219,55.4,75.0,4496.0,0.8,74.0,3.4,0.0357,0.0518,0,LOW
DEF-13801,Major,4,Peace Station,43,21.0,17.0,0.15,2,3.0,0.523,,0.467,,0.507,0.314,,0.201,52.8,78.0,10468.0,0.65,64.0,3.3,0.1634,0.2126,0,LOW
DEF-13802,Havildar,2,High Altitude (Siachen/Ladakh),37,31.7,14.0,0.85,1,0.0,0.262,-0.774,0.781,0.632,0.973,0.84,4.9,0.175,42.0,75.0,7532.0,0.51,92.0,3.2,0.8952,0.7941,2,HIGH
DEF-13803,Colonel,4,Peace Station,90,0.0,14.0,0.15,3,,0.401,,0.691,,0.581,0.266,6.4,0.233,53.9,60.0,9503.0,0.8,66.0,2.9,0.3094,0.364,0,LOW
DEF-13804,Sepoy,1,Field Outpost,50,20.2,8.0,0.45,2,0.0,0.152,-0.358,,0.839,0.277,,6.9,0.209,61.6,72.0,9338.0,0.87,113.0,3.4,0.4046,0.3456,1,MEDIUM
DEF-13805,Major,4,Field Outpost,56,23.0,9.0,0.45,2,0.0,0.266,,0.384,0.525,1.0,0.218,,0.181,55.6,67.0,7030.0,0.74,66.0,2.7,0.409,0.2852,1,MEDIUM
DEF-13806,Sepoy,1,Field Outpost,54,17.8,12.0,0.45,1,0.0,0.398,-0.48,1.0,0.828,1.0,0.49,5.5,0.135,27.9,85.0,4730.0,0.72,103.0,5.1,0.7248,0.6055,1,MEDIUM
DEF-13807,Sepoy,1,Peace Station,42,2.5,13.0,0.15,2,,0.152,,,,0.562,0.237,7.0,0.195,52.3,62.0,,0.59,57.0,3.0,0.2092,0.2229,0,LOW
DEF-13808,Sepoy,1,Field Outpost,36,16.2,,0.45,4,0.0,0.37,0.406,0.436,0.672,0.967,0.105,6.7,,,,7784.0,0.66,109.0,,0.3754,0.2108,0,LOW
DEF-13809,Sepoy,1,Peace Station,95,17.6,6.0,0.15,1,0.0,0.134,0.011,0.476,0.34,0.457,,,,,75.0,7121.0,0.86,72.0,2.9,0.0871,0.2056,0,LOW
DEF-13810,Naik,1,Peace Station,37,15.5,10.0,0.15,1,0.0,0.504,,0.244,0.711,0.404,0.415,6.7,,52.1,75.0,17499.0,0.72,25.0,2.2,0.1713,0.1613,0,LOW
DEF-13811,Naik,1,High Altitude (Siachen/Ladakh),38,,11.0,0.85,2,0.0,0.333,-0.546,0.832,1.0,0.413,0.365,,0.211,52.8,85.0,6812.0,,82.0,4.3,0.6658,0.5202,1,MEDIUM
DEF-13812,Sepoy,1,Counter-Insurgency,111,7.1,14.0,0.9,2,0.0,,0.271,0.738,,0.8,0.299,5.7,0.234,,79.0,8313.0,,73.0,3.1,0.4767,0.4484,1,MEDIUM
DEF-13813,Naik,1,High Altitude (Siachen/Ladakh),45,17.9,16.0,0.85,1,1.0,0.319,-0.21,0.753,,,0.415,,0.173,42.8,,6031.0,0.62,98.0,3.1,0.7107,0.5598,1,MEDIUM
DEF-13814,Sepoy,1,Field Outpost,64,8.3,13.0,0.45,3,0.0,0.54,0.306,,0.114,,0.115,7.9,0.309,48.3,61.0,,0.75,58.0,2.0,0.1794,0.2358,0,LOW
DEF-13815,Naik,1,Peace Station,52,8.4,,0.15,1,0.0,0.166,-0.216,0.778,0.552,0.496,0.366,7.0,0.262,27.4,,6960.0,0.66,64.0,3.1,0.6454,0.5864,1,MEDIUM
DEF-13816,Sepoy,1,Peace Station,62,12.8,9.0,0.15,3,0.0,0.083,0.289,,,0.516,,7.1,0.294,55.4,61.0,10466.0,,,3.4,0.1455,0.2184,0,LOW
DEF-13817,Havildar,2,Peace Station,141,15.4,16.0,0.15,1,0.0,,0.109,0.283,0.362,0.457,0.315,7.4,0.245,51.3,,11420.0,0.58,60.0,2.7,0.1184,0.3255,0,LOW
DEF-13818,Havildar,2,Counter-Insurgency,40,22.8,11.0,0.9,1,0.0,0.49,-0.113,0.458,0.597,0.529,0.43,6.0,0.293,47.5,74.0,10130.0,0.77,86.0,3.6,0.1803,0.2126,0,LOW
DEF-13819,Naik,1,Field Outpost,90,3.8,12.0,0.45,3,2.0,0.127,0.139,0.231,0.467,0.557,0.0,,0.29,63.6,,6266.0,0.76,30.0,1.7,0.1213,0.2465,0,LOW
DEF-13820,Sepoy,1,High Altitude (Siachen/Ladakh),95,3.0,16.0,0.85,3,,0.121,0.377,0.644,0.408,0.437,0.278,,,51.0,77.0,11418.0,0.64,53.0,2.1,0.2256,0.4484,0,LOW
DEF-13821,Sepoy,1,High Altitude (Siachen/Ladakh),91,10.8,9.0,0.85,4,0.0,,-0.293,0.749,,,0.316,6.6,0.188,45.6,74.0,9819.0,0.63,95.0,3.4,0.3892,0.311,1,MEDIUM
DEF-13822,Havildar,2,Field Outpost,137,0.0,15.0,0.45,1,0.0,0.705,0.444,0.242,0.637,0.402,0.01,6.9,,56.4,68.0,9252.0,,35.0,1.7,0.3653,0.5486,1,MEDIUM
DEF-13823,Sepoy,1,Counter-Insurgency,14,19.0,10.0,0.9,2,0.0,0.352,,0.748,0.558,1.0,0.353,7.2,,44.6,79.0,8876.0,0.69,72.0,,0.8582,0.6058,2,HIGH
DEF-13824,Sepoy,1,Peace Station,25,0.0,16.0,0.15,1,1.0,0.124,-0.031,0.504,0.788,0.622,0.177,6.0,0.205,,74.0,,0.72,,3.3,0.2977,0.2511,0,LOW
DEF-13825,Sepoy,1,Field Outpost,35,20.0,15.0,0.45,1,2.0,0.533,-0.12,0.508,0.672,0.633,,5.9,0.229,,70.0,14282.0,0.92,53.0,2.7,0.4884,0.3713,1,MEDIUM
DEF-13826,Naik,1,Counter-Insurgency,47,23.4,11.0,0.9,1,0.0,0.287,,0.951,0.823,0.482,0.396,6.4,0.151,55.3,80.0,12652.0,0.68,69.0,3.0,0.4665,0.4611,1,MEDIUM
DEF-13827,Naik,1,Field Outpost,74,16.2,13.0,0.45,1,0.0,0.652,-0.178,1.0,0.79,,,,0.162,51.3,79.0,11768.0,0.55,74.0,4.2,0.3062,0.2777,0,LOW
DEF-13828,Havildar,2,Peace Station,36,0.0,10.0,0.15,3,1.0,0.111,0.33,0.096,0.114,0.349,0.0,,0.273,63.6,79.0,8989.0,,74.0,2.3,0.0476,0.1532,0,LOW
DEF-13829,Sepoy,1,Peace Station,36,14.9,12.0,0.15,1,0.0,0.495,,0.555,,0.6,0.441,4.6,0.228,,80.0,8552.0,,,3.6,0.3758,0.3489,1,MEDIUM
DEF-13830,Sepoy,1,High Altitude (Siachen/Ladakh),67,7.2,11.0,0.85,2,0.0,0.178,0.182,0.276,,0.229,0.233,6.3,0.273,60.6,71.0,12127.0,0.68,54.0,3.1,0.4278,0.3463,1,MEDIUM
DEF-13831,Havildar,2,Peace Station,84,3.8,15.0,0.15,2,0.0,0.219,,0.725,0.911,0.57,,,0.246,61.3,71.0,,0.66,49.0,2.7,0.2117,0.3871,0,LOW
DEF-13832,Havildar,2,Counter-Insurgency,63,18.9,11.0,0.9,1,,0.753,0.055,0.51,,0.447,0.418,7.1,0.269,59.9,68.0,5956.0,,48.0,2.8,0.091,0.1796,0,LOW
DEF-13833,Sepoy,1,Peace Station,87,20.5,7.0,0.15,4,0.0,0.412,,0.322,0.275,0.397,0.339,8.0,0.267,60.0,61.0,,0.75,42.0,3.6,0.0875,0.1373,0,LOW
DEF-13834,Naik,1,Field Outpost,21,24.9,,0.45,1,0.0,0.052,-0.24,0.95,,0.909,,7.0,0.222,49.6,66.0,4828.0,0.81,81.0,2.3,0.5522,0.4913,1,MEDIUM
DEF-13835,Sepoy,1,Field Outpost,41,11.6,11.0,0.45,4,0.0,0.518,-0.335,0.657,0.571,0.455,0.287,6.8,,40.6,75.0,5986.0,,,2.5,0.306,0.3119,0,LOW
DEF-13836,Major,4,Field Outpost,34,,13.0,0.45,4,1.0,0.415,-0.051,0.374,0.515,0.514,,6.3,0.255,39.7,,6535.0,,,2.9,0.7009,0.6179,1,MEDIUM
DEF-13837,Sepoy,1,Field Outpost,45,28.2,13.0,0.45,4,0.0,,-0.46,0.682,,,0.365,7.6,0.271,,66.0,8659.0,0.67,,2.7,0.4224,0.3255,1,MEDIUM
DEF-13838,Major,4,Counter-Insurgency,61,31.8,12.0,0.9,3,1.0,0.209,,,0.764,0.799,0.736,5.4,0.182,45.3,81.0,11721.0,0.56,84.0,4.1,0.8916,0.7731,2,HIGH
DEF-13839,Naik,1,High Altitude (Siachen/Ladakh),18,23.2,13.0,0.85,1,0.0,0.508,-0.213,0.419,0.41,0.385,,7.2,,51.0,70.0,7042.0,,67.0,3.0,0.5566,0.4566,1,MEDIUM
DEF-13840,Naik,1,High Altitude (Siachen/Ladakh),45,11.0,11.0,0.85,1,0.0,0.718,0.143,0.364,,0.312,,,0.228,40.1,72.0,10773.0,,93.0,3.5,0.4795,0.4793,1,MEDIUM
DEF-13841,Sepoy,1,Peace Station,40,,13.0,0.15,2,0.0,0.791,0.148,0.262,0.608,0.565,0.215,6.3,0.249,,68.0,,0.64,,3.1,0.2662,0.228,0,LOW
DEF-13842,Naik,1,Peace Station,23,12.5,7.0,0.15,1,0.0,0.772,0.04,0.287,0.233,0.365,0.041,7.2,,46.4,75.0,7953.0,,54.0,2.9,0.1925,0.2192,0,LOW
DEF-13843,Sepoy,1,Peace Station,88,20.0,14.0,0.15,3,0.0,0.443,0.082,0.368,0.347,0.38,0.357,,0.233,51.8,54.0,10330.0,0.74,52.0,2.6,0.1406,0.2041,0,LOW
DEF-13844,Sepoy,1,Peace Station,63,7.0,16.0,0.15,3,0.0,0.419,-0.351,0.41,0.396,0.377,0.034,7.1,,,61.0,8313.0,0.84,,2.8,0.0941,0.147,0,LOW
DEF-13845,Naik,1,High Altitude (Siachen/Ladakh),45,16.7,10.0,0.85,1,0.0,0.401,-0.097,,0.364,0.806,0.35,,0.302,51.4,72.0,9558.0,0.74,73.0,,0.2396,0.2016,0,LOW
DEF-13846,Major,4,Field Outpost,151,16.8,9.0,0.45,1,2.0,0.383,0.058,,0.325,0.715,0.283,5.8,0.255,58.0,69.0,2432.0,0.6,130.0,2.5,0.4941,0.4695,1,MEDIUM
DEF-13847,Naik,1,High Altitude (Siachen/Ladakh),24,17.3,11.0,0.85,1,1.0,0.581,,0.883,,0.558,0.272,6.0,0.233,40.7,68.0,7685.0,0.73,,,0.3007,0.1908,0,LOW
DEF-13848,Havildar,2,Peace Station,156,5.3,14.0,0.15,2,0.0,0.518,0.327,0.143,0.291,0.273,0.0,5.7,0.237,67.5,61.0,10771.0,,28.0,3.8,0.0755,0.3067,0,LOW
DEF-13849,Sepoy,1,Field Outpost,54,16.1,19.0,0.45,1,2.0,0.218,-0.028,0.94,0.507,,0.314,,,,73.0,11059.0,0.74,72.0,4.0,0.3593,0.39,1,MEDIUM
DEF-13850,Sepoy,1,Counter-Insurgency,38,29.0,14.0,0.9,2,1.0,0.285,-0.671,1.0,0.868,0.696,0.723,,0.158,22.6,81.0,11146.0,0.49,117.0,4.4,0.9399,0.7364,2,HIGH
DEF-13851,Sepoy,1,Counter-Insurgency,46,10.1,13.0,0.9,2,0.0,0.494,,0.735,0.546,0.549,0.477,6.4,0.172,,,,0.65,79.0,4.3,0.3851,0.3762,1,MEDIUM
DEF-13852,Naik,1,Counter-Insurgency,49,16.2,14.0,0.9,1,0.0,0.345,-0.01,0.628,0.883,0.55,0.298,6.3,,33.3,,9992.0,0.83,70.0,3.8,0.5758,0.3792,1,MEDIUM
DEF-13853,Major,4,High Altitude (Siachen/Ladakh),167,0.0,13.0,0.85,2,0.0,0.228,0.352,0.85,0.64,0.333,0.071,,0.229,45.2,63.0,10711.0,0.79,45.0,2.6,0.1436,0.3173,0,LOW
DEF-13854,Naik,1,High Altitude (Siachen/Ladakh),74,,14.0,0.85,2,,0.149,0.078,,0.453,0.347,0.072,6.9,0.254,42.8,72.0,,,50.0,4.2,0.1453,0.2026,0,LOW
DEF-13855,Sepoy,1,Counter-Insurgency,31,15.8,15.0,0.9,2,1.0,0.802,-0.359,0.625,0.587,1.0,0.53,5.8,,,89.0,9467.0,0.74,,3.7,0.8236,0.7245,2,HIGH
DEF-13856,Sepoy,1,High Altitude (Siachen/Ladakh),95,15.0,14.0,0.85,4,0.0,0.378,0.315,0.663,0.294,0.419,,,,66.3,,12278.0,0.66,70.0,1.6,0.3734,0.4482,1,MEDIUM
DEF-13857,Naik,1,Counter-Insurgency,50,20.2,12.0,0.9,1,0.0,0.404,-0.258,0.604,0.567,0.473,0.539,6.5,,34.0,73.0,13615.0,0.56,74.0,,0.6693,0.5865,1,MEDIUM
DEF-13858,Sepoy,1,Peace Station,8,11.6,13.0,0.15,2,0.0,0.185,0.435,0.164,0.197,,0.034,6.0,0.264,67.2,61.0,,0.79,37.0,,0.1546,0.0962,0,LOW
DEF-13859,Havildar,2,Counter-Insurgency,94,24.0,13.0,0.9,3,2.0,0.719,,0.686,0.5,,0.419,6.1,0.25,41.4,76.0,7470.0,0.53,68.0,,0.4886,0.575,1,MEDIUM
DEF-13860,Havildar,2,Field Outpost,95,6.5,13.0,0.45,1,0.0,0.471,-0.302,1.0,0.396,0.535,,6.5,0.269,51.3,67.0,,,65.0,,0.2402,0.3581,0,LOW
DEF-13861,Naik,1,Peace Station,51,26.3,10.0,0.15,2,0.0,0.052,-0.323,0.421,0.715,0.626,0.378,5.5,0.269,42.2,74.0,8740.0,,69.0,3.9,0.4725,0.4738,1,MEDIUM
DEF-13862,Sepoy,1,Peace Station,42,15.8,18.0,0.15,2,0.0,0.094,0.169,,0.713,0.372,0.535,5.2,0.181,53.0,,4404.0,,110.0,3.8,0.62,0.4969,1,MEDIUM
DEF-13863,Sepoy,1,Counter-Insurgency,100,13.4,,0.9,2,1.0,0.617,-0.138,0.662,0.756,0.593,0.344,6.6,0.179,37.4,,,0.51,71.0,,0.3787,0.3233,1,MEDIUM
DEF-13864,Sepoy,1,Field Outpost,41,1.8,18.0,0.45,1,2.0,0.33,,0.702,0.665,0.565,0.101,7.7,,,73.0,6972.0,1.0,70.0,2.6,0.4865,0.4763,1,MEDIUM
DEF-13865,Sepoy,1,Counter-Insurgency,113,4.6,20.0,0.9,2,0.0,0.45,-0.423,0.828,0.689,0.614,0.398,5.8,0.148,45.6,,6924.0,0.54,93.0,3.5,0.5007,0.5922,1,MEDIUM
DEF-13866,Sepoy,1,Peace Station,41,17.0,12.0,0.15,1,0.0,0.712,,0.574,0.388,,0.326,6.1,0.262,56.8,67.0,,0.65,,2.3,0.8162,0.7324,2,HIGH
DEF-13867,Naik,1,Field Outpost,58,7.9,8.0,0.45,2,0.0,0.624,0.5,0.413,0.388,0.521,0.173,8.0,0.278,58.7,54.0,4366.0,0.77,55.0,,0.1933,0.1989,0,LOW
DEF-13868,Naik,1,Peace Station,79,22.5,12.0,0.15,2,1.0,0.478,-0.026,0.237,0.387,0.402,0.077,7.3,0.236,50.4,,,0.8,38.0,2.5,0.1207,0.278,0,LOW
DEF-13869,Sepoy,1,Field Outpost,69,16.4,11.0,0.45,2,0.0,0.551,,0.509,0.703,0.509,,6.5,0.203,,75.0,4767.0,0.53,82.0,3.2,0.3971,0.3516,1,MEDIUM
DEF-13870,Sepoy,1,Field Outpost,39,1.9,8.0,0.45,2,1.0,0.59,0.506,0.377,,0.487,0.081,5.9,0.242,70.9,,8638.0,0.8,32.0,2.4,0.1237,0.1065,0,LOW
DEF-13871,Sepoy,1,High Altitude (Siachen/Ladakh),76,20.5,15.0,0.85,1,0.0,0.27,-0.472,0.379,,0.89,0.275,6.7,,,75.0,10274.0,0.49,61.0,3.7,0.3115,0.2355,0,LOW
DEF-13872,Sepoy,1,Peace Station,92,12.6,10.0,0.15,1,1.0,0.381,-0.057,,0.584,0.407,0.359,7.3,0.295,,74.0,10538.0,0.77,54.0,3.7,0.1506,0.1429,0,LOW
DEF-13873,Havildar,2,Peace Station,32,13.6,13.0,0.15,1,0.0,0.521,0.017,,0.353,0.333,0.212,7.4,,58.3,,4919.0,,24.0,,0.0913,0.168,0,LOW
DEF-13874,Sepoy,1,Peace Station,80,22.9,16.0,0.15,1,,0.305,-0.049,0.66,0.639,0.658,0.952,4.9,0.222,,77.0,9765.0,0.48,88.0,,0.9441,0.8851,2,HIGH
DEF-13875,Sepoy,1,Counter-Insurgency,57,2.1,10.0,0.9,2,0.0,0.083,,0.728,0.207,0.207,0.05,,,62.4,66.0,6594.0,0.89,60.0,,0.1435,0.14,0,LOW
DEF-13876,Sepoy,1,Peace Station,33,4.4,14.0,0.15,2,0.0,0.517,,0.358,0.378,,0.344,6.6,,,,12139.0,0.75,42.0,2.9,0.0988,0.1192,0,LOW
DEF-13877,Subedar,3,Field Outpost,74,16.8,7.0,0.45,1,0.0,0.721,,0.511,0.669,0.682,,6.1,0.245,40.1,76.0,11419.0,0.62,,,0.4579,0.3787,1,MEDIUM
DEF-13878,Naik,1,Field Outpost,98,0.0,9.0,0.45,3,0.0,0.533,-0.076,,0.56,0.104,0.096,7.7,0.165,62.4,55.0,8273.0,0.75,46.0,,0.1005,0.1634,0,LOW
DEF-13879,Sepoy,1,High Altitude (Siachen/Ladakh),44,8.8,13.0,0.85,2,0.0,,-0.479,0.613,0.704,,0.296,4.7,,,,9149.0,0.64,93.0,3.9,0.5966,0.4432,1,MEDIUM
DEF-13880,Naik,1,Peace Station,76,22.3,12.0,0.15,1,0.0,0.253,,0.929,,0.552,0.463,5.9,0.208,57.0,,6540.0,0.65,107.0,,0.4622,0.4792,1,MEDIUM
DEF-13881,Havildar,2,Peace Station,49,13.1,13.0,0.15,1,0.0,0.699,-0.146,0.241,,0.278,0.229,6.8,0.206,38.9,73.0,10584.0,0.83,,1.9,0.2278,0.2696,0,LOW
DEF-13882,Major,4,High Altitude (Siachen/Ladakh),87,2.3,11.0,0.85,2,0.0,0.353,0.013,0.856,0.429,0.507,0.297,6.1,,47.5,67.0,9844.0,0.76,76.0,2.3,0.331,0.3375,0,LOW
DEF-13883,Sepoy,1,Counter-Insurgency,109,15.6,16.0,0.9,1,1.0,0.168,-0.123,,0.556,0.54,0.272,,0.297,,62.0,8584.0,0.95,,,0.3302,0.4204,1,MEDIUM
DEF-13884,Subedar,3,Field Outpost,72,10.6,12.0,0.45,3,0.0,0.376,,0.537,,,0.395,6.9,0.27,47.5,68.0,,0.77,41.0,,0.1227,0.1456,0,LOW
DEF-13885,Major,4,Peace Station,92,8.0,14.0,0.15,2,0.0,0.303,-0.204,0.244,0.432,,0.24,7.6,0.206,61.1,60.0,3967.0,,77.0,2.6,0.043,0.2112,0,LOW
DEF-13886,Subedar,3,Field Outpost,101,44.2,14.0,0.45,4,1.0,0.389,-0.533,0.507,0.457,,,5.3,0.187,46.4,80.0,7487.0,0.86,66.0,2.4,0.8254,0.7454,2,HIGH
DEF-13887,Naik,1,Counter-Insurgency,43,18.9,13.0,0.9,1,0.0,0.103,-0.253,0.753,,,0.44,,0.243,45.7,70.0,,,62.0,3.4,0.5836,0.4742,1,MEDIUM
DEF-13888,Naik,1,Field Outpost,49,11.6,12.0,0.45,2,0.0,0.475,-0.181,,0.637,,0.122,6.9,0.281,46.1,65.0,6600.0,0.8,55.0,2.6,0.1256,0.1835,0,LOW
DEF-13889,Sepoy,1,Field Outpost,78,21.6,14.0,0.45,3,0.0,0.378,-0.22,,0.756,0.43,0.085,7.3,,61.5,,8140.0,,104.0,2.4,0.1804,0.3067,0,LOW
DEF-13890,Havildar,2,Field Outpost,122,11.5,9.0,0.45,1,0.0,0.682,-0.293,0.531,0.691,,0.378,6.3,0.236,42.6,72.0,3559.0,0.8,82.0,3.0,0.3029,0.2901,0,LOW
DEF-13891,Naik,1,Counter-Insurgency,28,9.6,19.0,0.9,1,0.0,0.346,0.222,0.973,0.394,0.691,0.414,5.9,0.26,57.0,82.0,4000.0,0.76,59.0,3.5,0.5681,0.5059,1,MEDIUM
DEF-13892,Naik,1,High Altitude (Siachen/Ladakh),83,16.5,11.0,0.85,2,1.0,0.429,,0.412,0.201,0.995,0.172,6.3,0.198,49.5,71.0,8650.0,0.63,43.0,2.8,0.3351,0.3288,0,LOW
DEF-13893,Sepoy,1,High Altitude (Siachen/Ladakh),117,18.3,12.0,0.85,4,0.0,0.545,-0.329,,0.743,,0.506,5.1,0.161,41.1,84.0,7586.0,0.76,99.0,,0.6581,0.737,2,HIGH
DEF-13894,Havildar,2,Peace Station,56,21.9,7.0,0.15,2,2.0,0.297,-0.236,,0.448,0.377,0.425,6.6,,57.5,74.0,8476.0,0.76,48.0,1.7,0.1993,0.2624,0,LOW
DEF-13895,Havildar,2,Field Outpost,62,26.1,11.0,0.45,2,1.0,0.723,,0.801,0.697,0.974,0.585,5.9,,25.4,78.0,2889.0,0.72,63.0,3.3,0.9577,0.7816,2,HIGH
DEF-13896,Sepoy,1,Field Outpost,61,24.1,,0.45,2,0.0,0.341,-0.491,0.479,,0.605,0.478,6.9,0.211,,77.0,6065.0,,83.0,,0.2712,0.3388,0,LOW
DEF-13897,Havildar,2,Peace Station,59,21.3,23.0,0.15,1,,0.33,-0.065,0.997,0.717,0.79,0.458,,0.21,43.4,81.0,7922.0,0.48,94.0,3.1,0.8023,0.7669,2,HIGH
DEF-13898,Naik,1,Counter-Insurgency,38,22.2,19.0,0.9,2,0.0,0.19,-0.142,0.549,0.587,,0.608,4.5,,38.9,,2476.0,,81.0,4.2,0.9051,0.7462,2,HIGH
DEF-13899,Havildar,2,Field Outpost,57,24.1,14.0,0.45,1,0.0,0.086,-0.103,0.292,0.401,0.337,0.449,,0.138,54.7,81.0,6291.0,0.9,,2.8,0.1804,0.1956,0,LOW
DEF-13900,Sepoy,1,Peace Station,39,20.0,7.0,0.15,1,0.0,0.529,0.603,,0.057,0.391,0.287,7.9,0.335,76.5,76.0,10683.0,,,1.9,0.1949,0.1191,0,LOW
DEF-13901,Sepoy,1,Counter-Insurgency,88,0.5,10.0,0.9,3,1.0,0.111,,0.704,0.47,0.423,0.223,6.1,0.241,43.8,68.0,8784.0,0.68,80.0,3.0,0.3734,0.3973,1,MEDIUM
DEF-13902,Subedar,3,Peace Station,19,18.2,7.0,0.15,2,0.0,0.227,0.59,0.38,0.48,0.227,0.246,6.0,0.205,50.6,68.0,,0.79,49.0,2.2,0.1127,0.1865,0,LOW
DEF-13903,Sepoy,1,High Altitude (Siachen/Ladakh),99,25.7,9.0,0.85,4,0.0,0.092,,0.544,,0.5,0.589,6.0,0.17,35.6,78.0,,0.87,81.0,3.5,0.5861,0.5992,1,MEDIUM
DEF-13904,Havildar,2,High Altitude (Siachen/Ladakh),107,7.2,16.0,0.85,1,0.0,0.561,,0.295,0.663,0.644,0.318,5.7,0.22,52.5,,5805.0,0.66,75.0,3.6,0.3759,0.4623,1,MEDIUM
DEF-13905,Naik,1,Counter-Insurgency,69,10.7,7.0,0.9,1,1.0,,-0.047,,0.46,0.13,0.103,6.3,0.296,51.0,66.0,,0.76,45.0,2.6,0.1563,0.1079,0,LOW
DEF-13906,Naik,1,High Altitude (Siachen/Ladakh),149,13.5,,0.85,3,0.0,,0.077,0.544,,0.433,0.437,7.8,0.272,39.6,65.0,9422.0,0.66,84.0,3.1,0.6113,0.6624,1,MEDIUM
DEF-13907,Sepoy,1,High Altitude (Siachen/Ladakh),79,15.6,15.0,0.85,1,0.0,0.282,-0.517,0.869,0.65,0.612,0.482,,0.201,56.8,74.0,3295.0,0.78,57.0,3.1,0.4655,0.4664,1,MEDIUM
DEF-13908,Naik,1,Peace Station,74,9.3,12.0,0.15,1,2.0,0.791,0.069,,0.305,0.288,0.03,6.3,0.231,66.4,65.0,10089.0,0.8,48.0,1.9,0.0551,0.1217,0,LOW
DEF-13909,Sepoy,1,Field Outpost,18,14.5,10.0,0.45,2,0.0,0.385,,0.449,0.593,,0.291,6.6,0.208,60.2,76.0,9324.0,0.7,98.0,3.4,0.2965,0.2485,0,LOW
DEF-13910,Sepoy,1,Counter-Insurgency,111,18.4,13.0,0.9,1,0.0,0.38,-0.149,0.932,0.972,0.71,0.508,5.2,0.158,,88.0,12311.0,0.6,86.0,3.5,0.9716,0.8599,2,HIGH
DEF-13911,Sepoy,1,Peace Station,35,0.0,9.0,0.15,4,0.0,0.124,0.135,,0.414,0.286,0.093,,0.323,75.3,65.0,3208.0,,26.0,2.4,0.0595,0.1438,0,LOW
DEF-13912,Sepoy,1,High Altitude (Siachen/Ladakh),33,14.6,10.0,0.85,2,0.0,0.324,-0.398,0.708,0.946,0.52,0.408,4.3,0.159,,76.0,,0.57,,2.8,0.7861,0.6521,2,HIGH
DEF-13913,Major,4,Peace Station,71,10.7,11.0,0.15,3,0.0,,-0.014,0.599,0.648,0.538,0.175,7.8,,46.5,80.0,10955.0,0.82,47.0,2.7,0.3093,0.315,0,LOW
DEF-13914,Major,4,Peace Station,39,0.0,14.0,0.15,3,0.0,0.167,,0.418,,0.305,0.196,7.0,,49.4,65.0,1429.0,0.84,94.0,,0.0344,0.0309,0,LOW
DEF-13915,Sepoy,1,Peace Station,56,18.8,14.0,0.15,1,0.0,0.562,-0.322,0.564,0.261,0.327,0.43,6.1,0.229,37.4,62.0,,0.8,104.0,2.6,0.4651,0.3676,1,MEDIUM
DEF-13916,Havildar,2,Peace Station,116,16.6,7.0,0.15,3,1.0,0.033,0.116,0.324,0.659,0.267,0.228,7.0,0.349,63.1,63.0,12361.0,,50.0,2.2,0.046,0.1815,0,LOW
DEF-13917,Sepoy,1,Counter-Insurgency,140,15.4,9.0,0.9,1,0.0,0.345,-0.51,0.702,0.618,0.887,0.524,3.8,0.159,39.3,86.0,7407.0,,97.0,4.2,0.8798,0.7936,2,HIGH
DEF-13918,Naik,1,Counter-Insurgency,44,19.2,14.0,0.9,1,1.0,0.472,,0.989,0.738,0.51,0.698,6.3,0.174,41.0,81.0,8772.0,,82.0,4.3,0.6639,0.5582,1,MEDIUM
DEF-13919,Havildar,2,Field Outpost,57,16.7,14.0,0.45,3,0.0,0.351,0.206,,0.539,0.59,0.509,6.2,0.138,52.2,81.0,5488.0,0.62,85.0,2.9,0.4719,0.3865,1,MEDIUM
DEF-13920,Major,4,High Altitude (Siachen/Ladakh),192,7.7,9.0,0.85,1,0.0,0.297,,1.0,,0.671,0.438,,0.194,60.9,74.0,11424.0,0.76,58.0,2.3,0.2569,0.4163,0,LOW
DEF-13921,Sepoy,1,Field Outpost,139,20.1,11.0,0.45,1,0.0,0.172,-0.224,0.592,0.393,,0.46,,,52.5,,,0.74,,2.2,0.2896,0.4753,1,MEDIUM
DEF-13922,Havildar,2,High Altitude (Siachen/Ladakh),102,21.6,8.0,0.85,1,,0.675,-0.314,0.525,0.966,0.505,0.689,7.4,0.183,55.3,70.0,5863.0,0.62,71.0,4.2,0.4479,0.419,1,MEDIUM
DEF-13923,Sepoy,1,High Altitude (Siachen/Ladakh),39,,11.0,0.85,1,0.0,0.346,-0.161,0.795,0.462,0.411,0.29,,0.17,49.4,,10870.0,0.72,57.0,3.0,0.4785,0.4062,1,MEDIUM
DEF-13924,Colonel,4,Peace Station,44,21.5,16.0,0.15,2,0.0,0.397,-0.076,0.842,0.611,0.803,0.439,6.5,,49.0,73.0,12369.0,0.73,52.0,3.1,0.6481,0.6055,1,MEDIUM
DEF-13925,Sepoy,1,Field Outpost,102,11.6,17.0,0.45,2,2.0,0.826,-0.486,,,0.395,0.396,,0.227,,65.0,9376.0,0.69,57.0,3.8,0.6696,0.705,2,HIGH
DEF-13926,Naik,1,Field Outpost,16,19.2,12.0,0.45,2,1.0,0.681,0.265,0.391,0.321,0.693,,,0.272,47.1,68.0,14201.0,0.62,65.0,2.9,0.141,0.0714,0,LOW
DEF-13927,Naik,1,Counter-Insurgency,112,15.3,13.0,0.9,4,0.0,0.341,-0.223,0.346,,0.573,0.269,,,46.1,68.0,7322.0,0.76,110.0,2.5,0.2429,0.3407,0,LOW
DEF-13928,Naik,1,High Altitude (Siachen/Ladakh),128,12.5,16.0,0.85,1,2.0,0.328,,0.583,,0.916,0.32,6.4,,53.4,,,0.69,100.0,3.2,0.1869,0.3859,0,LOW
DEF-13929,Sepoy,1,Counter-Insurgency,52,18.6,14.0,0.9,1,0.0,0.331,-0.425,0.33,0.459,0.528,0.324,6.6,0.208,,72.0,8793.0,,96.0,,0.284,0.2633,0,LOW
DEF-13930,Major,4,High Altitude (Siachen/Ladakh),141,11.2,,0.85,1,0.0,0.566,-0.13,0.939,0.861,1.0,0.523,4.2,0.196,31.9,81.0,,,78.0,3.7,0.8859,0.8697,2,HIGH
DEF-13931,Sepoy,1,Field Outpost,81,23.2,15.0,0.45,3,1.0,0.333,0.23,0.417,0.583,0.442,,6.2,,,70.0,9210.0,0.83,59.0,2.5,0.2947,0.347,0,LOW
DEF-13932,Naik,1,Counter-Insurgency,29,24.6,13.0,0.9,2,0.0,0.591,,,0.542,0.75,0.564,,,40.8,74.0,,0.6,135.0,,0.9287,0.6943,2,HIGH
DEF-13933,Sepoy,1,Field Outpost,67,9.3,14.0,0.45,4,0.0,0.273,,0.166,0.343,,0.219,5.7,0.231,,73.0,8022.0,,,3.0,0.0799,0.1896,0,LOW
DEF-13934,Sepoy,1,Field Outpost,42,12.6,14.0,0.45,2,,0.474,-0.132,0.647,0.733,0.754,0.365,5.9,0.193,50.6,80.0,,0.81,64.0,2.8,0.5131,0.4204,1,MEDIUM
DEF-13935,Naik,1,High Altitude (Siachen/Ladakh),72,10.8,15.0,0.85,1,0.0,0.024,0.161,0.743,,0.568,0.339,,0.108,46.9,82.0,6726.0,0.66,60.0,2.7,0.4194,0.4622,1,MEDIUM
DEF-13936,Sepoy,1,Peace Station,28,17.2,16.0,0.15,1,0.0,0.84,-0.626,,0.685,0.621,0.579,6.1,,41.3,79.0,9956.0,0.69,88.0,5.2,0.2473,0.2357,0,LOW
DEF-13937,Sepoy,1,Peace Station,147,25.1,12.0,0.15,2,0.0,0.289,-0.372,0.757,0.76,0.734,0.671,5.4,0.26,,72.0,7006.0,0.53,81.0,3.9,0.691,0.7291,2,HIGH
DEF-13938,Sepoy,1,Field Outpost,88,0.0,9.0,0.45,2,2.0,0.226,-0.183,0.69,0.299,0.359,0.158,6.0,0.213,,,7036.0,0.76,37.0,2.9,0.0394,0.1033,0,LOW
DEF-13939,Sepoy,1,Field Outpost,49,1.9,13.0,0.45,1,0.0,0.242,,0.467,,0.476,0.058,7.4,0.216,53.9,66.0,9077.0,,34.0,2.3,0.1449,0.1607,0,LOW
DEF-13940,Havildar,2,Counter-Insurgency,73,13.3,18.0,0.9,2,0.0,0.152,0.182,0.615,,0.6,0.206,,0.186,35.5,76.0,4166.0,,83.0,2.9,0.6881,0.6268,1,MEDIUM
DEF-13941,Subedar,3,Counter-Insurgency,62,15.6,12.0,0.9,3,1.0,0.563,-0.198,0.54,0.436,0.512,0.556,6.9,0.242,62.4,,8442.0,,72.0,3.9,0.0221,0.1227,0,LOW
DEF-13942,Sepoy,1,Field Outpost,150,6.0,10.0,0.45,3,0.0,0.584,0.005,,0.065,,0.0,,0.274,,61.0,8549.0,0.83,48.0,,0.0815,0.2165,0,LOW
DEF-13943,Sepoy,1,Field Outpost,62,15.5,13.0,0.45,2,0.0,0.445,0.413,0.562,0.916,0.251,,6.6,0.236,43.2,74.0,,0.86,61.0,2.7,0.2963,0.3888,0,LOW
DEF-13944,Sepoy,1,High Altitude (Siachen/Ladakh),71,7.7,12.0,0.85,3,2.0,0.1,,0.448,0.451,0.612,0.449,7.0,0.235,,87.0,,0.77,101.0,2.5,0.7263,0.5757,1,MEDIUM
DEF-13945,Sepoy,1,Field Outpost,25,10.2,10.0,0.45,1,,0.249,-0.038,0.401,,0.517,0.252,7.2,0.27,,73.0,7749.0,0.53,45.0,,0.1598,0.1756,0,LOW
DEF-13946,Naik,1,Peace Station,72,24.8,15.0,0.15,1,0.0,0.193,-0.043,0.526,0.533,0.384,0.443,,0.226,59.3,,9241.0,0.72,42.0,,0.2288,0.4066,0,LOW
DEF-13947,Naik,1,High Altitude (Siachen/Ladakh),80,11.1,9.0,0.85,1,1.0,0.687,-0.383,0.589,0.459,0.376,0.269,7.5,0.225,48.8,83.0,9239.0,0.66,53.0,3.6,0.348,0.3187,0,LOW
DEF-13948,Sepoy,1,High Altitude (Siachen/Ladakh),32,10.9,14.0,0.85,1,1.0,,0.055,0.815,0.597,0.298,0.157,7.5,,,78.0,8903.0,,65.0,3.4,0.6215,0.5949,1,MEDIUM
DEF-13949,Sepoy,1,Peace Station,94,15.1,7.0,0.15,4,0.0,0.177,0.18,0.808,0.551,0.588,,6.6,0.23,,73.0,7610.0,0.71,54.0,2.6,0.129,0.1751,0,LOW
DEF-13950,Sepoy,1,High Altitude (Siachen/Ladakh),15,23.3,9.0,0.85,1,0.0,,-0.161,0.738,0.458,0.404,0.46,6.1,0.176,,70.0,7709.0,0.71,68.0,,0.5374,0.3642,1,MEDIUM
DEF-13951,Havildar,2,Field Outpost,57,13.6,10.0,0.45,2,0.0,0.275,-0.018,0.515,0.464,0.416,,6.2,0.194,38.1,,12534.0,0.4,81.0,3.6,0.6106,0.481,1,MEDIUM
DEF-13952,Major,4,Peace Station,25,9.3,9.0,0.15,2,0.0,0.362,-0.54,0.385,0.481,0.666,0.232,6.7,,56.5,66.0,10109.0,0.67,44.0,2.9,0.1361,0.1885,0,LOW
DEF-13953,Sepoy,1,High Altitude (Siachen/Ladakh),65,18.9,21.0,0.85,2,0.0,0.719,-0.141,0.306,0.489,,,6.5,0.212,,70.0,5280.0,0.67,62.0,,0.3674,0.4817,1,MEDIUM
DEF-13954,Sepoy,1,Peace Station,50,20.9,13.0,0.15,2,1.0,0.47,,0.729,0.584,0.635,0.364,6.3,0.191,,74.0,8916.0,0.74,73.0,2.6,0.427,0.417,1,MEDIUM
DEF-13955,Subedar,3,Peace Station,83,23.7,7.0,0.15,2,0.0,0.465,-0.014,0.393,0.513,0.491,0.395,5.9,0.16,47.9,75.0,13307.0,,63.0,2.9,0.3114,0.4323,1,MEDIUM
DEF-13956,Subedar,3,High Altitude (Siachen/Ladakh),61,13.7,18.0,0.85,2,0.0,0.205,-0.444,,,0.553,0.547,,0.229,50.6,85.0,11548.0,0.65,93.0,3.3,0.6434,0.6775,1,MEDIUM
DEF-13957,Sepoy,1,Counter-Insurgency,82,18.0,13.0,0.9,4,0.0,0.077,-0.441,0.314,0.518,,,6.0,0.241,49.5,71.0,,0.72,75.0,3.1,0.3239,0.3837,0,LOW
DEF-13958,Sepoy,1,Peace Station,66,20.7,11.0,0.15,1,0.0,0.878,-0.089,0.234,,0.342,0.293,6.6,0.229,,69.0,6500.0,,55.0,2.7,0.2831,0.2853,0,LOW
DEF-13959,Sepoy,1,Counter-Insurgency,115,15.5,,0.9,1,0.0,0.063,-0.096,0.782,0.426,0.318,0.299,7.1,0.244,,72.0,6902.0,,56.0,3.5,0.2182,0.2595,0,LOW
DEF-13960,Naik,1,Peace Station,106,25.2,11.0,0.15,2,0.0,0.368,,0.496,0.356,0.459,0.327,6.1,0.256,61.3,74.0,8553.0,0.82,55.0,2.4,0.523,0.5193,1,MEDIUM
DEF-13961,Sepoy,1,Peace Station,40,19.5,10.0,0.15,1,0.0,,-0.015,0.706,,,0.334,6.3,0.259,43.1,,8600.0,0.8,119.0,3.1,0.3683,0.3195,0,LOW
DEF-13962,Sepoy,1,Peace Station,110,30.0,9.0,0.15,2,0.0,0.234,0.14,0.461,0.274,0.364,0.563,7.6,0.195,,66.0,9994.0,0.78,78.0,3.9,0.1406,0.1448,0,LOW
DEF-13963,Naik,1,Peace Station,79,21.8,14.0,0.15,4,0.0,0.384,-0.823,0.541,0.616,0.493,0.579,,,44.6,,5090.0,0.6,107.0,3.9,0.7941,0.7478,2,HIGH
DEF-13964,Sepoy,1,Field Outpost,121,0.0,12.0,0.45,3,0.0,,0.021,0.665,0.52,0.651,0.431,5.8,0.236,,75.0,11101.0,0.66,83.0,3.9,0.8241,0.7971,2,HIGH
DEF-13965,Havildar,2,Counter-Insurgency,33,10.6,18.0,0.9,3,,0.622,0.04,,0.397,0.456,0.298,6.6,0.133,35.0,,6935.0,0.82,72.0,4.4,0.7405,0.6178,2,HIGH
DEF-13966,Sepoy,1,Peace Station,28,0.2,14.0,0.15,1,2.0,0.293,0.321,0.051,0.604,0.408,0.15,7.7,0.326,65.3,,10213.0,0.71,85.0,2.6,0.0601,0.1438,0,LOW
DEF-13967,Sepoy,1,Field Outpost,28,,14.0,0.45,1,0.0,0.258,-0.544,0.16,,0.32,0.009,6.5,0.236,,69.0,,0.81,,,0.1148,0.0642,0,LOW
DEF-13968,Naik,1,High Altitude (Siachen/Ladakh),141,10.8,10.0,0.85,3,0.0,,-0.141,,0.659,0.8,0.451,5.4,0.147,36.0,74.0,7701.0,0.64,60.0,,0.8568,0.8456,2,HIGH
DEF-13969,Sepoy,1,Peace Station,123,21.4,6.0,0.15,3,0.0,0.248,-0.154,0.493,,0.36,0.293,5.9,,48.2,66.0,10689.0,0.8,60.0,2.2,0.3314,0.2883,0,LOW
DEF-13970,Major,4,High Altitude (Siachen/Ladakh),106,10.3,14.0,0.85,2,,0.476,-0.132,0.691,0.773,,0.377,6.8,,60.3,71.0,7338.0,,48.0,3.0,0.3695,0.5084,1,MEDIUM
DEF-13971,Naik,1,Field Outpost,26,25.9,12.0,0.45,3,0.0,0.254,-0.355,0.772,0.578,0.413,0.371,6.7,0.241,39.0,80.0,8064.0,0.62,,3.5,0.4595,0.3446,1,MEDIUM
DEF-13972,Sepoy,1,Peace Station,107,8.3,10.0,0.15,4,0.0,0.816,0.289,0.223,0.29,0.168,0.185,8.2,0.275,60.9,58.0,12562.0,0.82,,2.3,0.0315,0.0957,0,LOW
DEF-13973,Havildar,2,High Altitude (Siachen/Ladakh),27,11.5,10.0,0.85,2,0.0,0.608,-0.7,0.613,0.701,0.65,0.576,6.1,,60.3,78.0,6811.0,0.54,,4.1,0.3942,0.3368,1,MEDIUM
DEF-13974,Sepoy,1,Peace Station,8,3.5,8.0,0.15,1,,,0.056,,0.223,0.747,,7.2,0.221,48.9,63.0,11385.0,,91.0,2.7,0.0937,0.0833,0,LOW
DEF-13975,Subedar,3,Peace Station,49,26.3,12.0,0.15,2,0.0,0.437,,0.842,0.543,0.442,,,0.197,51.2,74.0,5911.0,,98.0,3.0,0.8123,0.6411,2,HIGH
DEF-13976,Sepoy,1,Field Outpost,58,27.4,15.0,0.45,4,0.0,0.517,-0.438,0.6,0.777,0.592,0.54,5.6,0.192,46.0,83.0,5601.0,,,4.4,0.8199,0.7158,2,HIGH
DEF-13977,Naik,1,Field Outpost,131,12.9,,0.45,1,0.0,0.267,,0.547,0.61,,,5.2,0.226,62.3,75.0,9637.0,0.73,63.0,2.9,0.3036,0.3095,0,LOW
DEF-13978,Sepoy,1,High Altitude (Siachen/Ladakh),33,1.4,12.0,0.85,2,0.0,0.481,-0.254,,0.432,0.484,0.114,,0.236,,64.0,5878.0,0.61,,3.7,0.5593,0.4595,1,MEDIUM
DEF-13979,Sepoy,1,Field Outpost,200,12.2,11.0,0.45,2,0.0,0.352,0.402,0.059,0.065,,0.166,7.8,0.31,65.0,,9250.0,0.98,38.0,0.9,0.3472,0.3773,1,MEDIUM
DEF-13980,Havildar,2,Field Outpost,72,16.0,9.0,0.45,1,2.0,0.287,-0.426,0.623,0.804,0.584,0.266,,0.193,44.3,75.0,,0.73,72.0,3.7,0.3225,0.3447,0,LOW
DEF-13981,Havildar,2,Field Outpost,60,,13.0,0.45,2,0.0,0.277,-0.198,0.501,0.38,0.702,0.201,5.9,0.268,48.8,76.0,6719.0,,48.0,2.4,0.153,0.1062,0,LOW
DEF-13982,Sepoy,1,Field Outpost,60,34.0,11.0,0.45,1,0.0,0.351,-0.299,,0.906,,0.801,4.0,0.21,,,9150.0,,93.0,,0.9193,0.75,2,HIGH
DEF-13983,Sepoy,1,Counter-Insurgency,28,29.5,8.0,0.9,3,0.0,0.109,,1.0,0.941,0.663,0.527,5.2,0.221,,75.0,9970.0,,75.0,2.9,0.7101,0.545,1,MEDIUM
DEF-13984,Havildar,2,Counter-Insurgency,52,0.0,11.0,0.9,3,0.0,,-0.457,0.879,0.545,0.452,0.113,6.5,,56.5,70.0,,0.52,50.0,2.9,0.3538,0.3874,1,MEDIUM
DEF-13985,Major,4,Field Outpost,75,4.2,11.0,0.45,3,1.0,0.067,0.193,0.247,0.315,0.771,0.046,6.6,0.273,44.2,69.0,10743.0,0.77,37.0,4.2,0.2162,0.3098,0,LOW
DEF-13986,Sepoy,1,Peace Station,108,17.9,7.0,0.15,1,1.0,0.337,-0.236,0.571,0.744,0.982,0.567,,0.198,,74.0,11531.0,0.72,58.0,,0.2444,0.3175,0,LOW
DEF-13987,Naik,1,Field Outpost,51,4.9,14.0,0.45,1,1.0,0.691,0.173,,0.187,,0.051,7.0,0.278,60.6,,12747.0,0.74,21.0,1.7,0.0912,0.224,0,LOW
DEF-13988,Sepoy,1,Peace Station,71,15.6,19.0,0.15,3,0.0,0.696,,0.625,0.299,0.358,0.223,,0.178,51.4,57.0,6705.0,,,3.3,0.5496,0.5531,1,MEDIUM
DEF-13989,Subedar,3,Field Outpost,99,14.1,7.0,0.45,1,1.0,0.542,0.252,,,0.245,0.246,,0.263,61.4,,4443.0,,78.0,2.4,0.2394,0.2866,0,LOW
DEF-13990,Sepoy,1,Peace Station,50,13.7,12.0,0.15,1,0.0,0.426,0.292,,0.515,0.439,0.304,,0.233,,65.0,10655.0,0.84,46.0,3.9,0.1979,0.227,0,LOW
DEF-13991,Sepoy,1,High Altitude (Siachen/Ladakh),112,22.7,11.0,0.85,1,0.0,0.352,-0.638,,0.855,1.0,0.689,4.8,,,,7385.0,0.48,83.0,3.2,0.7665,0.6575,2,HIGH
DEF-13992,Havildar,2,Peace Station,88,29.4,7.0,0.15,2,0.0,0.387,0.395,,,0.34,0.318,,0.181,61.7,61.0,,,95.0,2.4,0.0733,0.1713,0,LOW
DEF-13993,Sepoy,1,Counter-Insurgency,102,17.4,9.0,0.9,1,1.0,0.143,-0.234,0.328,,,0.296,6.0,0.227,,65.0,9136.0,,45.0,3.2,0.16,0.1893,0,LOW
DEF-13994,Naik,1,Peace Station,17,3.7,18.0,0.15,2,0.0,0.684,-0.361,0.434,,0.677,0.443,7.1,0.125,35.0,78.0,,0.69,62.0,2.8,0.4151,0.4032,1,MEDIUM
DEF-13995,Sepoy,1,High Altitude (Siachen/Ladakh),54,15.2,,0.85,3,1.0,0.306,-0.137,0.789,0.294,0.723,,6.4,0.228,34.2,,13945.0,0.76,58.0,2.4,0.535,0.5019,1,MEDIUM
DEF-13996,Sepoy,1,Counter-Insurgency,43,9.0,9.0,0.9,2,0.0,0.433,0.1,0.509,0.713,0.41,0.35,6.6,,62.2,69.0,9686.0,,57.0,2.2,0.5476,0.4858,1,MEDIUM
DEF-13997,Sepoy,1,Peace Station,14,30.9,10.0,0.15,4,1.0,0.287,,0.668,0.576,0.295,0.296,6.8,0.24,54.4,69.0,9871.0,0.6,48.0,3.7,0.2216,0.2156,0,LOW
DEF-13998,Naik,1,Counter-Insurgency,162,,12.0,0.9,1,0.0,0.558,-0.019,,0.674,0.236,0.203,6.6,,46.0,76.0,9115.0,,66.0,2.8,0.2215,0.3379,0,LOW
DEF-13999,Sepoy,1,Field Outpost,107,17.4,16.0,0.45,2,0.0,0.545,0.135,0.899,0.558,0.82,0.467,4.9,0.229,,78.0,10815.0,0.51,105.0,4.2,0.8423,0.8197,2,HIGH
DEF-14000,Naik,1,Counter-Insurgency,22,19.5,17.0,0.9,1,4.0,,0.117,0.711,,0.729,0.565,,0.178,36.4,97.0,5182.0,,97.0,,0.9278,0.8387,2,HIGH
DEF-14001,Havildar,2,Counter-Insurgency,134,13.7,8.0,0.9,3,0.0,0.655,-0.219,0.148,0.479,0.531,,,0.21,68.7,75.0,7501.0,,63.0,,0.4622,0.5134,1,MEDIUM
DEF-14002,Havildar,2,Peace Station,62,24.6,9.0,0.15,4,,0.392,0.304,0.239,0.252,0.485,0.461,7.8,0.241,58.2,,,0.79,62.0,2.9,0.3086,0.3026,0,LOW
DEF-14003,Sepoy,1,High Altitude (Siachen/Ladakh),83,9.1,13.0,0.85,1,1.0,,0.108,0.463,0.237,0.377,0.315,7.0,0.233,,,12230.0,,48.0,,0.3414,0.3473,0,LOW
DEF-14004,Sepoy,1,Peace Station,44,22.2,18.0,0.15,1,1.0,0.373,,0.654,0.537,0.721,,5.4,0.118,,79.0,8817.0,0.52,87.0,,0.4922,0.4412,1,MEDIUM
DEF-14005,Sepoy,1,Peace Station,111,27.5,13.0,0.15,1,0.0,0.594,-0.459,,0.64,0.422,,6.0,0.183,62.2,75.0,6145.0,0.76,104.0,2.5,0.3706,0.4114,1,MEDIUM
DEF-14006,Sepoy,1,Peace Station,61,7.1,13.0,0.15,3,0.0,0.313,0.472,0.13,0.706,,0.036,7.8,0.293,52.0,57.0,13407.0,0.64,52.0,,0.0505,0.1117,0,LOW
DEF-14007,Sepoy,1,Peace Station,86,16.9,12.0,0.15,2,0.0,0.194,-0.112,,0.422,0.484,0.306,7.0,0.221,66.0,72.0,6993.0,0.86,44.0,2.4,0.118,0.1547,0,LOW
DEF-14008,Naik,1,Field Outpost,118,,15.0,0.45,3,0.0,0.519,0.005,0.682,0.558,0.563,0.829,5.7,0.14,31.5,,8616.0,0.59,72.0,1.8,0.8825,0.8618,2,HIGH
DEF-14009,Sepoy,1,Field Outpost,93,4.9,13.0,0.45,1,0.0,0.651,0.007,0.202,0.344,0.761,0.124,6.6,0.222,,,,,45.0,2.7,0.1927,0.3023,0,LOW
DEF-14010,Sepoy,1,High Altitude (Siachen/Ladakh),50,2.4,11.0,0.85,2,0.0,0.406,-0.005,0.36,0.598,0.297,0.174,7.0,0.225,,67.0,9041.0,0.61,,2.5,0.2281,0.3592,0,LOW
DEF-14011,Sepoy,1,Peace Station,61,6.2,19.0,0.15,2,0.0,0.371,-0.098,0.822,0.515,,0.361,6.9,0.194,55.9,71.0,5693.0,0.69,62.0,3.4,0.3802,0.3241,1,MEDIUM
DEF-14012,Naik,1,Counter-Insurgency,104,,14.0,0.9,3,0.0,,0.014,0.532,0.435,0.622,,4.8,,59.7,74.0,,,66.0,3.2,0.5161,0.6098,1,MEDIUM
DEF-14013,Sepoy,1,Peace Station,6,17.6,10.0,0.15,1,0.0,0.736,,,,0.423,0.403,6.2,,,,10175.0,0.49,,3.9,0.2217,0.1103,0,LOW
DEF-14014,Naik,1,Peace Station,54,10.9,12.0,0.15,1,0.0,0.701,,,0.665,0.342,0.198,6.1,0.253,35.2,,10215.0,0.73,133.0,,0.3509,0.3107,0,LOW
DEF-14015,Sepoy,1,High Altitude (Siachen/Ladakh),64,30.4,18.0,0.85,4,0.0,0.192,-0.386,0.967,0.654,0.76,0.681,7.3,,45.8,77.0,7406.0,,105.0,3.5,0.7038,0.6573,2,HIGH
DEF-14016,Subedar,3,Counter-Insurgency,77,22.7,11.0,0.9,1,0.0,0.431,,0.932,0.486,0.943,0.462,5.4,,53.4,,,0.87,56.0,4.5,0.7617,0.6371,2,HIGH
DEF-14017,Subedar,3,High Altitude (Siachen/Ladakh),44,17.8,7.0,0.85,2,0.0,,-0.229,0.506,,0.651,,,0.103,46.1,77.0,8774.0,0.69,85.0,3.2,0.4359,0.2626,1,MEDIUM
DEF-14018,Sepoy,1,Field Outpost,60,10.3,12.0,0.45,2,1.0,0.623,0.067,0.405,0.372,0.547,0.213,6.1,,40.1,65.0,11911.0,,52.0,2.5,0.4449,0.4116,1,MEDIUM
DEF-14019,Sepoy,1,Peace Station,71,14.6,10.0,0.15,1,1.0,0.097,,0.542,0.395,0.476,0.446,,0.278,,,,,84.0,3.7,0.1216,0.1473,0,LOW
DEF-14020,Sepoy,1,Peace Station,71,23.4,13.0,0.15,1,0.0,0.645,0.012,0.613,0.26,0.36,0.25,6.3,0.261,51.2,,10706.0,0.9,59.0,1.5,0.0954,0.0939,0,LOW
DEF-14021,Sepoy,1,Field Outpost,69,21.8,18.0,0.45,3,,0.411,0.098,0.62,0.514,,0.299,6.4,0.195,,70.0,9957.0,0.73,55.0,3.8,0.1715,0.2217,0,LOW
DEF-14022,Naik,1,Field Outpost,51,21.7,12.0,0.45,1,0.0,0.091,0.016,0.664,0.673,0.349,0.285,6.9,0.309,43.3,64.0,7059.0,,79.0,2.9,0.199,0.2441,0,LOW
DEF-14023,Havildar,2,Peace Station,73,11.4,15.0,0.15,1,2.0,0.286,0.041,0.292,0.752,0.468,0.299,5.6,0.24,47.3,72.0,12113.0,0.76,48.0,3.2,0.4375,0.4276,1,MEDIUM
DEF-14024,Naik,1,Field Outpost,129,9.6,,0.45,3,0.0,0.475,-0.226,,,0.914,0.288,6.3,0.278,36.9,68.0,9283.0,0.77,81.0,,0.538,0.4472,1,MEDIUM
DEF-14025,Havildar,2,High Altitude (Siachen/Ladakh),61,1.9,13.0,0.85,4,0.0,,-0.188,,0.218,0.628,0.245,7.6,0.255,64.5,64.0,10388.0,,48.0,3.3,0.1409,0.1772,0,LOW
DEF-14026,Sepoy,1,High Altitude (Siachen/Ladakh),73,18.5,9.0,0.85,3,0.0,0.459,-0.101,0.49,0.524,0.604,,5.6,0.219,37.0,76.0,8009.0,0.67,64.0,2.5,0.5607,0.6004,1,MEDIUM
DEF-14027,Sepoy,1,Peace Station,60,1.1,12.0,0.15,3,0.0,0.293,-0.653,0.271,0.289,0.297,0.04,,,,72.0,,0.73,44.0,2.5,0.0448,0.1313,0,LOW
DEF-14028,Havildar,2,Field Outpost,126,13.9,13.0,0.45,4,2.0,0.322,-0.159,0.511,0.752,0.517,0.573,,0.169,51.1,,1200.0,0.7,73.0,2.5,0.6196,0.6072,1,MEDIUM
DEF-14029,Sepoy,1,Peace Station,54,10.4,11.0,0.15,3,1.0,0.388,0.458,0.519,0.246,0.131,0.052,,0.301,66.9,,9543.0,0.89,21.0,2.0,0.0704,0.133,0,LOW
DEF-14030,Naik,1,Peace Station,36,15.9,15.0,0.15,4,0.0,0.105,0.272,0.184,0.453,0.333,,7.5,0.244,51.5,64.0,11883.0,0.81,,2.4,0.0673,0.1192,0,LOW
DEF-14031,Sepoy,1,High Altitude (Siachen/Ladakh),94,,15.0,0.85,3,0.0,0.783,-0.204,1.0,0.715,0.834,,5.4,0.157,40.3,75.0,,,63.0,3.4,0.938,0.8467,2,HIGH
DEF-14032,Sepoy,1,High Altitude (Siachen/Ladakh),53,25.5,,0.85,2,0.0,0.224,,0.532,0.577,1.0,0.576,6.0,0.186,,84.0,,0.56,81.0,3.5,0.6951,0.5528,1,MEDIUM
DEF-14033,Colonel,4,High Altitude (Siachen/Ladakh),92,20.0,6.0,0.85,2,0.0,0.716,0.171,0.511,0.596,0.562,0.393,6.6,0.181,31.1,63.0,2761.0,0.65,,2.6,0.9255,0.7059,2,HIGH
DEF-14034,Sepoy,1,Peace Station,48,7.5,18.0,0.15,4,0.0,0.329,,0.203,,0.192,0.196,7.1,0.216,,68.0,,1.0,57.0,2.5,0.0954,0.2257,0,LOW
DEF-14035,Colonel,4,Counter-Insurgency,31,13.8,8.0,0.9,2,0.0,0.567,-0.31,0.509,0.637,,,6.4,0.234,48.9,78.0,4555.0,0.61,76.0,3.1,0.4429,0.3236,1,MEDIUM
DEF-14036,Major,4,Peace Station,62,6.6,17.0,0.15,3,0.0,0.315,-0.152,,0.709,0.807,0.454,5.9,,42.0,64.0,,0.86,,2.5,0.1851,0.2319,0,LOW
DEF-14037,Havildar,2,Counter-Insurgency,24,8.4,12.0,0.9,1,0.0,,0.121,,0.402,0.209,,6.9,0.307,60.8,67.0,,,38.0,,0.2753,0.3891,0,LOW
DEF-14038,Naik,1,Field Outpost,76,18.1,14.0,0.45,4,1.0,0.689,-0.022,0.523,0.536,,0.295,6.3,0.186,57.4,66.0,13627.0,0.62,61.0,3.3,0.5737,0.4288,1,MEDIUM
DEF-14039,Naik,1,Peace Station,101,5.7,18.0,0.15,2,0.0,0.437,,,0.641,0.456,0.094,,,58.1,,9494.0,0.54,,3.2,0.3418,0.4928,1,MEDIUM
DEF-14040,Subedar,3,Peace Station,169,10.1,4.0,0.15,1,0.0,0.162,0.054,0.245,0.502,0.431,0.414,,,59.1,62.0,12250.0,0.63,88.0,2.7,0.0572,0.041,0,LOW
DEF-14041,Sepoy,1,Peace Station,46,4.9,14.0,0.15,3,0.0,0.546,0.09,0.596,0.937,0.684,,,0.207,45.1,66.0,9449.0,0.82,52.0,3.1,0.1674,0.2133,0,LOW
DEF-14042,Naik,1,Field Outpost,40,19.6,16.0,0.45,1,0.0,0.683,-0.131,0.47,0.628,0.536,0.435,6.9,0.178,60.6,,9743.0,0.67,68.0,3.3,0.4851,0.4394,1,MEDIUM
DEF-14043,Naik,1,Counter-Insurgency,100,10.9,14.0,0.9,1,0.0,0.391,0.31,0.468,0.454,0.717,0.228,,0.212,47.0,67.0,11510.0,0.63,72.0,2.7,0.3434,0.3983,1,MEDIUM
DEF-14044,Sepoy,1,Peace Station,96,0.0,15.0,0.15,1,0.0,0.473,0.394,0.328,0.388,,0.173,,0.174,54.5,68.0,8842.0,,49.0,2.8,0.2088,0.3594,0,LOW
DEF-14045,Sepoy,1,Field Outpost,99,27.9,8.0,0.45,1,0.0,0.305,0.116,0.593,0.479,0.551,0.523,6.4,,54.2,,8976.0,,70.0,3.3,0.2855,0.2608,0,LOW
DEF-14046,Sepoy,1,Counter-Insurgency,170,22.6,14.0,0.9,1,0.0,0.161,-0.077,0.474,0.63,0.849,0.458,,0.288,49.6,78.0,,0.73,68.0,3.6,0.4112,0.6379,1,MEDIUM
DEF-14047,Naik,1,Field Outpost,64,0.0,,0.45,2,0.0,0.201,,0.347,0.481,0.637,0.0,,0.167,48.0,68.0,13406.0,,50.0,,0.2599,0.3227,0,LOW
DEF-14048,Subedar,3,Field Outpost,189,20.2,,0.45,3,0.0,0.347,0.059,,0.194,,0.384,6.6,0.198,51.1,67.0,6519.0,0.84,,1.2,0.1423,0.2611,0,LOW
DEF-14049,Sepoy,1,Counter-Insurgency,52,26.9,7.0,0.9,2,0.0,0.396,,0.547,0.681,0.644,0.583,,0.343,,74.0,5501.0,,66.0,3.7,0.3536,0.3537,1,MEDIUM
DEF-14050,Major,4,Peace Station,42,12.4,13.0,0.15,2,0.0,0.168,0.044,0.499,0.271,0.834,0.052,7.0,0.267,43.5,,,,61.0,3.1,0.294,0.2464,0,LOW
DEF-14051,Naik,1,Field Outpost,39,15.3,8.0,0.45,3,0.0,0.253,0.01,0.559,0.52,0.689,0.464,6.6,0.227,35.6,,7877.0,,83.0,3.0,0.7199,0.5737,1,MEDIUM
DEF-14052,Havildar,2,High Altitude (Siachen/Ladakh),38,11.3,7.0,0.85,1,1.0,0.465,,,0.506,0.303,0.376,6.0,,54.5,74.0,11003.0,0.74,88.0,2.0,0.7038,0.5719,1,MEDIUM
DEF-14053,Naik,1,Peace Station,175,18.4,10.0,0.15,2,0.0,0.622,0.337,0.444,,,0.335,7.0,0.242,54.2,64.0,,0.6,48.0,2.5,0.1303,0.2664,0,LOW
DEF-14054,Havildar,2,High Altitude (Siachen/Ladakh),122,22.8,9.0,0.85,1,0.0,0.382,-0.172,0.831,0.628,0.511,0.597,5.8,0.202,38.0,83.0,,0.55,81.0,,0.6331,0.5998,1,MEDIUM
DEF-14055,Sepoy,1,Peace Station,166,3.9,13.0,0.15,2,1.0,0.582,0.346,0.398,0.306,0.541,0.0,7.5,0.274,,63.0,12059.0,,25.0,1.7,0.3153,0.3767,0,LOW
DEF-14056,Havildar,2,Peace Station,17,8.0,10.0,0.15,1,0.0,0.482,0.016,0.663,0.5,0.332,0.076,7.5,0.289,56.0,64.0,10982.0,0.84,39.0,2.6,0.0414,0.1739,0,LOW
DEF-14057,Sepoy,1,Peace Station,27,14.9,14.0,0.15,4,0.0,0.138,0.111,0.142,0.335,0.427,0.17,6.6,,,,,,,1.5,0.1908,0.1563,0,LOW
DEF-14058,Subedar,3,Counter-Insurgency,53,16.6,18.0,0.9,1,0.0,0.122,,0.986,1.0,1.0,0.75,5.7,,36.8,,7169.0,0.68,139.0,,0.9315,0.7277,2,HIGH
DEF-14059,Colonel,4,Counter-Insurgency,48,17.5,15.0,0.9,2,0.0,0.573,0.06,0.869,0.787,0.768,0.547,5.7,,49.5,76.0,,0.76,164.0,3.2,0.7404,0.5883,1,MEDIUM
DEF-14060,Sepoy,1,Peace Station,73,12.4,11.0,0.15,1,0.0,0.588,-0.347,0.479,0.427,0.615,,5.8,0.242,53.2,59.0,10394.0,0.75,30.0,,0.4503,0.4475,1,MEDIUM
DEF-14061,Sepoy,1,Peace Station,65,6.5,16.0,0.15,2,0.0,0.509,,0.348,,0.283,0.431,6.8,0.296,,64.0,7670.0,,49.0,3.4,0.0882,0.2525,0,LOW
DEF-14062,Havildar,2,Field Outpost,32,22.4,5.0,0.45,2,2.0,0.677,-0.337,0.47,0.743,0.648,,7.4,0.293,43.3,77.0,13502.0,0.78,38.0,,0.4177,0.3516,1,MEDIUM
DEF-14063,Sepoy,1,Field Outpost,45,3.6,8.0,0.45,1,0.0,0.629,0.096,0.23,,,0.222,7.1,0.264,78.6,60.0,13923.0,,,3.1,0.2009,0.239,0,LOW
DEF-14064,Subedar,3,Counter-Insurgency,55,9.8,17.0,0.9,1,0.0,0.085,0.204,0.745,0.401,0.522,0.305,7.0,0.294,45.6,,,0.76,42.0,2.5,0.4381,0.3709,1,MEDIUM
DEF-14065,Sepoy,1,Counter-Insurgency,29,14.2,8.0,0.9,1,2.0,0.769,,,,0.538,0.444,7.3,0.172,,,11541.0,0.71,57.0,2.6,0.2694,0.2452,0,LOW
DEF-14066,Sepoy,1,High Altitude (Siachen/Ladakh),59,18.1,12.0,0.85,3,0.0,0.667,,0.451,0.461,,0.463,6.1,0.113,,,,0.71,84.0,3.6,0.3877,0.4081,1,MEDIUM
DEF-14067,Major,4,Field Outpost,30,11.5,10.0,0.45,1,1.0,0.348,,0.714,0.802,0.762,0.399,5.3,0.222,44.0,,3756.0,0.59,67.0,3.5,0.7343,0.5939,1,MEDIUM
DEF-14068,Naik,1,Peace Station,58,20.4,17.0,0.15,3,0.0,0.499,-0.379,0.414,0.351,0.404,0.213,6.1,,56.7,62.0,7280.0,0.78,,4.5,0.2291,0.266,0,LOW
DEF-14069,Havildar,2,Peace Station,36,24.6,12.0,0.15,2,0.0,0.166,0.066,0.574,0.684,0.462,0.308,7.8,,57.1,,9072.0,0.74,45.0,,0.0565,0.1474,0,LOW
DEF-14070,Sepoy,1,Field Outpost,107,8.7,6.0,0.45,1,0.0,0.742,0.025,,0.541,,0.368,5.6,0.203,54.2,,2139.0,0.67,78.0,4.0,0.2613,0.3191,0,LOW
DEF-14071,Naik,1,Field Outpost,81,17.3,14.0,0.45,1,1.0,0.409,0.135,0.376,,0.742,,,0.19,48.9,74.0,,0.76,59.0,,0.5186,0.5238,1,MEDIUM
DEF-14072,Naik,1,High Altitude (Siachen/Ladakh),80,16.1,,0.85,3,0.0,,0.06,,0.544,0.547,0.34,6.6,0.254,57.3,74.0,13797.0,0.81,63.0,4.5,0.2053,0.2157,0,LOW
DEF-14073,Naik,1,Peace Station,95,11.1,6.0,0.15,2,0.0,0.285,0.081,0.214,0.507,0.289,0.124,6.5,0.286,49.2,66.0,,,42.0,1.9,0.0383,0.0774,0,LOW
DEF-14074,Naik,1,Peace Station,84,0.0,12.0,0.15,1,0.0,,0.514,0.06,0.074,0.316,0.0,,0.286,61.5,69.0,11137.0,0.83,28.0,1.8,0.0466,0.0933,0,LOW
DEF-14075,Naik,1,Field Outpost,107,17.0,7.0,0.45,3,0.0,0.235,-0.035,0.529,0.433,0.249,,6.5,0.22,37.0,65.0,,0.65,48.0,,0.3841,0.267,0,LOW
DEF-14076,Sepoy,1,Counter-Insurgency,69,17.9,10.0,0.9,3,0.0,0.609,-0.651,,0.764,0.787,0.648,6.2,0.139,36.8,68.0,,,88.0,3.6,0.5343,0.5044,1,MEDIUM
DEF-14077,Sepoy,1,High Altitude (Siachen/Ladakh),94,23.2,12.0,0.85,1,0.0,0.451,-0.222,0.763,0.64,0.547,0.308,,0.253,46.8,,10465.0,0.59,50.0,3.3,0.3743,0.479,1,MEDIUM
DEF-14078,Havildar,2,Peace Station,79,11.2,,0.15,2,0.0,0.344,0.135,0.35,0.321,0.411,0.075,5.7,0.271,48.7,,12380.0,0.72,55.0,3.4,0.2187,0.3096,0,LOW
DEF-14079,Sepoy,1,Counter-Insurgency,78,8.3,6.0,0.9,1,0.0,0.333,,0.637,0.748,,0.475,5.0,,,82.0,,0.67,72.0,3.0,0.4207,0.3157,1,MEDIUM
DEF-14080,Naik,1,Field Outpost,23,6.2,18.0,0.45,1,0.0,0.753,0.009,0.139,,0.159,0.022,,0.33,66.3,64.0,8983.0,1.0,50.0,2.9,0.0675,0.1342,0,LOW
DEF-14081,Sepoy,1,Field Outpost,33,0.0,5.0,0.45,1,0.0,0.106,-0.298,0.278,0.433,,0.005,6.7,0.293,,72.0,,0.77,61.0,2.6,0.1267,0.122,0,LOW
DEF-14082,Naik,1,Peace Station,73,10.6,13.0,0.15,3,0.0,0.273,-0.144,0.543,0.861,1.0,0.569,6.7,0.231,39.0,73.0,,0.76,116.0,4.2,0.5901,0.4857,1,MEDIUM
DEF-14083,Havildar,2,Field Outpost,40,37.5,11.0,0.45,2,0.0,0.406,-0.419,0.654,0.405,0.683,0.487,6.0,0.282,47.3,74.0,6987.0,0.49,71.0,,0.3835,0.2961,0,LOW
DEF-14084,Sepoy,1,Field Outpost,61,24.8,16.0,0.45,2,0.0,0.332,-0.173,,0.83,0.591,0.762,,0.213,,75.0,9630.0,,99.0,4.7,0.7673,0.6045,2,HIGH
DEF-14085,Sepoy,1,High Altitude (Siachen/Ladakh),46,5.6,14.0,0.85,1,1.0,0.367,0.149,0.598,0.517,0.504,0.0,7.6,,,65.0,,,71.0,2.7,0.0829,0.0893,0,LOW
DEF-14086,Sepoy,1,Field Outpost,47,,13.0,0.45,2,2.0,0.813,-0.528,0.359,0.342,0.252,0.173,7.5,0.257,,,,0.73,93.0,4.5,0.3141,0.2517,0,LOW
DEF-14087,Naik,1,Peace Station,65,9.6,13.0,0.15,1,0.0,0.544,-0.118,0.338,0.573,0.328,0.438,6.7,0.219,59.7,70.0,6306.0,,59.0,3.0,0.1568,0.2384,0,LOW
DEF-14088,Havildar,2,Peace Station,54,25.9,6.0,0.15,2,0.0,0.248,-0.133,0.289,0.703,0.269,0.121,,,45.2,65.0,8335.0,0.57,37.0,2.2,0.2914,0.2667,0,LOW
DEF-14089,Sepoy,1,High Altitude (Siachen/Ladakh),132,32.9,16.0,0.85,1,0.0,0.656,-0.336,1.0,0.777,0.627,0.73,7.0,0.159,,86.0,5849.0,0.48,90.0,4.4,0.7737,0.7837,2,HIGH
DEF-14090,Havildar,2,High Altitude (Siachen/Ladakh),25,14.8,13.0,0.85,3,1.0,0.442,-0.574,,0.969,0.942,,4.7,0.145,26.7,,9190.0,0.55,118.0,3.6,0.8631,0.7167,2,HIGH
DEF-14091,Sepoy,1,Field Outpost,88,16.2,18.0,0.45,1,1.0,0.12,0.211,0.712,0.311,0.25,0.381,6.9,,29.2,69.0,10615.0,0.77,71.0,,0.6286,0.5811,1,MEDIUM
DEF-14092,Naik,1,Peace Station,97,18.4,14.0,0.15,2,,0.666,0.172,0.755,0.483,0.582,0.382,4.8,0.24,45.9,,6385.0,0.61,68.0,2.4,0.6656,0.5355,1,MEDIUM
DEF-14093,Subedar,3,Peace Station,138,13.9,7.0,0.15,2,3.0,0.471,-0.272,0.321,0.401,0.421,,6.3,0.188,62.9,68.0,10898.0,0.67,65.0,2.6,0.1396,0.2427,0,LOW
DEF-14094,Sepoy,1,Peace Station,66,16.4,9.0,0.15,3,3.0,0.049,,0.68,0.453,0.556,0.427,6.6,0.261,55.0,80.0,4183.0,,71.0,4.7,0.2709,0.1833,0,LOW
DEF-14095,Naik,1,Peace Station,92,14.4,10.0,0.15,3,0.0,0.435,-0.075,0.178,0.253,0.234,0.116,6.7,0.271,58.8,67.0,6218.0,,71.0,1.5,0.0408,0.1125,0,LOW
DEF-14096,Sepoy,1,Field Outpost,132,18.1,8.0,0.45,1,0.0,0.401,-0.023,0.4,0.877,0.183,,8.1,0.261,,74.0,8244.0,0.87,53.0,2.6,0.1785,0.1472,0,LOW
DEF-14097,Sepoy,1,High Altitude (Siachen/Ladakh),44,0.0,8.0,0.85,2,0.0,0.209,-0.14,0.601,0.934,0.531,,6.3,,,67.0,6301.0,0.66,60.0,,0.3766,0.3015,0,LOW
DEF-14098,Sepoy,1,Peace Station,36,9.9,16.0,0.15,1,0.0,0.693,-0.131,,0.475,0.377,0.241,7.2,0.284,50.1,,9955.0,,48.0,2.8,0.1879,0.1848,0,LOW
DEF-14099,Sepoy,1,High Altitude (Siachen/Ladakh),68,3.9,15.0,0.85,1,0.0,0.144,-0.209,,0.735,,0.43,5.8,0.202,,80.0,11802.0,0.77,164.0,3.6,0.5669,0.518,1,MEDIUM
DEF-14100,Naik,1,High Altitude (Siachen/Ladakh),56,19.9,13.0,0.85,4,0.0,0.345,0.139,0.771,0.534,,0.326,6.3,0.245,51.9,72.0,11111.0,0.58,75.0,3.6,0.653,0.6091,1,MEDIUM
DEF-14101,Sepoy,1,Peace Station,93,7.3,14.0,0.15,1,0.0,0.375,0.204,0.679,0.492,0.392,0.166,7.0,0.276,74.0,,7984.0,0.67,34.0,2.4,0.1146,0.1767,0,LOW
DEF-14102,Naik,1,Field Outpost,26,0.7,8.0,0.45,1,1.0,,-0.001,0.479,,0.28,0.11,7.9,0.359,57.5,65.0,,0.62,66.0,3.1,0.1061,0.0486,0,LOW
DEF-14103,Sepoy,1,Peace Station,127,0.0,10.0,0.15,1,2.0,0.37,,0.184,0.195,0.43,,6.8,0.225,,63.0,9939.0,0.74,108.0,,0.086,0.2338,0,LOW
DEF-14104,Sepoy,1,High Altitude (Siachen/Ladakh),74,17.8,16.0,0.85,2,0.0,0.229,-0.811,0.449,0.591,0.949,0.435,5.5,,38.2,77.0,8409.0,0.78,,3.7,0.6669,0.6938,1,MEDIUM
DEF-14105,Naik,1,Peace Station,55,6.1,,0.15,4,1.0,0.302,0.1,0.664,0.145,0.149,0.059,8.5,0.241,57.8,66.0,7559.0,0.84,58.0,3.0,0.1216,0.2141,0,LOW
DEF-14106,Major,4,Field Outpost,64,12.8,11.0,0.45,1,0.0,0.024,-0.478,0.679,,,0.434,6.4,,45.8,71.0,10667.0,0.74,66.0,2.4,0.2477,0.3013,0,LOW
DEF-14107,Sepoy,1,Field Outpost,110,27.5,13.0,0.45,2,,0.207,-0.517,0.664,0.741,0.708,0.663,5.9,0.196,,,8478.0,0.61,72.0,3.5,0.3854,0.4055,1,MEDIUM
DEF-14108,Subedar,3,Peace Station,85,17.2,,0.15,2,0.0,0.419,0.117,0.153,0.397,,0.127,7.1,,61.0,75.0,,0.98,51.0,3.0,0.0741,0.2178,0,LOW
DEF-14109,Naik,1,Peace Station,63,9.7,,0.15,1,0.0,0.468,-0.077,0.166,0.073,0.242,,,0.244,63.6,62.0,13645.0,,27.0,3.3,0.1736,0.1644,0,LOW
DEF-14110,Naik,1,Peace Station,56,4.0,10.0,0.15,2,0.0,0.449,-0.129,0.331,0.285,0.146,,7.2,0.269,54.5,87.0,9658.0,0.76,43.0,3.2,0.0545,0.1456,0,LOW
DEF-14111,Naik,1,Field Outpost,58,17.7,12.0,0.45,2,1.0,0.349,-0.405,0.825,0.961,0.839,0.666,5.6,0.133,27.3,88.0,1200.0,0.6,91.0,4.5,0.7324,0.6084,2,HIGH
DEF-14112,Sepoy,1,Counter-Insurgency,91,12.9,12.0,0.9,1,0.0,0.471,-0.234,0.626,0.966,0.772,0.296,,0.135,,77.0,10218.0,,130.0,3.8,0.8147,0.7421,2,HIGH
DEF-14113,Sepoy,1,Peace Station,54,18.9,19.0,0.15,3,0.0,0.551,-0.156,0.611,0.375,,,6.2,0.167,,72.0,8832.0,,,,0.3953,0.4602,1,MEDIUM
DEF-14114,Naik,1,Peace Station,87,0.0,12.0,0.15,1,0.0,0.367,,0.194,0.32,0.327,0.286,6.5,0.176,58.8,71.0,8618.0,,28.0,1.4,0.2861,0.3908,0,LOW
DEF-14115,Sepoy,1,Field Outpost,37,23.7,15.0,0.45,1,2.0,0.259,-0.284,0.67,0.48,0.76,0.49,7.6,0.242,44.3,72.0,4364.0,,90.0,3.5,0.4729,0.3577,1,MEDIUM
DEF-14116,Subedar,3,Peace Station,41,0.0,13.0,0.15,4,0.0,0.361,0.205,0.62,0.347,0.293,0.0,7.9,0.229,61.5,67.0,13126.0,0.89,43.0,,0.2315,0.3485,0,LOW
DEF-14117,Sepoy,1,Field Outpost,63,9.9,16.0,0.45,3,0.0,0.203,-0.097,,0.42,0.524,,,0.347,43.4,,8076.0,,58.0,4.0,0.1206,0.216,0,LOW
DEF-14118,Sepoy,1,Peace Station,56,25.8,11.0,0.15,3,1.0,0.502,0.337,0.338,0.535,0.413,0.319,7.1,0.266,,66.0,2649.0,,37.0,3.4,0.0552,0.0627,0,LOW
DEF-14119,Havildar,2,High Altitude (Siachen/Ladakh),42,0.0,12.0,0.85,2,0.0,0.402,-0.11,,0.501,0.377,0.025,,0.227,38.5,68.0,6166.0,0.76,60.0,4.3,0.1625,0.1805,0,LOW
DEF-14120,Sepoy,1,Field Outpost,30,13.3,15.0,0.45,2,2.0,0.725,-0.584,0.678,0.869,0.556,0.371,6.0,0.158,32.6,,8535.0,0.74,,2.4,0.806,0.6724,2,HIGH
DEF-14121,Naik,1,Peace Station,38,11.7,15.0,0.15,2,0.0,0.274,-0.171,0.45,0.382,0.569,0.246,7.1,0.275,47.2,,8998.0,,69.0,3.0,0.2327,0.1741,0,LOW
DEF-14122,Naik,1,Field Outpost,144,13.8,12.0,0.45,1,1.0,,-0.241,,0.415,0.428,,6.2,0.237,51.9,70.0,6708.0,,69.0,,0.3195,0.3544,0,LOW
DEF-14123,Subedar,3,Field Outpost,42,17.0,16.0,0.45,3,1.0,0.567,,0.646,0.46,0.593,0.639,6.2,0.158,45.3,71.0,9879.0,0.67,66.0,2.8,0.4108,0.3186,1,MEDIUM
DEF-14124,Havildar,2,Peace Station,13,14.1,16.0,0.15,2,1.0,,0.345,,0.472,0.319,0.204,6.7,0.262,68.1,66.0,,0.66,61.0,3.0,0.1925,0.1281,0,LOW
DEF-14125,Naik,1,Peace Station,65,2.6,8.0,0.15,4,0.0,,-0.074,,0.41,0.259,0.044,7.4,0.26,69.0,71.0,9270.0,0.67,33.0,,0.04,0.0266,0,LOW
DEF-14126,Naik,1,Peace Station,42,14.8,16.0,0.15,2,0.0,0.098,0.024,,0.664,0.566,,8.2,0.21,61.6,72.0,9302.0,,59.0,,0.2603,0.2838,0,LOW
DEF-14127,Major,4,Field Outpost,53,13.8,7.0,0.45,1,0.0,0.178,0.009,0.674,0.563,0.456,0.464,,0.226,45.9,69.0,,,,3.2,0.2575,0.2888,0,LOW
DEF-14128,Sepoy,1,Peace Station,103,13.5,11.0,0.15,2,0.0,,-0.262,,,0.573,,7.8,0.229,44.9,74.0,11314.0,,78.0,3.4,0.2251,0.249,0,LOW
DEF-14129,Sepoy,1,Field Outpost,55,31.7,8.0,0.45,1,0.0,0.399,-0.089,,,0.9,0.477,6.6,0.214,,76.0,12095.0,,54.0,2.9,0.2322,0.1621,0,LOW
DEF-14130,Sepoy,1,High Altitude (Siachen/Ladakh),52,25.4,7.0,0.85,3,0.0,,-0.192,0.429,0.347,0.401,0.491,,,43.6,81.0,8765.0,0.71,67.0,3.3,0.408,0.3614,1,MEDIUM
DEF-14131,Sepoy,1,Counter-Insurgency,44,29.5,13.0,0.9,2,0.0,0.551,-0.419,,0.604,,0.737,6.4,0.176,,83.0,8567.0,0.51,98.0,4.8,0.958,0.8075,2,HIGH
DEF-14132,Naik,1,Field Outpost,54,16.9,7.0,0.45,1,0.0,0.06,0.358,0.56,0.456,0.748,0.436,6.6,0.244,40.6,72.0,,0.92,,3.6,0.1975,0.1181,0,LOW
DEF-14133,Naik,1,High Altitude (Siachen/Ladakh),79,29.2,15.0,0.85,4,,0.255,0.02,0.371,0.629,0.386,0.354,7.5,0.264,55.6,61.0,9981.0,0.7,54.0,4.5,0.0621,0.2215,0,LOW
DEF-14134,Naik,1,Field Outpost,18,6.7,10.0,0.45,4,0.0,0.632,-0.38,0.623,,0.476,0.375,5.8,0.219,47.6,69.0,,0.73,69.0,,0.3473,0.304,0,LOW
DEF-14135,Sepoy,1,Counter-Insurgency,27,10.9,18.0,0.9,4,0.0,0.429,-0.354,0.571,0.667,0.601,0.551,6.3,0.144,,83.0,10509.0,0.65,81.0,5.2,0.5874,0.4677,1,MEDIUM
DEF-14136,Havildar,2,Peace Station,80,9.1,3.0,0.15,1,,0.245,0.774,,0.546,0.303,0.0,7.3,0.297,54.7,65.0,14095.0,0.79,32.0,3.5,0.0351,0.0982,0,LOW
DEF-14137,Sepoy,1,Peace Station,65,9.8,8.0,0.15,3,1.0,0.126,-0.134,0.738,0.612,0.706,,,0.136,48.9,,8157.0,,74.0,3.6,0.3573,0.3526,1,MEDIUM
DEF-14138,Naik,1,Peace Station,45,14.4,12.0,0.15,4,1.0,0.625,-0.869,0.482,0.687,0.496,0.321,6.1,0.23,54.3,65.0,7656.0,0.69,,,0.2082,0.1454,0,LOW
DEF-14139,Naik,1,Field Outpost,82,15.7,10.0,0.45,2,0.0,0.478,-0.146,0.402,0.404,0.633,0.119,7.1,0.247,55.9,74.0,12584.0,0.84,,2.6,0.1597,0.1425,0,LOW
DEF-14140,Sepoy,1,Peace Station,50,17.7,10.0,0.15,1,1.0,0.49,0.076,0.499,0.337,0.166,,8.0,0.294,64.3,58.0,7521.0,0.93,39.0,2.3,0.2879,0.3522,0,LOW
DEF-14141,Sepoy,1,Peace Station,102,28.8,20.0,0.15,3,0.0,0.097,-0.262,,0.508,0.358,0.23,7.1,,,76.0,5428.0,0.55,126.0,3.1,0.1628,0.3119,0,LOW
DEF-14142,Sepoy,1,Field Outpost,44,1.0,10.0,0.45,3,2.0,0.623,,1.0,0.477,0.653,,6.1,0.24,,73.0,8426.0,0.76,61.0,3.8,0.698,0.6123,1,MEDIUM
DEF-14143,Havildar,2,Counter-Insurgency,36,3.8,7.0,0.9,3,,0.144,,0.874,0.577,0.229,,6.8,0.283,61.7,76.0,11716.0,0.64,65.0,3.2,0.2096,0.3118,0,LOW
DEF-14144,Subedar,3,Counter-Insurgency,215,0.0,13.0,0.9,1,0.0,0.118,-0.042,0.187,0.216,0.343,,6.9,0.267,47.9,,,0.94,38.0,3.6,0.0949,0.1791,0,LOW
DEF-14145,Naik,1,High Altitude (Siachen/Ladakh),91,6.8,12.0,0.85,1,0.0,0.109,0.273,0.441,,0.038,0.057,7.5,0.333,51.8,,9829.0,0.91,,2.5,0.0953,0.1047,0,LOW
DEF-14146,Sepoy,1,Field Outpost,39,10.2,11.0,0.45,2,0.0,0.402,-0.113,0.306,0.64,0.498,0.319,7.2,0.314,,69.0,9579.0,,77.0,3.8,0.1027,0.0701,0,LOW
DEF-14147,Sepoy,1,Counter-Insurgency,50,8.1,,0.9,2,0.0,0.741,-0.092,0.348,0.318,,0.299,5.7,0.23,54.4,71.0,,0.82,61.0,3.3,0.1058,0.1689,0,LOW
DEF-14148,Havildar,2,Counter-Insurgency,44,4.3,8.0,0.9,2,0.0,0.562,0.396,0.453,,0.305,0.15,,0.274,73.7,,,0.87,43.0,2.5,0.1258,0.1087,0,LOW
DEF-14149,Havildar,2,Counter-Insurgency,21,14.8,6.0,0.9,1,0.0,0.084,0.079,0.716,1.0,0.582,0.647,,0.167,39.4,74.0,,0.78,81.0,4.8,0.7633,0.6069,2,HIGH
DEF-14150,Sepoy,1,Field Outpost,52,10.7,13.0,0.45,1,0.0,0.546,-0.002,0.503,0.399,0.827,0.352,6.4,0.2,,77.0,10457.0,0.7,79.0,,0.2073,0.285,0,LOW
DEF-14151,Sepoy,1,Peace Station,69,6.5,10.0,0.15,1,0.0,0.417,-0.171,,,0.418,0.2,7.7,0.232,,74.0,11449.0,0.7,73.0,3.5,0.0341,0.027,0,LOW
DEF-14152,Havildar,2,Peace Station,129,15.3,17.0,0.15,1,0.0,,0.378,0.51,0.618,0.346,0.359,6.8,,54.5,,,0.74,47.0,3.2,0.1163,0.2674,0,LOW
DEF-14153,Sepoy,1,Counter-Insurgency,59,9.1,7.0,0.9,2,0.0,0.5,-0.04,0.353,0.501,0.307,0.414,,0.223,40.2,71.0,11356.0,0.75,76.0,4.1,0.7206,0.6266,2,HIGH
DEF-14154,Sepoy,1,Peace Station,47,23.8,14.0,0.15,1,0.0,0.535,-0.082,0.572,0.374,0.825,0.426,6.0,,45.4,74.0,9581.0,,71.0,3.5,0.7165,0.6245,1,MEDIUM
DEF-14155,Sepoy,1,Peace Station,138,12.6,13.0,0.15,2,0.0,0.279,-0.131,0.614,0.691,0.465,,7.3,,,69.0,8764.0,0.73,61.0,2.7,0.1019,0.1772,0,LOW
DEF-14156,Naik,1,Field Outpost,122,11.0,15.0,0.45,3,0.0,,-0.093,0.37,0.626,0.486,0.149,6.7,0.278,50.1,76.0,4474.0,,50.0,,0.162,0.3689,0,LOW
DEF-14157,Subedar,3,Peace Station,68,,11.0,0.15,1,0.0,0.328,0.406,0.771,0.507,,0.268,6.8,0.207,48.1,,,0.77,156.0,3.4,0.2816,0.2629,0,LOW
DEF-14158,Major,4,Counter-Insurgency,65,0.0,9.0,0.9,4,0.0,0.635,-0.55,0.481,0.409,0.556,0.416,6.2,0.263,59.3,,6819.0,,,2.8,0.2252,0.2572,0,LOW
DEF-14159,Naik,1,Peace Station,78,24.3,19.0,0.15,3,0.0,0.172,0.292,,0.883,0.737,0.444,,0.255,38.4,85.0,13731.0,0.64,122.0,4.2,0.4167,0.5301,1,MEDIUM
DEF-14160,Naik,1,Peace Station,43,,9.0,0.15,2,0.0,0.874,0.22,,0.4,0.42,0.323,,0.205,38.7,81.0,9167.0,0.66,84.0,,0.4613,0.3356,1,MEDIUM
DEF-14161,Sepoy,1,Counter-Insurgency,63,7.3,,0.9,4,0.0,0.337,0.279,0.555,0.557,0.672,0.129,,0.251,,71.0,6220.0,0.73,65.0,3.0,0.8761,0.693,2,HIGH
DEF-14162,Naik,1,Peace Station,42,4.4,8.0,0.15,1,2.0,0.505,0.17,0.385,0.171,0.472,0.294,7.6,0.228,63.4,67.0,10006.0,0.62,39.0,3.0,0.1825,0.2689,0,LOW
DEF-14163,Sepoy,1,Counter-Insurgency,124,5.4,11.0,0.9,2,0.0,,-0.203,0.496,0.34,0.623,0.162,,0.188,45.4,,,0.66,65.0,,0.283,0.2851,0,LOW
DEF-14164,Naik,1,Field Outpost,37,2.0,13.0,0.45,1,0.0,0.552,,0.636,0.636,0.487,0.149,5.7,0.112,50.0,68.0,11406.0,,,,0.2766,0.2348,0,LOW
DEF-14165,Sepoy,1,High Altitude (Siachen/Ladakh),71,0.0,12.0,0.85,2,1.0,0.434,-0.215,0.502,0.547,0.458,0.0,7.2,0.245,51.5,59.0,,0.85,62.0,2.2,0.0897,0.1187,0,LOW
DEF-14166,Sepoy,1,Peace Station,73,1.7,15.0,0.15,2,1.0,0.624,0.019,0.331,0.622,0.49,0.083,6.7,0.184,,,8727.0,,32.0,2.3,0.1003,0.1596,0,LOW
DEF-14167,Sepoy,1,Field Outpost,130,0.0,10.0,0.45,2,2.0,0.192,,,,0.294,0.055,6.9,,,65.0,8517.0,0.78,56.0,3.5,0.3809,0.4378,1,MEDIUM
DEF-14168,Sepoy,1,Peace Station,47,,10.0,0.15,1,0.0,0.174,0.089,0.373,0.409,0.545,0.155,,0.293,57.7,,8485.0,0.85,142.0,2.9,0.1911,0.1868,0,LOW
DEF-14169,Sepoy,1,Counter-Insurgency,41,,10.0,0.9,1,0.0,,-0.639,0.647,,0.73,0.61,6.5,0.206,,74.0,10514.0,0.61,102.0,3.9,0.3953,0.3808,1,MEDIUM
DEF-14170,Sepoy,1,Peace Station,88,24.9,17.0,0.15,2,1.0,0.275,-0.316,0.401,,0.361,0.45,7.2,0.273,,73.0,5965.0,0.62,,3.2,0.2355,0.2981,0,LOW
DEF-14171,Colonel,4,Peace Station,82,22.4,13.0,0.15,1,0.0,0.058,-0.209,0.169,0.279,0.579,0.169,,0.27,63.6,72.0,8695.0,0.8,43.0,2.3,0.3743,0.3762,1,MEDIUM
DEF-14172,Sepoy,1,Counter-Insurgency,168,,12.0,0.9,3,0.0,0.342,-0.084,0.762,,0.594,0.306,5.4,,54.5,73.0,6466.0,0.93,61.0,2.8,0.4387,0.5308,1,MEDIUM
DEF-14173,Naik,1,Field Outpost,69,11.9,13.0,0.45,2,0.0,0.458,,0.48,0.373,0.441,0.555,5.7,,59.2,67.0,8069.0,0.68,60.0,3.3,0.2378,0.3943,0,LOW
DEF-14174,Subedar,3,Field Outpost,123,23.4,7.0,0.45,1,0.0,0.488,0.158,0.784,0.845,,0.304,6.2,0.221,50.3,,12838.0,,88.0,3.2,0.4922,0.5575,1,MEDIUM
DEF-14175,Colonel,4,High Altitude (Siachen/Ladakh),115,10.2,11.0,0.85,1,0.0,,-0.271,0.488,,0.602,0.196,6.8,,58.4,74.0,6200.0,0.78,63.0,2.5,0.5062,0.4959,1,MEDIUM
DEF-14176,Naik,1,Peace Station,41,15.4,,0.15,1,0.0,0.227,-0.156,0.367,0.811,0.53,0.306,6.2,,53.7,82.0,12359.0,,67.0,2.9,0.2926,0.3343,0,LOW
DEF-14177,Havildar,2,Peace Station,23,8.8,12.0,0.15,2,3.0,0.343,-0.171,0.538,,0.436,0.114,7.4,0.176,59.1,,8108.0,,48.0,2.0,0.2997,0.2773,0,LOW
DEF-14178,Sepoy,1,Counter-Insurgency,53,14.3,13.0,0.9,4,0.0,0.713,,0.997,0.651,0.541,0.353,,0.201,26.0,80.0,7157.0,0.45,,3.7,0.8824,0.7141,2,HIGH
DEF-14179,Sepoy,1,Peace Station,100,14.7,6.0,0.15,1,0.0,0.747,0.152,,0.464,0.265,0.11,7.7,,50.1,76.0,8198.0,,65.0,2.5,0.1597,0.1953,0,LOW
DEF-14180,Sepoy,1,Field Outpost,131,11.0,13.0,0.45,3,0.0,0.273,0.429,0.491,0.622,0.996,0.332,,0.227,39.0,72.0,13405.0,,,4.4,0.477,0.5375,1,MEDIUM
DEF-14181,Naik,1,High Altitude (Siachen/Ladakh),6,,20.0,0.85,3,1.0,0.05,,0.645,0.741,0.64,0.421,6.0,0.279,45.3,66.0,10016.0,0.7,62.0,,0.6286,0.4852,1,MEDIUM
DEF-14182,Naik,1,Peace Station,37,6.7,8.0,0.15,1,0.0,0.532,-0.219,,,0.276,0.081,6.9,,53.3,65.0,5653.0,0.88,37.0,1.4,0.2625,0.1782,0,LOW
DEF-14183,Sepoy,1,High Altitude (Siachen/Ladakh),78,15.0,12.0,0.85,4,0.0,0.197,,0.502,,0.503,,5.8,0.211,45.7,74.0,,,89.0,4.7,0.5277,0.5862,1,MEDIUM
DEF-14184,Sepoy,1,Field Outpost,90,29.2,8.0,0.45,2,0.0,0.535,,0.359,0.202,0.624,0.159,5.0,0.224,,68.0,8084.0,,45.0,3.2,0.5818,0.5125,1,MEDIUM
DEF-14185,Naik,1,Counter-Insurgency,34,16.6,13.0,0.9,4,0.0,0.461,,0.582,0.812,0.659,,6.0,0.213,49.7,75.0,9151.0,,152.0,,0.661,0.5168,1,MEDIUM
DEF-14186,Sepoy,1,Peace Station,42,7.2,8.0,0.15,2,0.0,0.247,0.138,0.615,,0.19,,6.8,0.251,,65.0,,0.83,42.0,2.8,0.1107,0.192,0,LOW
DEF-14187,Naik,1,Peace Station,20,17.0,9.0,0.15,1,0.0,0.248,0.07,0.522,0.613,0.313,0.279,5.9,,43.8,77.0,4752.0,0.64,89.0,3.3,0.2637,0.1596,0,LOW
DEF-14188,Naik,1,High Altitude (Siachen/Ladakh),146,34.7,11.0,0.85,4,2.0,0.535,,0.607,,1.0,0.655,5.0,0.151,44.3,,8817.0,0.77,80.0,4.4,0.7683,0.6925,2,HIGH
DEF-14189,Havildar,2,Peace Station,72,14.3,16.0,0.15,1,0.0,0.513,-0.03,0.203,0.519,0.448,0.179,7.1,0.212,58.5,70.0,7628.0,,49.0,2.0,0.1046,0.1843,0,LOW
DEF-14190,Havildar,2,Field Outpost,42,20.7,12.0,0.45,3,0.0,0.343,0.158,0.621,0.638,0.76,0.574,5.3,0.157,33.9,74.0,7640.0,0.77,95.0,4.3,0.922,0.679,2,HIGH
DEF-14191,Subedar,3,High Altitude (Siachen/Ladakh),118,14.0,11.0,0.85,1,0.0,,-0.273,0.677,0.798,,0.485,,,30.1,77.0,8643.0,0.61,88.0,2.9,0.5887,0.6361,1,MEDIUM
DEF-14192,Naik,1,Field Outpost,72,16.3,12.0,0.45,2,0.0,0.654,,0.214,0.565,0.453,0.088,8.0,0.331,47.5,66.0,6689.0,0.84,,4.4,0.1605,0.2018,0,LOW
DEF-14193,Havildar,2,Field Outpost,129,13.3,9.0,0.45,2,0.0,0.461,0.169,0.218,,0.37,0.192,8.6,0.242,75.3,60.0,,0.76,24.0,2.8,0.1415,0.228,0,LOW
DEF-14194,Naik,1,Peace Station,139,5.3,9.0,0.15,4,0.0,0.457,-0.145,0.922,0.451,0.769,0.309,,0.203,43.5,77.0,13340.0,0.8,,3.5,0.3936,0.5092,1,MEDIUM
DEF-14195,Sepoy,1,High Altitude (Siachen/Ladakh),34,17.2,9.0,0.85,1,0.0,0.518,-0.311,1.0,0.463,0.762,0.418,,,,67.0,11653.0,,60.0,3.2,0.6907,0.522,1,MEDIUM
DEF-14196,Sepoy,1,Peace Station,122,3.6,13.0,0.15,2,1.0,0.159,,0.54,0.601,,0.194,,0.214,,,11551.0,0.67,89.0,,0.1848,0.379,0,LOW
DEF-14197,Sepoy,1,Counter-Insurgency,120,11.3,17.0,0.9,2,0.0,0.583,-0.684,,,0.66,0.465,5.5,0.1,44.3,75.0,9751.0,,96.0,,0.6675,0.6701,1,MEDIUM
DEF-14198,Sepoy,1,Peace Station,82,30.2,7.0,0.15,4,0.0,0.714,-0.034,0.704,0.742,0.543,0.486,5.5,0.22,59.7,73.0,,,90.0,2.9,0.4818,0.3264,1,MEDIUM
DEF-14199,Naik,1,High Altitude (Siachen/Ladakh),86,,15.0,0.85,1,0.0,0.369,-0.178,0.683,0.928,,0.265,4.9,0.171,43.9,,7837.0,0.62,,3.6,0.6379,0.5963,1,MEDIUM
DEF-14200,Havildar,2,Field Outpost,69,6.2,14.0,0.45,1,0.0,,-0.279,0.267,0.322,,0.099,6.7,0.257,61.6,,9875.0,0.72,58.0,3.1,0.0898,0.2307,0,LOW
DEF-14201,Sepoy,1,Peace Station,29,16.0,17.0,0.15,2,0.0,0.104,-0.062,,0.467,0.434,0.294,6.8,0.269,,70.0,,0.61,138.0,3.9,0.3135,0.3685,0,LOW
DEF-14202,Sepoy,1,Field Outpost,28,9.3,16.0,0.45,1,0.0,0.553,,0.653,0.449,0.482,0.39,6.6,0.248,,71.0,5482.0,,42.0,1.5,0.2579,0.2231,0,LOW
DEF-14203,Major,4,Peace Station,150,14.9,,0.15,3,0.0,0.341,-0.012,0.958,0.992,0.561,0.386,6.5,0.218,46.3,,9073.0,0.55,67.0,3.7,0.7708,0.744,2,HIGH
DEF-14204,Sepoy,1,Peace Station,72,4.0,14.0,0.15,1,0.0,0.345,-0.165,0.514,0.698,0.297,0.209,6.4,0.149,,62.0,6218.0,,100.0,3.2,0.2423,0.359,0,LOW
DEF-14205,Naik,1,Peace Station,55,20.6,12.0,0.15,3,0.0,0.19,-0.026,0.457,0.811,0.432,,6.2,,39.8,83.0,8635.0,0.55,70.0,3.3,0.0914,0.1612,0,LOW
DEF-14206,Naik,1,Counter-Insurgency,89,15.1,13.0,0.9,2,0.0,0.258,,0.855,,0.628,0.551,6.3,0.18,60.9,67.0,,,74.0,,0.8136,0.7147,2,HIGH
DEF-14207,Naik,1,Peace Station,41,5.5,9.0,0.15,1,0.0,,0.183,,,0.249,0.057,8.2,0.247,63.2,64.0,7566.0,0.89,60.0,2.2,0.0878,0.0848,0,LOW
DEF-14208,Sepoy,1,Counter-Insurgency,49,17.1,8.0,0.9,2,0.0,0.637,0.264,,0.745,0.476,,7.1,0.183,,76.0,,,64.0,,0.1723,0.1627,0,LOW
DEF-14209,Sepoy,1,Peace Station,65,30.4,14.0,0.15,3,0.0,0.092,-0.668,,,0.97,0.569,,0.15,,80.0,7428.0,,,4.1,0.7226,0.6751,2,HIGH
DEF-14210,Sepoy,1,High Altitude (Siachen/Ladakh),45,7.2,14.0,0.85,2,0.0,0.397,0.287,0.275,0.337,0.224,0.287,,0.207,,,11191.0,0.79,69.0,2.7,0.2298,0.3345,0,LOW
DEF-14211,Naik,1,Counter-Insurgency,84,20.4,14.0,0.9,1,2.0,0.613,-0.259,0.464,0.423,0.443,0.526,6.6,0.26,46.2,70.0,11021.0,0.84,,3.0,0.5421,0.5005,1,MEDIUM
DEF-14212,Naik,1,Counter-Insurgency,59,17.6,19.0,0.9,1,0.0,0.415,,0.396,0.678,0.384,,7.0,,53.7,69.0,9394.0,0.7,75.0,3.4,0.3506,0.382,1,MEDIUM
DEF-14213,Sepoy,1,Peace Station,84,17.4,13.0,0.15,3,4.0,0.493,-0.41,0.534,,0.512,,6.7,0.29,,62.0,4087.0,0.59,43.0,2.7,0.2677,0.3027,0,LOW
DEF-14214,Naik,1,High Altitude (Siachen/Ladakh),88,21.7,17.0,0.85,1,0.0,0.476,-0.078,1.0,0.612,1.0,0.603,4.6,,33.8,72.0,12273.0,0.48,80.0,4.0,0.956,0.8459,2,HIGH
DEF-14215,Havildar,2,Peace Station,117,11.6,10.0,0.15,4,0.0,0.468,-0.425,0.407,0.396,0.729,0.335,,0.215,55.0,,6944.0,,119.0,3.7,0.2099,0.2809,0,LOW
DEF-14216,Sepoy,1,Field Outpost,53,15.3,10.0,0.45,2,0.0,0.508,-0.117,0.745,0.452,0.251,0.329,,0.197,,71.0,11840.0,0.99,46.0,3.3,0.1618,0.1218,0,LOW
DEF-14217,Naik,1,High Altitude (Siachen/Ladakh),33,14.8,18.0,0.85,2,0.0,0.413,0.177,0.621,0.709,0.436,0.301,,0.205,49.4,73.0,,0.58,,2.8,0.3201,0.3427,0,LOW
DEF-14218,Naik,1,Peace Station,206,6.7,7.0,0.15,2,0.0,0.454,0.337,0.797,0.431,0.387,0.0,8.1,0.296,48.9,65.0,8577.0,,25.0,1.8,0.3947,0.3921,1,MEDIUM
DEF-14219,Sepoy,1,Peace Station,129,17.9,12.0,0.15,2,0.0,0.239,,0.732,1.0,0.699,,6.8,,39.3,,7765.0,,75.0,4.7,0.3744,0.4015,1,MEDIUM
DEF-14220,Sepoy,1,Peace Station,19,10.9,,0.15,4,0.0,0.473,0.226,0.551,0.276,0.662,0.159,7.2,,54.1,70.0,5523.0,,63.0,3.4,0.0534,0.0217,0,LOW
DEF-14221,Naik,1,Peace Station,223,29.6,7.0,0.15,2,0.0,0.084,-0.164,,0.76,,,6.0,0.169,56.2,74.0,4375.0,0.66,102.0,3.9,0.7395,0.728,2,HIGH
DEF-14222,Subedar,3,Peace Station,44,9.7,16.0,0.15,1,0.0,0.481,0.358,0.742,0.474,0.397,0.376,6.5,0.185,39.7,72.0,6417.0,,65.0,3.1,0.3635,0.4003,1,MEDIUM
DEF-14223,Havildar,2,Counter-Insurgency,59,2.8,14.0,0.9,2,0.0,0.461,,,0.368,0.264,0.022,7.8,0.312,70.7,58.0,9044.0,,,2.2,0.0775,0.0665,0,LOW
DEF-14224,Naik,1,Peace Station,30,23.5,12.0,0.15,2,0.0,0.194,-0.062,0.333,,0.377,0.482,6.0,0.289,49.6,69.0,6601.0,0.94,64.0,3.5,0.1662,0.2151,0,LOW
DEF-14225,Havildar,2,High Altitude (Siachen/Ladakh),68,7.7,13.0,0.85,3,0.0,0.05,-0.177,0.933,,0.701,0.358,6.2,0.23,51.1,,,0.89,69.0,3.2,0.3772,0.3448,1,MEDIUM
DEF-14226,Sepoy,1,High Altitude (Siachen/Ladakh),45,3.7,,0.85,4,2.0,,-0.114,0.49,0.478,,0.131,5.9,0.193,46.4,73.0,5059.0,0.76,111.0,,0.3599,0.268,0,LOW
DEF-14227,Naik,1,Field Outpost,30,17.3,16.0,0.45,2,0.0,0.353,-0.231,0.489,0.629,0.561,0.375,,0.192,35.2,80.0,12540.0,0.51,84.0,4.3,0.4694,0.5054,1,MEDIUM
DEF-14228,Naik,1,High Altitude (Siachen/Ladakh),26,25.3,12.0,0.85,1,0.0,0.205,0.158,0.435,0.439,0.431,0.568,,0.221,62.8,,8350.0,,59.0,,0.5448,0.4663,1,MEDIUM
DEF-14229,Sepoy,1,High Altitude (Siachen/Ladakh),39,20.3,15.0,0.85,2,0.0,0.337,-0.497,0.468,0.638,0.702,0.365,,0.241,,69.0,,0.77,70.0,3.1,0.4528,0.3747,1,MEDIUM
DEF-14230,Havildar,2,Field Outpost,94,9.1,10.0,0.45,4,0.0,0.536,-0.494,0.296,0.524,0.386,0.223,,0.288,62.5,70.0,,,70.0,2.2,0.2928,0.3644,0,LOW
DEF-14231,Naik,1,Field Outpost,85,15.1,,0.45,4,0.0,0.22,,0.257,,0.683,0.266,6.7,,49.2,,11338.0,0.9,55.0,3.3,0.3464,0.4346,1,MEDIUM
DEF-14232,Sepoy,1,Counter-Insurgency,34,11.6,,0.9,4,2.0,0.35,-0.467,0.837,0.684,,0.602,6.0,0.142,60.3,74.0,,0.56,71.0,3.7,0.5584,0.5202,1,MEDIUM
DEF-14233,Subedar,3,Counter-Insurgency,51,28.1,12.0,0.9,1,1.0,0.354,-0.295,0.968,0.587,0.631,0.438,5.1,0.235,46.9,78.0,,0.58,76.0,3.4,0.895,0.7477,2,HIGH
DEF-14234,Sepoy,1,High Altitude (Siachen/Ladakh),106,10.3,14.0,0.85,2,0.0,0.376,0.071,0.692,,0.797,0.543,6.6,0.265,,77.0,3376.0,0.8,93.0,3.5,0.6541,0.6661,1,MEDIUM
DEF-14235,Sepoy,1,Peace Station,52,14.8,15.0,0.15,1,1.0,0.665,-0.27,,0.599,0.426,,5.4,0.167,49.5,83.0,10377.0,,79.0,3.4,0.3609,0.4076,1,MEDIUM
DEF-14236,Sepoy,1,Field Outpost,131,15.4,21.0,0.45,1,0.0,0.286,-0.038,0.347,0.778,0.488,0.401,6.2,,,77.0,11502.0,0.58,58.0,3.8,0.1711,0.3969,0,LOW
DEF-14237,Havildar,2,Field Outpost,193,4.1,10.0,0.45,1,0.0,0.505,,0.291,0.433,0.594,0.144,5.5,,47.3,,10547.0,0.5,83.0,4.2,0.0609,0.2707,0,LOW
DEF-14238,Havildar,2,High Altitude (Siachen/Ladakh),39,12.4,4.0,0.85,1,0.0,0.22,0.322,0.464,0.232,,,7.0,0.296,45.2,62.0,10018.0,0.91,34.0,3.3,0.1316,0.136,0,LOW
DEF-14239,Sepoy,1,High Altitude (Siachen/Ladakh),42,12.5,6.0,0.85,1,0.0,,,0.294,0.291,0.423,0.138,,0.252,48.2,68.0,10166.0,,64.0,2.6,0.2754,0.2886,0,LOW
DEF-14240,Naik,1,Field Outpost,142,25.7,17.0,0.45,1,0.0,0.576,,0.541,0.5,0.751,0.481,6.8,0.165,54.6,78.0,8415.0,0.7,84.0,,0.6063,0.6785,1,MEDIUM
DEF-14241,Sepoy,1,High Altitude (Siachen/Ladakh),52,15.7,13.0,0.85,1,0.0,0.237,-0.228,0.945,0.633,0.406,0.403,5.6,0.268,46.9,,4459.0,,71.0,3.0,0.4734,0.4113,1,MEDIUM
DEF-14242,Havildar,2,Peace Station,110,10.8,17.0,0.15,1,0.0,0.122,-0.317,0.621,0.458,0.482,0.43,7.9,0.108,46.3,69.0,11116.0,0.65,60.0,3.1,0.1863,0.4174,0,LOW
DEF-14243,Naik,1,High Altitude (Siachen/Ladakh),71,12.8,10.0,0.85,3,0.0,0.187,0.17,0.518,0.649,0.634,0.181,5.4,0.309,30.7,76.0,12192.0,0.56,121.0,3.8,0.4917,0.387,1,MEDIUM
DEF-14244,Sepoy,1,Peace Station,56,13.4,10.0,0.15,1,0.0,0.298,0.389,0.06,0.31,0.524,0.116,8.3,0.246,63.8,58.0,14435.0,,32.0,2.1,0.1172,0.186,0,LOW
DEF-14245,Major,4,High Altitude (Siachen/Ladakh),91,13.7,9.0,0.85,3,0.0,0.496,,0.534,0.615,0.504,0.301,,0.234,40.5,74.0,6273.0,0.5,,3.5,0.2847,0.1903,0,LOW
DEF-14246,Sepoy,1,Peace Station,143,21.9,9.0,0.15,1,0.0,0.176,0.557,0.542,0.842,0.52,0.394,,0.287,69.4,70.0,10523.0,0.94,53.0,2.5,0.6386,0.5987,1,MEDIUM
DEF-14247,Sepoy,1,Peace Station,120,22.3,11.0,0.15,3,2.0,0.104,,0.497,0.59,,0.507,7.4,0.15,,,9162.0,0.7,71.0,2.9,0.2167,0.2563,0,LOW
DEF-14248,Naik,1,Peace Station,61,5.6,16.0,0.15,1,0.0,0.394,,0.629,0.177,0.196,0.013,6.6,,53.8,68.0,9140.0,,58.0,2.1,0.1326,0.1679,0,LOW
DEF-14249,Major,4,Counter-Insurgency,72,23.1,9.0,0.9,1,0.0,0.484,-0.515,0.723,0.488,0.416,0.387,5.6,0.242,55.4,73.0,10617.0,0.62,68.0,2.4,0.6481,0.5722,1,MEDIUM
DEF-14250,Sepoy,1,Field Outpost,111,20.4,14.0,0.45,2,1.0,0.221,0.122,,0.438,0.461,,,,55.1,67.0,13345.0,0.72,106.0,2.3,0.2267,0.376,0,LOW
DEF-14251,Sepoy,1,Field Outpost,75,13.6,11.0,0.45,4,0.0,0.328,-0.238,0.317,0.573,0.502,0.205,5.6,0.185,,72.0,5923.0,0.64,33.0,2.9,0.1757,0.2225,0,LOW
DEF-14252,Sepoy,1,High Altitude (Siachen/Ladakh),155,1.5,9.0,0.85,1,1.0,0.624,,0.19,0.507,0.111,0.22,6.1,,52.6,65.0,10532.0,,36.0,2.2,0.0879,0.1704,0,LOW
DEF-14253,Naik,1,Field Outpost,12,15.8,10.0,0.45,1,0.0,,-0.258,0.627,,0.496,0.428,6.6,0.13,51.5,66.0,9817.0,,,2.9,0.7744,0.6343,2,HIGH
DEF-14254,Sepoy,1,Field Outpost,41,11.0,12.0,0.45,4,0.0,0.399,-0.412,0.487,0.618,0.6,0.439,4.6,0.173,,,8496.0,0.66,71.0,2.6,0.5847,0.5483,1,MEDIUM
DEF-14255,Naik,1,Field Outpost,87,18.7,9.0,0.45,1,0.0,,-0.076,0.543,0.673,0.774,0.484,5.5,0.196,41.3,77.0,7628.0,0.79,101.0,,0.7362,0.5849,1,MEDIUM
DEF-14256,Colonel,4,Peace Station,48,19.5,,0.15,1,0.0,0.287,-0.221,1.0,0.556,0.456,,7.5,,35.6,69.0,7480.0,,57.0,4.1,0.2949,0.2369,0,LOW
DEF-14257,Naik,1,Peace Station,146,,14.0,0.15,4,0.0,,-0.197,0.59,0.784,0.394,0.397,5.9,,50.3,,,0.73,78.0,,0.2479,0.2981,0,LOW
DEF-14258,Sepoy,1,Peace Station,42,5.0,6.0,0.15,3,0.0,0.209,0.193,0.7,0.146,0.307,0.073,,0.238,53.2,,8202.0,,61.0,3.0,0.1429,0.132,0,LOW
DEF-14259,Sepoy,1,High Altitude (Siachen/Ladakh),68,32.2,15.0,0.85,1,0.0,0.439,-0.482,0.704,0.732,0.64,0.657,,,53.6,,,0.54,120.0,3.9,0.98,0.7301,2,HIGH
DEF-14260,Sepoy,1,Peace Station,39,21.6,11.0,0.15,4,0.0,0.193,0.259,0.652,0.253,0.222,0.362,7.5,0.246,,70.0,6896.0,0.78,80.0,1.8,0.3489,0.332,0,LOW
DEF-14261,Subedar,3,Field Outpost,60,20.1,12.0,0.45,2,0.0,0.449,-0.004,0.661,0.693,0.749,0.658,6.6,0.187,44.1,86.0,12087.0,,,4.3,0.6296,0.5273,1,MEDIUM
DEF-14262,Sepoy,1,Field Outpost,18,30.3,12.0,0.45,1,0.0,0.876,0.289,,0.667,,0.532,5.0,0.21,37.9,,6109.0,,69.0,3.7,0.8595,0.6536,2,HIGH
DEF-14263,Sepoy,1,Peace Station,25,16.7,14.0,0.15,3,0.0,0.899,-0.149,,,0.549,0.205,6.4,0.309,63.3,,7661.0,,68.0,3.2,0.4078,0.39,1,MEDIUM
DEF-14264,Naik,1,Counter-Insurgency,187,22.8,11.0,0.9,2,0.0,0.784,,0.853,,0.433,0.509,5.8,0.172,32.1,76.0,6850.0,,,3.2,0.812,0.7822,2,HIGH
DEF-14265,Sepoy,1,Counter-Insurgency,65,15.4,10.0,0.9,2,0.0,0.425,-0.51,0.422,,0.436,0.526,6.7,,46.9,73.0,3923.0,,,3.5,0.337,0.2712,0,LOW
DEF-14266,Naik,1,Peace Station,51,21.1,15.0,0.15,4,1.0,0.308,-0.115,0.992,0.838,0.73,0.478,4.5,0.224,38.9,,9288.0,0.65,103.0,2.7,0.2472,0.2308,0,LOW
DEF-14267,Sepoy,1,High Altitude (Siachen/Ladakh),30,23.9,13.0,0.85,1,0.0,0.582,0.044,0.764,0.835,0.425,0.547,,0.235,,83.0,12615.0,,70.0,3.4,0.1872,0.1935,0,LOW
DEF-14268,Havildar,2,Field Outpost,33,23.0,14.0,0.45,2,1.0,0.783,-0.39,0.344,0.378,0.573,0.318,7.3,,49.3,75.0,,0.65,57.0,2.8,0.2133,0.2309,0,LOW
DEF-14269,Major,4,High Altitude (Siachen/Ladakh),175,1.1,11.0,0.85,2,0.0,0.58,-0.445,0.46,0.762,0.479,,6.6,0.289,57.7,73.0,,0.71,59.0,,0.2578,0.343,0,LOW
DEF-14270,Naik,1,Peace Station,67,,,0.15,1,0.0,,0.777,0.392,0.547,0.369,0.175,7.1,0.273,32.1,72.0,5593.0,0.87,,2.5,0.2171,0.2272,0,LOW
DEF-14271,Major,4,Peace Station,118,24.0,14.0,0.15,2,0.0,0.456,-0.375,0.919,0.403,0.425,0.428,5.7,0.257,43.8,75.0,,0.69,51.0,,0.4449,0.5205,1,MEDIUM
DEF-14272,Sepoy,1,Counter-Insurgency,6,18.2,12.0,0.9,2,0.0,0.457,-0.326,0.653,0.367,0.73,0.399,,0.224,,,10793.0,,61.0,3.0,0.8764,0.7273,2,HIGH
DEF-14273,Naik,1,Counter-Insurgency,44,13.6,13.0,0.9,3,3.0,0.277,-0.704,0.438,0.496,0.461,0.242,6.1,0.2,61.8,72.0,,0.59,55.0,4.3,0.3582,0.3438,1,MEDIUM
DEF-14274,Naik,1,Field Outpost,161,18.3,12.0,0.45,3,0.0,0.803,,0.066,0.152,0.266,,,0.287,52.3,58.0,13355.0,,29.0,1.5,0.0379,0.1472,0,LOW
DEF-14275,Naik,1,Counter-Insurgency,46,4.6,13.0,0.9,2,0.0,0.818,-0.206,0.406,0.522,0.601,,6.2,0.216,50.1,65.0,4218.0,0.65,,3.0,0.4391,0.3419,1,MEDIUM
DEF-14276,Sepoy,1,High Altitude (Siachen/Ladakh),32,20.7,14.0,0.85,1,1.0,0.573,0.033,0.78,,0.698,0.459,,0.251,45.6,76.0,6236.0,,74.0,3.5,0.6672,0.5382,1,MEDIUM
DEF-14277,Sepoy,1,Peace Station,82,17.2,8.0,0.15,2,0.0,0.843,0.112,,0.449,0.858,0.401,8.1,0.302,44.7,70.0,,0.85,32.0,3.8,0.8586,0.6886,2,HIGH
DEF-14278,Sepoy,1,Peace Station,22,14.7,11.0,0.15,1,0.0,,,0.486,0.588,0.345,0.26,7.4,,,,9227.0,0.67,36.0,2.2,0.3046,0.3391,0,LOW
DEF-14279,Sepoy,1,Peace Station,18,12.5,7.0,0.15,1,0.0,0.45,-0.158,0.359,0.739,0.7,0.195,5.6,,36.6,69.0,14289.0,0.67,96.0,4.2,0.5601,0.4226,1,MEDIUM
DEF-14280,Sepoy,1,High Altitude (Siachen/Ladakh),146,16.0,13.0,0.85,2,0.0,0.816,-0.847,1.0,,0.669,0.792,5.6,0.105,,88.0,,,85.0,,0.7559,0.6946,2,HIGH
DEF-14281,Havildar,2,Counter-Insurgency,39,11.7,9.0,0.9,2,0.0,0.376,-0.374,,0.443,0.254,0.36,7.3,0.259,57.7,70.0,3374.0,,,,0.208,0.3014,0,LOW
DEF-14282,Sepoy,1,Field Outpost,92,11.2,3.0,0.45,2,3.0,0.3,,,0.437,0.582,0.42,6.8,0.263,,73.0,6640.0,0.63,62.0,3.9,0.2982,0.226,0,LOW
DEF-14283,Sepoy,1,High Altitude (Siachen/Ladakh),179,29.2,,0.85,4,0.0,0.239,-0.256,0.577,,,0.542,6.9,,,72.0,,,63.0,2.2,0.4638,0.4072,1,MEDIUM
DEF-14284,Naik,1,High Altitude (Siachen/Ladakh),66,,16.0,0.85,1,0.0,0.367,-0.024,0.697,0.546,0.42,0.217,6.3,0.099,46.9,78.0,6153.0,,54.0,2.5,0.4286,0.4269,1,MEDIUM
DEF-14285,Naik,1,Peace Station,90,0.7,16.0,0.15,1,0.0,0.159,0.39,0.397,0.187,0.263,0.054,7.1,0.281,63.9,72.0,7249.0,0.8,55.0,,0.0455,0.2139,0,LOW
DEF-14286,Subedar,3,Peace Station,18,20.6,11.0,0.15,2,0.0,0.372,-0.155,0.895,0.406,0.392,0.443,,0.192,51.4,66.0,9511.0,0.52,60.0,3.8,0.454,0.3972,1,MEDIUM
DEF-14287,Naik,1,Field Outpost,36,3.6,7.0,0.45,2,0.0,0.768,-0.188,0.8,0.31,0.196,0.094,6.6,0.25,49.3,67.0,12989.0,0.76,,2.5,0.713,0.5806,1,MEDIUM
DEF-14288,Sepoy,1,Field Outpost,160,0.0,17.0,0.45,1,0.0,,-0.009,0.362,0.447,,0.158,7.4,0.205,47.5,77.0,9578.0,0.82,58.0,4.0,0.2208,0.3862,0,LOW
DEF-14289,Havildar,2,Counter-Insurgency,51,22.6,7.0,0.9,1,,0.433,,0.364,0.858,0.395,0.462,5.0,,34.2,71.0,4843.0,0.6,77.0,3.8,0.574,0.4942,1,MEDIUM
DEF-14290,Naik,1,Peace Station,25,24.7,11.0,0.15,1,0.0,0.511,-0.128,0.654,1.0,,,6.8,0.253,53.9,72.0,11433.0,,79.0,4.6,0.2643,0.2381,0,LOW
DEF-14291,Sepoy,1,Field Outpost,87,2.9,14.0,0.45,3,0.0,0.565,0.239,0.343,0.56,0.399,0.238,,0.228,,65.0,,0.64,61.0,3.9,0.8019,0.7357,2,HIGH
DEF-14292,Naik,1,High Altitude (Siachen/Ladakh),133,0.0,13.0,0.85,3,0.0,0.551,-0.269,0.348,0.57,0.392,,8.3,0.197,67.8,69.0,10190.0,0.67,60.0,2.9,0.1006,0.2195,0,LOW
DEF-14293,Subedar,3,Peace Station,46,3.6,15.0,0.15,1,0.0,0.434,-0.132,,0.652,0.646,0.243,,0.262,70.3,67.0,10886.0,0.8,38.0,3.1,0.2234,0.2647,0,LOW
DEF-14294,Sepoy,1,Field Outpost,87,8.1,12.0,0.45,1,0.0,0.696,0.27,0.914,0.529,0.475,0.321,7.2,0.239,30.3,72.0,7783.0,,99.0,,0.6963,0.6888,2,HIGH
DEF-14295,Sepoy,1,Peace Station,108,30.3,15.0,0.15,1,0.0,0.16,,0.627,0.456,0.889,0.339,7.0,0.303,47.5,,9377.0,0.68,78.0,3.1,0.6894,0.771,2,HIGH
DEF-14296,Sepoy,1,Field Outpost,57,10.3,,0.45,1,,0.101,-0.061,0.721,0.353,0.271,0.249,6.5,0.303,,73.0,13292.0,0.62,52.0,2.2,0.1502,0.1363,0,LOW
DEF-14297,Sepoy,1,High Altitude (Siachen/Ladakh),52,21.1,9.0,0.85,1,0.0,0.709,-0.034,,0.68,0.586,0.33,,0.21,,68.0,12176.0,,66.0,2.6,0.2967,0.3144,0,LOW
DEF-14298,Sepoy,1,Peace Station,175,20.1,12.0,0.15,1,0.0,0.364,-0.185,0.169,,0.379,0.309,6.9,0.213,53.7,63.0,6475.0,0.69,47.0,4.3,0.136,0.2427,0,LOW
DEF-14299,Naik,1,High Altitude (Siachen/Ladakh),27,25.2,4.0,0.85,2,1.0,0.288,0.139,0.532,,0.839,,5.3,,51.4,67.0,4742.0,,91.0,3.8,0.6216,0.5157,1,MEDIUM
DEF-14300,Sepoy,1,Peace Station,69,8.7,13.0,0.15,1,0.0,0.237,0.376,0.46,,0.4,0.394,,0.221,,69.0,9542.0,0.69,50.0,2.4,0.1965,0.3667,0,LOW
DEF-14301,Major,4,Peace Station,60,13.9,13.0,0.15,2,0.0,0.543,,0.324,,0.676,0.212,6.3,0.236,61.9,60.0,11182.0,,50.0,3.1,0.1172,0.1232,0,LOW
DEF-14302,Havildar,2,Field Outpost,60,12.1,10.0,0.45,1,0.0,0.188,,0.695,,0.536,0.203,,0.262,49.2,70.0,5929.0,0.86,,1.9,0.193,0.2201,0,LOW
DEF-14303,Naik,1,Counter-Insurgency,105,18.6,16.0,0.9,3,0.0,0.386,-0.071,0.977,0.854,,0.338,,0.176,48.8,87.0,,0.58,72.0,3.2,0.704,0.6879,2,HIGH
DEF-14304,Havildar,2,Peace Station,91,24.3,,0.15,4,4.0,0.54,0.057,0.687,0.491,0.528,0.414,7.5,0.252,35.3,65.0,9655.0,0.91,64.0,2.7,0.7718,0.6585,2,HIGH
DEF-14305,Sepoy,1,Peace Station,76,32.5,10.0,0.15,2,0.0,0.341,-0.076,0.547,0.626,0.965,0.683,7.5,,,78.0,13256.0,0.48,81.0,2.4,0.7282,0.6454,2,HIGH
DEF-14306,Naik,1,High Altitude (Siachen/Ladakh),19,10.7,5.0,0.85,1,,,-0.403,0.347,0.419,,0.263,,0.23,51.5,67.0,,,95.0,3.0,0.3239,0.1864,0,LOW
DEF-14307,Naik,1,Field Outpost,34,15.2,12.0,0.45,1,0.0,0.419,,0.748,,,,,0.199,57.8,,9156.0,0.78,49.0,3.2,0.6344,0.5037,1,MEDIUM
DEF-14308,Havildar,2,Peace Station,54,21.4,14.0,0.15,1,0.0,0.678,0.293,0.573,0.417,0.653,0.452,5.8,,62.9,66.0,12621.0,0.67,,4.2,0.5115,0.4627,1,MEDIUM
DEF-14309,Havildar,2,Peace Station,68,19.2,11.0,0.15,1,0.0,0.074,0.271,,0.416,0.284,0.153,6.7,0.302,49.0,69.0,8560.0,,29.0,2.5,0.0839,0.1693,0,LOW
DEF-14310,Sepoy,1,High Altitude (Siachen/Ladakh),158,28.6,18.0,0.85,2,3.0,0.186,-0.175,1.0,,0.935,0.66,4.8,0.138,14.0,90.0,9652.0,0.6,,3.9,0.938,0.9475,2,HIGH
DEF-14311,Major,4,Counter-Insurgency,67,13.1,10.0,0.9,2,0.0,0.404,-0.101,0.673,,0.709,0.362,6.9,0.24,43.7,68.0,5385.0,0.83,62.0,3.3,0.5265,0.4502,1,MEDIUM
DEF-14312,Sepoy,1,Peace Station,102,10.6,10.0,0.15,1,0.0,0.134,0.223,0.338,,0.252,0.153,6.1,0.303,,66.0,13420.0,0.73,,1.8,0.2351,0.3622,0,LOW
DEF-14313,Subedar,3,Field Outpost,61,25.7,6.0,0.45,3,0.0,0.046,-0.145,,0.424,0.817,,6.1,0.167,46.6,73.0,12555.0,0.61,58.0,2.5,0.4975,0.3528,1,MEDIUM
DEF-14314,Major,4,Peace Station,97,16.6,14.0,0.15,1,0.0,0.081,,0.485,0.414,0.315,0.291,6.1,0.215,42.2,68.0,9631.0,0.82,52.0,,0.7206,0.7013,2,HIGH
DEF-14315,Sepoy,1,High Altitude (Siachen/Ladakh),64,18.6,11.0,0.85,1,0.0,0.889,,0.704,,0.724,0.494,8.5,,,75.0,10117.0,,114.0,3.9,0.6095,0.5425,1,MEDIUM
DEF-14316,Havildar,2,Peace Station,30,13.4,5.0,0.15,2,1.0,0.344,,0.482,0.244,0.189,,,0.265,55.8,,7730.0,0.9,47.0,,0.237,0.2094,0,LOW
DEF-14317,Sepoy,1,Peace Station,89,21.9,10.0,0.15,1,0.0,0.361,0.076,0.661,0.515,0.162,,,0.25,,80.0,,1.0,,3.4,0.1435,0.1904,0,LOW
DEF-14318,Sepoy,1,High Altitude (Siachen/Ladakh),84,6.6,,0.85,2,0.0,0.158,-0.154,0.56,0.646,0.372,0.495,6.9,0.201,55.8,70.0,,,97.0,3.1,0.1183,0.1671,0,LOW
DEF-14319,Naik,1,Peace Station,23,10.1,18.0,0.15,4,0.0,0.29,-0.109,0.356,0.582,0.44,0.339,,0.234,58.0,66.0,10181.0,0.87,56.0,2.8,0.1643,0.2302,0,LOW
DEF-14320,Naik,1,Peace Station,61,0.0,16.0,0.15,3,,0.133,0.217,,,,0.0,,,50.5,55.0,13779.0,0.74,46.0,3.2,0.1124,0.1432,0,LOW
DEF-14321,Major,4,Counter-Insurgency,61,8.7,10.0,0.9,1,0.0,0.663,-0.433,0.518,0.593,0.416,0.345,,0.315,41.6,84.0,8856.0,0.69,,5.1,0.2356,0.2089,0,LOW
DEF-14322,Naik,1,Counter-Insurgency,43,,11.0,0.9,2,0.0,0.174,-0.244,0.79,0.359,,0.589,7.9,0.205,51.3,63.0,,,58.0,3.2,0.6914,0.5114,1,MEDIUM
DEF-14323,Naik,1,Peace Station,29,14.4,10.0,0.15,2,0.0,0.035,,0.889,0.399,0.378,0.188,6.7,0.31,46.1,,10342.0,0.53,70.0,2.5,0.0378,0.0963,0,LOW
DEF-14324,Havildar,2,Field Outpost,74,6.1,10.0,0.45,4,0.0,0.273,-0.517,0.84,0.662,,0.294,4.9,,49.8,88.0,11968.0,0.7,71.0,3.5,0.3469,0.3057,0,LOW
DEF-14325,Major,4,Field Outpost,150,26.2,11.0,0.45,4,0.0,0.626,-0.384,0.548,,0.673,0.435,6.6,0.145,43.3,74.0,6245.0,0.57,77.0,4.0,0.4375,0.5666,1,MEDIUM
DEF-14326,Sepoy,1,Field Outpost,94,15.2,12.0,0.45,1,0.0,0.63,,0.661,,0.982,0.276,4.3,0.139,,,9407.0,,73.0,2.9,0.754,0.6809,2,HIGH
DEF-14327,Colonel,4,Counter-Insurgency,20,28.4,11.0,0.9,4,0.0,0.088,-0.632,0.857,0.604,0.768,0.746,4.6,,48.4,70.0,,0.49,106.0,,0.9634,0.7777,2,HIGH
DEF-14328,Sepoy,1,High Altitude (Siachen/Ladakh),143,21.3,9.0,0.85,1,0.0,,,,,,0.501,7.5,0.142,,,5358.0,0.7,79.0,2.7,0.3677,0.402,1,MEDIUM
DEF-14329,Havildar,2,High Altitude (Siachen/Ladakh),131,15.6,11.0,0.85,1,0.0,0.251,-0.027,,0.755,0.751,0.354,,0.2,64.8,78.0,11103.0,0.7,74.0,3.0,0.4277,0.4891,1,MEDIUM
DEF-14330,Sepoy,1,Peace Station,45,29.6,17.0,0.15,1,0.0,0.574,,0.457,,0.535,0.574,,0.201,46.8,,12999.0,0.66,70.0,3.3,0.7777,0.6878,2,HIGH
DEF-14331,Sepoy,1,Field Outpost,22,10.8,4.0,0.45,1,0.0,0.538,-0.24,0.49,0.794,0.626,,,0.254,,75.0,,0.76,,3.2,0.3951,0.2923,1,MEDIUM
DEF-14332,Sepoy,1,Field Outpost,46,4.7,,0.45,3,,0.077,-0.261,0.513,0.163,0.489,0.252,,0.265,61.0,70.0,7668.0,0.63,38.0,2.8,0.08,0.0839,0,LOW
DEF-14333,Naik,1,Peace Station,48,27.6,7.0,0.15,1,1.0,0.128,,,0.618,0.661,0.667,6.8,0.212,54.5,69.0,4617.0,,67.0,2.4,0.4406,0.3378,1,MEDIUM
DEF-14334,Sepoy,1,Peace Station,23,19.1,19.0,0.15,3,0.0,,0.016,0.204,0.519,0.3,0.251,6.8,0.242,51.9,63.0,3310.0,0.67,35.0,3.3,0.1774,0.1073,0,LOW
DEF-14335,Sepoy,1,Peace Station,73,25.8,9.0,0.15,4,0.0,0.621,,,0.624,0.41,0.627,6.9,,,71.0,8786.0,0.8,47.0,2.2,0.5218,0.4072,1,MEDIUM
DEF-14336,Naik,1,Peace Station,37,21.5,9.0,0.15,3,0.0,0.76,,0.633,0.516,,0.365,7.7,0.207,51.4,72.0,9944.0,,50.0,3.7,0.2238,0.0931,0,LOW
DEF-14337,Subedar,3,Peace Station,26,28.0,10.0,0.15,1,0.0,0.492,0.259,0.666,0.619,0.501,0.254,6.1,0.304,48.0,75.0,9024.0,0.76,61.0,3.0,0.4301,0.3848,1,MEDIUM
DEF-14338,Sepoy,1,Peace Station,53,9.7,14.0,0.15,3,0.0,0.27,-0.095,0.264,0.304,0.558,0.22,7.5,0.288,63.5,71.0,6538.0,0.75,44.0,3.3,0.3497,0.3813,1,MEDIUM
DEF-14339,Sepoy,1,Peace Station,147,12.4,20.0,0.15,2,0.0,0.469,-0.176,0.186,0.205,0.685,0.306,6.3,0.297,,63.0,6462.0,0.7,32.0,3.4,0.1943,0.4614,0,LOW
DEF-14340,Sepoy,1,Field Outpost,106,12.3,15.0,0.45,3,0.0,0.2,-0.244,0.514,0.655,0.264,0.332,6.7,0.16,59.6,60.0,6742.0,0.73,,,0.3298,0.3738,0,LOW
DEF-14341,Sepoy,1,Field Outpost,82,,11.0,0.45,1,0.0,0.686,,,0.486,0.532,0.242,,0.244,,75.0,8661.0,0.89,86.0,3.2,0.411,0.3857,1,MEDIUM
DEF-14342,Havildar,2,Peace Station,45,0.7,18.0,0.15,2,,0.512,-0.355,0.576,0.146,0.168,,,0.241,52.1,65.0,7770.0,,127.0,3.5,0.2037,0.2471,0,LOW
DEF-14343,Havildar,2,Counter-Insurgency,23,15.4,10.0,0.9,3,,0.56,0.075,0.903,,0.495,0.429,7.0,0.239,64.2,90.0,8472.0,,130.0,3.1,0.436,0.3379,1,MEDIUM
DEF-14344,Naik,1,Field Outpost,29,20.7,15.0,0.45,3,0.0,0.51,,0.225,,0.178,0.253,6.8,,56.3,,16457.0,,53.0,,0.1889,0.2008,0,LOW
DEF-14345,Sepoy,1,High Altitude (Siachen/Ladakh),102,8.2,12.0,0.85,4,0.0,0.502,-0.205,0.542,0.915,0.758,0.6,,0.158,45.7,82.0,10322.0,,69.0,3.5,0.5664,0.5971,1,MEDIUM
DEF-14346,Havildar,2,Counter-Insurgency,37,6.2,16.0,0.9,1,0.0,0.332,-0.377,0.615,0.792,0.406,0.412,,0.183,50.4,,10287.0,,71.0,,0.2477,0.2729,0,LOW
DEF-14347,Naik,1,Peace Station,69,12.8,9.0,0.15,1,0.0,0.109,,0.449,0.616,,0.283,7.1,0.21,53.8,58.0,,0.95,98.0,1.7,0.0951,0.2308,0,LOW
DEF-14348,Havildar,2,Field Outpost,83,20.7,8.0,0.45,2,0.0,0.337,,0.46,0.192,0.027,0.222,,0.313,69.4,61.0,12790.0,0.84,28.0,1.9,0.466,0.4146,1,MEDIUM
DEF-14349,Naik,1,Field Outpost,19,4.9,12.0,0.45,1,0.0,0.191,-0.351,0.407,0.529,0.72,0.614,7.0,0.195,48.2,80.0,6690.0,0.61,66.0,4.1,0.4519,0.4148,1,MEDIUM
DEF-14350,Havildar,2,Field Outpost,63,33.8,8.0,0.45,1,1.0,0.527,-0.212,,0.696,0.636,,,,46.0,,,0.54,80.0,3.6,0.7714,0.6045,2,HIGH
DEF-14351,Naik,1,Peace Station,78,3.0,9.0,0.15,1,0.0,0.286,,0.394,0.46,0.419,0.061,6.5,0.199,51.3,,,0.82,46.0,2.7,0.1609,0.1829,0,LOW
DEF-14352,Sepoy,1,High Altitude (Siachen/Ladakh),169,9.1,8.0,0.85,3,0.0,0.327,-0.439,,0.463,0.523,0.357,6.8,0.238,45.1,,8474.0,,84.0,4.2,0.4035,0.4628,1,MEDIUM
DEF-14353,Major,4,Peace Station,68,23.6,17.0,0.15,4,0.0,,-0.267,0.412,0.654,0.498,0.535,5.8,,48.7,72.0,,0.65,,3.3,0.4667,0.4906,1,MEDIUM
DEF-14354,Naik,1,Counter-Insurgency,99,,11.0,0.9,1,0.0,0.238,-0.124,0.995,,,0.539,,,41.8,77.0,,0.74,65.0,3.1,0.4422,0.4775,1,MEDIUM
DEF-14355,Naik,1,High Altitude (Siachen/Ladakh),46,21.5,11.0,0.85,1,0.0,0.639,,,0.452,0.536,0.56,8.1,0.261,53.8,70.0,12874.0,0.73,67.0,3.2,0.3729,0.3326,1,MEDIUM
DEF-14356,Sepoy,1,Field Outpost,114,8.2,13.0,0.45,1,0.0,0.328,0.118,,,,,5.5,0.278,,64.0,6740.0,,80.0,3.8,0.1065,0.1442,0,LOW
DEF-14357,Naik,1,Peace Station,25,9.8,14.0,0.15,2,0.0,0.165,0.304,0.912,0.338,0.784,0.324,5.9,,59.5,67.0,3991.0,,54.0,3.3,0.4138,0.2749,1,MEDIUM
DEF-14358,Naik,1,Field Outpost,84,,18.0,0.45,3,1.0,0.388,-0.083,0.862,0.499,0.799,0.28,7.1,0.228,46.4,72.0,6230.0,0.77,68.0,3.2,0.3742,0.4349,1,MEDIUM
DEF-14359,Sepoy,1,Peace Station,70,11.3,11.0,0.15,1,0.0,0.6,-0.072,,0.442,0.391,0.19,7.1,0.234,,,7248.0,0.65,46.0,2.5,0.0725,0.0974,0,LOW
DEF-14360,Sepoy,1,Peace Station,125,17.3,14.0,0.15,2,0.0,0.532,0.293,0.423,0.552,0.395,0.541,6.3,0.249,,,8151.0,,,3.0,0.5818,0.5775,1,MEDIUM
DEF-14361,Naik,1,High Altitude (Siachen/Ladakh),83,6.7,19.0,0.85,1,0.0,0.488,-0.336,0.736,0.533,0.664,0.248,6.1,0.164,58.4,82.0,4930.0,0.76,92.0,3.5,0.4056,0.3842,1,MEDIUM
DEF-14362,Havildar,2,Field Outpost,55,0.0,20.0,0.45,4,0.0,0.489,0.29,0.32,0.215,0.143,0.0,6.6,0.337,41.9,71.0,10955.0,,,2.0,0.1658,0.2369,0,LOW
DEF-14363,Naik,1,Field Outpost,113,23.9,8.0,0.45,3,0.0,0.125,,,0.596,,0.276,7.3,,52.0,63.0,10671.0,0.79,53.0,3.9,0.3115,0.2888,0,LOW
DEF-14364,Sepoy,1,High Altitude (Siachen/Ladakh),82,12.5,15.0,0.85,4,0.0,0.549,-0.84,0.578,0.833,0.786,0.406,,0.188,,70.0,5953.0,,81.0,2.9,0.5647,0.5366,1,MEDIUM
DEF-14365,Naik,1,Peace Station,32,20.4,15.0,0.15,1,1.0,,0.02,0.259,,0.341,0.467,7.0,0.194,63.9,70.0,,,42.0,2.9,0.3292,0.3269,0,LOW
DEF-14366,Sepoy,1,Field Outpost,57,11.4,7.0,0.45,2,0.0,0.189,-0.345,0.327,0.334,0.49,0.317,5.2,0.308,,68.0,,,100.0,2.4,0.8998,0.7264,2,HIGH
DEF-14367,Sepoy,1,Field Outpost,29,,18.0,0.45,1,1.0,0.446,-0.31,0.487,0.296,0.228,0.352,6.4,0.236,55.9,,8384.0,0.75,,3.1,0.5053,0.5279,1,MEDIUM
DEF-14368,Sepoy,1,Field Outpost,78,33.8,15.0,0.45,2,0.0,0.191,-0.423,0.829,0.561,0.589,0.501,6.4,0.145,,77.0,,,66.0,4.5,0.9305,0.82,2,HIGH
DEF-14369,Sepoy,1,High Altitude (Siachen/Ladakh),83,4.3,12.0,0.85,1,0.0,0.477,-0.252,0.305,0.129,0.144,0.097,8.3,0.303,,55.0,12033.0,0.89,40.0,2.6,0.0902,0.1094,0,LOW
DEF-14370,Sepoy,1,Counter-Insurgency,155,7.4,8.0,0.9,3,0.0,0.225,0.193,,,0.306,,6.7,0.282,,,8689.0,0.68,47.0,2.3,0.2969,0.2912,0,LOW
DEF-14371,Sepoy,1,Field Outpost,57,6.3,8.0,0.45,2,0.0,0.092,-0.07,0.338,0.356,0.218,0.087,7.1,,60.8,62.0,10942.0,,44.0,3.5,0.1311,0.1853,0,LOW
DEF-14372,Sepoy,1,Field Outpost,51,31.9,11.0,0.45,2,0.0,0.077,0.157,,0.512,0.357,0.511,6.8,,,74.0,,0.85,57.0,4.5,0.7624,0.6829,2,HIGH
DEF-14373,Sepoy,1,Field Outpost,21,13.8,17.0,0.45,3,0.0,,,0.115,0.297,0.529,0.21,8.1,0.314,73.6,55.0,6873.0,,44.0,1.5,0.1515,0.1432,0,LOW
DEF-14374,Naik,1,High Altitude (Siachen/Ladakh),57,21.5,14.0,0.85,2,0.0,0.602,-0.135,0.786,0.444,,0.501,6.7,,34.2,63.0,7146.0,0.89,,3.2,0.7127,0.6503,2,HIGH
DEF-14375,Naik,1,High Altitude (Siachen/Ladakh),53,0.0,10.0,0.85,1,0.0,0.274,-0.202,0.572,0.201,0.507,0.0,6.9,,49.3,69.0,10442.0,,44.0,2.5,0.3485,0.3186,0,LOW
DEF-14376,Sepoy,1,Peace Station,67,17.2,12.0,0.15,2,1.0,0.039,,0.608,0.462,0.69,,5.8,0.198,38.8,75.0,10799.0,,,3.7,0.3475,0.2815,0,LOW
DEF-14377,Havildar,2,Peace Station,52,10.9,12.0,0.15,4,0.0,0.461,,0.431,0.523,0.676,0.176,5.0,0.298,48.4,69.0,8458.0,0.63,,3.8,0.0907,0.2127,0,LOW
DEF-14378,Sepoy,1,Counter-Insurgency,52,25.8,11.0,0.9,2,0.0,0.229,-0.205,,0.341,0.746,0.516,7.0,0.212,,64.0,,,,3.2,0.4082,0.347,1,MEDIUM
DEF-14379,Naik,1,Peace Station,67,19.6,13.0,0.15,2,0.0,0.628,-0.337,0.81,,0.569,0.532,,0.229,31.1,78.0,6213.0,0.65,60.0,3.3,0.7115,0.5734,1,MEDIUM
DEF-14380,Sepoy,1,Field Outpost,59,10.4,16.0,0.45,4,0.0,0.542,-0.269,0.497,0.656,0.48,0.299,7.2,,,76.0,12158.0,0.62,109.0,3.6,0.2667,0.291,0,LOW
DEF-14381,Sepoy,1,High Altitude (Siachen/Ladakh),51,27.4,13.0,0.85,2,0.0,0.701,0.123,0.533,0.509,0.459,0.317,6.4,0.124,,,8076.0,0.86,76.0,3.3,0.2544,0.2548,0,LOW
DEF-14382,Naik,1,Peace Station,51,28.2,16.0,0.15,4,1.0,0.251,-0.316,0.865,0.71,0.532,0.776,4.0,0.105,43.6,78.0,8286.0,0.56,95.0,3.8,0.9772,0.841,2,HIGH
DEF-14383,Naik,1,Field Outpost,181,26.8,6.0,0.45,1,0.0,0.64,0.163,,0.695,0.31,0.369,,0.287,52.7,73.0,10432.0,0.77,56.0,2.7,0.2329,0.2945,0,LOW
DEF-14384,Subedar,3,Peace Station,50,20.5,10.0,0.15,2,0.0,0.491,-0.646,0.881,0.344,0.704,0.556,6.0,0.212,57.8,78.0,6658.0,0.78,57.0,3.7,0.2565,0.2502,0,LOW
DEF-14385,Naik,1,Counter-Insurgency,55,11.6,17.0,0.9,1,0.0,0.383,,0.71,0.838,0.524,0.535,5.0,0.135,43.6,78.0,7727.0,0.62,85.0,3.7,0.6352,0.612,1,MEDIUM
DEF-14386,Major,4,Peace Station,18,16.0,14.0,0.15,2,1.0,0.385,-0.214,1.0,0.605,0.752,0.392,6.0,0.183,58.5,78.0,5238.0,0.71,84.0,3.6,0.4347,0.3368,1,MEDIUM
DEF-14387,Sepoy,1,Field Outpost,114,,13.0,0.45,1,0.0,0.534,-0.237,0.525,0.529,0.469,0.319,6.5,0.249,,72.0,11690.0,0.66,,2.6,0.193,0.2778,0,LOW
DEF-14388,Sepoy,1,Field Outpost,10,15.9,7.0,0.45,1,1.0,0.457,-0.162,0.635,0.764,0.559,0.543,5.9,0.206,,73.0,5314.0,0.77,99.0,3.6,0.7661,0.5315,1,MEDIUM
DEF-14389,Sepoy,1,High Altitude (Siachen/Ladakh),33,8.9,11.0,0.85,1,0.0,0.327,,0.668,0.664,0.485,,4.1,0.249,,65.0,11215.0,0.73,138.0,3.8,0.4247,0.2963,1,MEDIUM
DEF-14390,Sepoy,1,Peace Station,88,12.6,11.0,0.15,1,0.0,,0.049,0.509,0.416,0.564,0.17,,0.327,,67.0,10922.0,,52.0,3.0,0.3314,0.2305,0,LOW
DEF-14391,Naik,1,Field Outpost,16,32.2,19.0,0.45,1,0.0,0.416,,0.797,0.717,0.33,,6.0,0.237,48.1,78.0,9961.0,0.58,77.0,2.8,0.8276,0.6052,2,HIGH
DEF-14392,Naik,1,Peace Station,41,16.6,10.0,0.15,3,0.0,0.417,0.123,0.485,0.387,0.264,0.392,,,53.8,,9538.0,0.8,,3.2,0.3798,0.3487,1,MEDIUM
DEF-14393,Sepoy,1,Peace Station,62,10.3,,0.15,1,0.0,0.359,0.24,0.283,0.434,0.388,0.233,6.0,0.189,,74.0,,0.73,66.0,2.0,0.2293,0.2656,0,LOW
DEF-14394,Major,4,High Altitude (Siachen/Ladakh),59,4.6,8.0,0.85,2,0.0,0.371,0.035,0.394,,0.699,0.16,6.5,0.266,51.5,67.0,6348.0,,62.0,2.3,0.3088,0.3213,0,LOW
DEF-14395,Havildar,2,Peace Station,40,13.2,8.0,0.15,1,1.0,0.49,-0.026,0.299,,0.395,,6.9,,43.9,67.0,,0.79,42.0,2.9,0.2143,0.2062,0,LOW
DEF-14396,Sepoy,1,High Altitude (Siachen/Ladakh),99,20.3,13.0,0.85,1,0.0,0.881,-0.31,,0.523,0.612,0.316,6.4,,42.6,76.0,,0.72,79.0,3.1,0.342,0.3897,1,MEDIUM
DEF-14397,Sepoy,1,High Altitude (Siachen/Ladakh),103,,10.0,0.85,3,1.0,0.284,,0.562,0.561,0.795,0.489,,0.199,,79.0,9170.0,,79.0,3.4,0.185,0.3653,0,LOW
DEF-14398,Sepoy,1,Counter-Insurgency,89,13.5,8.0,0.9,3,0.0,0.345,-0.119,,0.438,0.463,0.216,6.7,0.211,,56.0,,0.67,,3.1,0.6537,0.6202,1,MEDIUM
DEF-14399,Sepoy,1,Field Outpost,46,17.6,12.0,0.45,3,3.0,0.247,0.563,0.833,0.922,0.681,,,,,79.0,6032.0,0.51,107.0,3.3,0.8821,0.754,2,HIGH
DEF-14400,Sepoy,1,Peace Station,69,17.4,13.0,0.15,2,3.0,0.893,,0.692,0.515,,,,0.243,,72.0,6015.0,,,3.7,0.1532,0.2681,0,LOW
DEF-14401,Naik,1,Field Outpost,43,20.0,11.0,0.45,1,0.0,0.432,0.035,0.666,0.508,0.521,0.149,6.7,0.197,29.9,72.0,,0.64,,3.7,0.6202,0.4612,1,MEDIUM
DEF-14402,Sepoy,1,Counter-Insurgency,215,20.2,17.0,0.9,1,3.0,0.141,,0.482,0.342,0.462,,,0.236,,68.0,8713.0,0.81,,3.8,0.4972,0.6383,1,MEDIUM
DEF-14403,Sepoy,1,Counter-Insurgency,77,13.2,13.0,0.9,2,1.0,0.485,-0.067,0.657,0.517,0.463,,6.2,0.251,43.6,72.0,9979.0,0.9,77.0,2.8,0.5662,0.4375,1,MEDIUM
DEF-14404,Colonel,4,Field Outpost,47,12.8,8.0,0.45,3,0.0,0.468,-0.043,0.44,0.538,0.348,0.434,6.2,,45.7,66.0,9570.0,0.83,59.0,3.7,0.1391,0.2398,0,LOW
DEF-14405,Naik,1,Counter-Insurgency,193,14.0,12.0,0.9,4,2.0,0.217,-0.046,,0.646,0.964,0.536,,0.264,45.3,73.0,4238.0,0.77,68.0,,0.175,0.2976,0,LOW
DEF-14406,Major,4,High Altitude (Siachen/Ladakh),50,18.8,12.0,0.85,1,0.0,0.733,-0.421,0.803,0.762,0.407,0.386,,,44.8,,10416.0,,104.0,3.5,0.8352,0.6615,2,HIGH
DEF-14407,Sepoy,1,Counter-Insurgency,75,23.5,11.0,0.9,1,,0.585,-0.339,,0.569,,0.375,7.1,0.195,,87.0,3114.0,0.65,99.0,,0.552,0.4875,1,MEDIUM
DEF-14408,Sepoy,1,High Altitude (Siachen/Ladakh),100,11.1,15.0,0.85,1,0.0,0.224,,0.633,,0.347,0.282,6.9,,58.3,65.0,11091.0,,,2.8,0.0938,0.2879,0,LOW
DEF-14409,Naik,1,Counter-Insurgency,44,12.6,12.0,0.9,3,0.0,0.085,-0.006,0.417,0.669,0.723,0.359,6.4,0.224,56.9,70.0,9841.0,0.74,55.0,3.4,0.2602,0.195,0,LOW
DEF-14410,Sepoy,1,Counter-Insurgency,42,7.1,9.0,0.9,1,0.0,0.506,0.071,,0.247,0.33,0.206,7.4,,,68.0,8699.0,,42.0,,0.3401,0.2738,0,LOW
DEF-14411,Sepoy,1,Peace Station,111,1.3,13.0,0.15,2,2.0,0.162,,0.638,0.689,0.915,0.245,6.6,0.188,,,5572.0,0.7,67.0,2.8,0.4545,0.4282,1,MEDIUM
DEF-14412,Naik,1,Counter-Insurgency,100,3.5,13.0,0.9,4,4.0,0.232,0.231,0.219,0.237,,,7.7,0.245,53.0,68.0,7699.0,,36.0,2.2,0.3262,0.3845,0,LOW
DEF-14413,Naik,1,Peace Station,100,5.5,10.0,0.15,3,1.0,0.059,0.282,0.524,,0.185,0.148,6.8,,46.3,56.0,9998.0,0.71,40.0,1.7,0.1574,0.2253,0,LOW
DEF-14414,Sepoy,1,Field Outpost,84,8.3,,0.45,1,0.0,0.322,-0.138,0.646,0.566,0.36,0.186,8.2,0.129,58.4,77.0,9051.0,0.67,49.0,2.9,0.5232,0.579,1,MEDIUM
DEF-14415,Naik,1,High Altitude (Siachen/Ladakh),180,17.9,14.0,0.85,1,1.0,0.166,,0.632,0.455,0.465,0.307,6.6,,37.5,77.0,10710.0,0.86,93.0,3.2,0.8434,0.8501,2,HIGH
DEF-14416,Sepoy,1,High Altitude (Siachen/Ladakh),66,4.9,17.0,0.85,3,0.0,0.772,0.036,,0.584,0.349,0.361,6.1,0.26,34.8,73.0,7593.0,,117.0,3.1,0.5519,0.4975,1,MEDIUM
DEF-14417,Sepoy,1,Counter-Insurgency,37,14.2,10.0,0.9,2,2.0,0.415,0.015,0.785,,0.998,0.412,6.2,0.161,,72.0,3900.0,0.66,94.0,,0.5839,0.4982,1,MEDIUM
DEF-14418,Sepoy,1,Field Outpost,28,21.1,18.0,0.45,3,0.0,0.8,-0.244,0.882,,0.828,0.688,5.2,0.173,41.8,,8276.0,,104.0,,0.8739,0.6848,2,HIGH
DEF-14419,Sepoy,1,Field Outpost,49,6.9,18.0,0.45,1,1.0,0.567,0.349,,0.461,0.371,0.34,,0.149,,78.0,11898.0,0.65,66.0,2.9,0.4159,0.4563,1,MEDIUM
DEF-14420,Sepoy,1,Peace Station,6,9.8,7.0,0.15,3,0.0,0.255,,0.018,0.676,,,7.6,0.263,,65.0,17196.0,0.83,25.0,,0.0764,0.129,0,LOW
DEF-14421,Major,4,Field Outpost,135,2.8,13.0,0.45,3,2.0,0.488,-0.102,0.566,0.469,0.994,0.179,6.0,0.259,63.6,66.0,14039.0,0.66,141.0,,0.2409,0.3618,0,LOW
DEF-14422,Naik,1,High Altitude (Siachen/Ladakh),81,5.9,11.0,0.85,3,1.0,0.057,-0.478,,0.8,0.597,,6.1,0.163,54.8,76.0,13296.0,,77.0,4.1,0.1777,0.2392,0,LOW
DEF-14423,Havildar,2,Peace Station,37,25.6,9.0,0.15,1,1.0,0.442,-0.139,0.37,0.374,0.734,0.453,,0.141,53.7,,4919.0,0.72,54.0,3.2,0.1738,0.0662,0,LOW
DEF-14424,Sepoy,1,Field Outpost,116,18.3,15.0,0.45,1,0.0,0.188,,0.8,0.524,0.856,0.416,6.6,0.26,50.0,74.0,3909.0,0.73,66.0,3.8,0.289,0.4112,0,LOW
DEF-14425,Sepoy,1,Peace Station,27,32.3,14.0,0.15,1,1.0,0.506,,0.367,0.287,0.361,0.447,5.6,0.179,40.8,76.0,11098.0,0.65,124.0,3.1,0.7376,0.6156,2,HIGH
DEF-14426,Sepoy,1,High Altitude (Siachen/Ladakh),33,7.7,6.0,0.85,4,1.0,0.565,-0.501,0.609,0.391,0.391,0.254,6.1,0.176,,,,,59.0,,0.4053,0.3402,1,MEDIUM
DEF-14427,Sepoy,1,Peace Station,67,26.8,13.0,0.15,1,0.0,,0.128,0.556,0.487,0.348,0.57,,0.277,,73.0,6407.0,0.91,46.0,2.0,0.6003,0.5165,1,MEDIUM
DEF-14428,Sepoy,1,High Altitude (Siachen/Ladakh),146,7.8,15.0,0.85,1,0.0,0.384,,0.688,0.591,0.254,,5.9,0.251,,66.0,10239.0,,67.0,,0.0739,0.2909,0,LOW
DEF-14429,Havildar,2,Field Outpost,80,9.7,8.0,0.45,1,0.0,0.207,-0.013,0.771,0.461,0.388,0.229,,0.189,41.0,73.0,7255.0,,,,0.1572,0.1168,0,LOW
DEF-14430,Naik,1,Peace Station,6,37.1,11.0,0.15,3,1.0,0.378,-0.428,0.635,0.582,0.605,0.709,5.0,0.2,42.6,83.0,12845.0,,,3.4,0.8757,0.687,2,HIGH
DEF-14431,Naik,1,Counter-Insurgency,33,6.9,11.0,0.9,3,0.0,0.251,,0.482,0.297,0.291,0.127,6.2,,57.8,,8552.0,0.82,53.0,,0.1943,0.0798,0,LOW
DEF-14432,Naik,1,Field Outpost,37,27.5,8.0,0.45,3,3.0,0.677,,0.425,0.331,,0.442,,0.152,37.7,77.0,,,55.0,2.3,0.7794,0.6609,2,HIGH
DEF-14433,Subedar,3,Field Outpost,72,,13.0,0.45,2,0.0,0.157,-0.239,0.25,0.555,0.549,0.312,6.6,0.267,61.4,77.0,9182.0,0.62,48.0,3.6,0.3272,0.3298,0,LOW
DEF-14434,Sepoy,1,High Altitude (Siachen/Ladakh),23,4.8,12.0,0.85,4,0.0,0.134,,0.596,0.711,0.654,0.444,5.5,0.207,,76.0,10576.0,,65.0,2.7,0.365,0.2698,0,LOW
DEF-14435,Sepoy,1,High Altitude (Siachen/Ladakh),25,1.8,9.0,0.85,1,2.0,0.311,0.243,0.755,0.695,0.458,0.044,6.3,0.328,52.6,71.0,,0.68,143.0,,0.3082,0.261,0,LOW
DEF-14436,Sepoy,1,High Altitude (Siachen/Ladakh),53,14.9,10.0,0.85,3,0.0,0.589,-0.118,0.679,0.814,0.45,0.273,6.2,0.255,51.1,77.0,7907.0,0.88,,3.0,0.3075,0.2676,0,LOW
DEF-14437,Havildar,2,High Altitude (Siachen/Ladakh),93,4.5,12.0,0.85,2,0.0,0.201,0.082,0.539,0.843,0.579,0.392,6.1,,41.7,,5928.0,,92.0,2.5,0.5186,0.5466,1,MEDIUM
DEF-14438,Colonel,4,Field Outpost,97,11.5,11.0,0.45,2,1.0,0.614,0.383,0.187,,0.116,0.09,8.2,,72.6,69.0,,0.73,61.0,2.5,0.0421,0.1197,0,LOW
DEF-14439,Sepoy,1,Field Outpost,67,0.0,6.0,0.45,1,0.0,0.226,0.211,0.237,0.275,0.151,0.06,6.9,0.262,,59.0,10607.0,0.78,25.0,2.0,0.0339,0.067,0,LOW
DEF-14440,Subedar,3,Peace Station,106,,18.0,0.15,1,0.0,0.583,-0.047,0.301,,0.516,,7.1,,65.0,66.0,9683.0,0.86,,2.0,0.1674,0.3182,0,LOW
DEF-14441,Havildar,2,Counter-Insurgency,225,0.9,16.0,0.9,1,,,,,0.068,0.116,0.0,6.8,,65.6,64.0,,0.72,45.0,2.4,0.1981,0.3842,0,LOW
DEF-14442,Sepoy,1,Counter-Insurgency,157,13.5,8.0,0.9,1,2.0,0.472,0.031,0.576,0.426,,0.398,,,,,,1.0,117.0,3.0,0.5605,0.5613,1,MEDIUM
DEF-14443,Sepoy,1,Field Outpost,46,2.2,10.0,0.45,2,0.0,0.247,,0.083,,0.103,0.079,8.5,0.227,57.3,64.0,,0.86,31.0,2.2,0.0223,0.0922,0,LOW
DEF-14444,Sepoy,1,Peace Station,22,24.4,11.0,0.15,1,0.0,0.644,-0.025,0.537,0.132,0.732,0.226,6.2,0.227,54.2,67.0,,0.9,67.0,3.3,0.4282,0.2842,1,MEDIUM
DEF-14445,Major,4,Peace Station,49,0.0,14.0,0.15,1,0.0,0.598,0.022,0.386,0.235,0.189,0.0,7.9,,42.2,55.0,11685.0,0.68,44.0,2.6,0.4341,0.3326,1,MEDIUM
DEF-14446,Sepoy,1,High Altitude (Siachen/Ladakh),34,11.6,11.0,0.85,3,0.0,0.368,-0.493,,0.42,0.345,0.503,7.2,0.247,,68.0,7796.0,0.79,51.0,3.6,0.2166,0.2574,0,LOW
DEF-14447,Havildar,2,Peace Station,83,18.8,7.0,0.15,4,0.0,0.476,-0.069,0.501,0.802,,0.5,6.8,0.215,55.8,67.0,,0.76,57.0,,0.0437,0.0179,0,LOW
DEF-14448,Sepoy,1,High Altitude (Siachen/Ladakh),28,17.1,8.0,0.85,4,0.0,0.069,-0.166,0.712,0.731,0.512,0.332,6.7,0.196,36.7,,,,,2.4,0.3976,0.3658,1,MEDIUM
DEF-14449,Havildar,2,Counter-Insurgency,60,3.4,13.0,0.9,2,0.0,0.26,0.115,0.633,0.855,0.454,0.377,5.6,0.271,33.2,73.0,11782.0,,88.0,2.6,0.5601,0.5085,1,MEDIUM
DEF-14450,Sepoy,1,Counter-Insurgency,34,0.0,9.0,0.9,3,,0.558,-0.117,0.357,,0.248,0.0,6.7,0.232,57.1,68.0,8624.0,0.8,27.0,,0.1365,0.1021,0,LOW
DEF-14451,Naik,1,Peace Station,52,20.6,13.0,0.15,3,0.0,0.079,-0.283,1.0,0.699,0.735,0.429,,0.29,30.8,73.0,13536.0,0.69,,3.8,0.6903,0.5485,1,MEDIUM
DEF-14452,Havildar,2,Counter-Insurgency,62,12.9,13.0,0.9,2,0.0,0.079,-0.413,0.506,0.598,0.523,0.296,6.0,,46.8,66.0,,,56.0,1.4,0.6291,0.469,1,MEDIUM
DEF-14453,Havildar,2,High Altitude (Siachen/Ladakh),91,4.9,9.0,0.85,1,0.0,0.417,0.499,,0.382,0.461,0.071,7.0,,55.0,58.0,9500.0,,,1.6,0.1174,0.0601,0,LOW
DEF-14454,Subedar,3,Peace Station,63,21.0,7.0,0.15,1,0.0,0.638,-0.113,0.521,0.394,0.463,0.381,6.9,0.267,49.8,65.0,9449.0,0.68,,1.7,0.7333,0.6123,2,HIGH
DEF-14455,Sepoy,1,Field Outpost,43,9.2,10.0,0.45,1,0.0,0.109,-0.407,0.76,0.542,0.478,,6.7,0.296,,66.0,,0.82,67.0,3.2,0.4085,0.3511,1,MEDIUM
DEF-14456,Naik,1,High Altitude (Siachen/Ladakh),100,,14.0,0.85,3,0.0,0.162,-0.195,0.79,0.779,,0.285,,0.2,44.3,,9075.0,,61.0,,0.1393,0.2576,0,LOW
DEF-14457,Sepoy,1,Counter-Insurgency,65,,17.0,0.9,2,0.0,0.494,,0.811,0.743,0.729,0.324,,0.232,,,9412.0,0.68,77.0,3.6,0.2772,0.3147,0,LOW
DEF-14458,Sepoy,1,Peace Station,46,7.5,14.0,0.15,2,0.0,0.31,-0.136,0.523,0.306,,0.101,5.7,0.207,42.4,65.0,,0.68,43.0,3.0,0.4356,0.3094,1,MEDIUM
DEF-14459,Naik,1,Peace Station,92,7.2,11.0,0.15,1,0.0,0.385,0.056,,0.203,0.23,0.278,6.5,0.251,48.6,,6401.0,0.89,,2.2,0.1791,0.2492,0,LOW
DEF-14460,Sepoy,1,Field Outpost,73,16.8,10.0,0.45,1,,0.462,-0.374,0.337,,0.751,0.224,6.0,0.217,46.1,65.0,7511.0,0.66,,4.1,0.6839,0.6217,1,MEDIUM
DEF-14461,Naik,1,Counter-Insurgency,88,27.2,11.0,0.9,3,2.0,0.739,-0.547,,0.658,0.534,,5.0,,42.0,79.0,14199.0,,90.0,4.5,0.954,0.7894,2,HIGH
DEF-14462,Colonel,4,Counter-Insurgency,121,,14.0,0.9,2,0.0,0.459,-0.123,0.284,0.571,0.291,,6.7,0.2,48.7,66.0,6569.0,0.82,51.0,,0.1057,0.2054,0,LOW
DEF-14463,Sepoy,1,Peace Station,29,,11.0,0.15,2,0.0,0.389,0.797,,,0.468,,,0.27,,60.0,7316.0,,61.0,2.1,0.3197,0.2701,0,LOW
DEF-14464,Naik,1,Peace Station,216,12.6,13.0,0.15,1,0.0,0.113,0.29,,0.449,,0.348,7.4,0.305,57.1,59.0,6338.0,,47.0,2.6,0.0904,0.3594,0,LOW
DEF-14465,Sepoy,1,Counter-Insurgency,82,17.9,13.0,0.9,2,0.0,0.311,-0.327,0.951,0.697,0.654,0.567,6.4,0.226,43.6,85.0,6921.0,0.66,92.0,4.2,0.6283,0.5104,1,MEDIUM
DEF-14466,Sepoy,1,High Altitude (Siachen/Ladakh),28,22.4,12.0,0.85,4,0.0,0.105,-0.192,0.585,0.788,0.354,0.502,6.7,0.185,,77.0,9041.0,,58.0,2.7,0.6199,0.5316,1,MEDIUM
DEF-14467,Sepoy,1,Counter-Insurgency,130,12.6,7.0,0.9,4,0.0,0.629,0.098,0.665,0.749,0.749,0.277,5.6,0.195,,62.0,,0.59,77.0,4.2,0.5516,0.5098,1,MEDIUM
DEF-14468,Major,4,Counter-Insurgency,40,8.6,12.0,0.9,1,0.0,0.691,0.127,0.644,0.652,0.457,0.454,7.1,0.184,53.6,72.0,6566.0,0.65,77.0,,0.3174,0.1808,0,LOW
DEF-14469,Subedar,3,Peace Station,159,18.9,14.0,0.15,2,0.0,0.341,-0.09,0.349,0.407,0.227,0.289,6.6,0.236,41.8,67.0,8356.0,,46.0,3.2,0.166,0.3961,0,LOW
DEF-14470,Subedar,3,High Altitude (Siachen/Ladakh),31,0.1,10.0,0.85,1,0.0,0.138,0.631,,,0.221,0.081,7.3,0.222,54.9,,17063.0,,46.0,3.3,0.1042,0.1337,0,LOW
DEF-14471,Colonel,4,Peace Station,60,0.0,,0.15,2,0.0,0.865,-0.016,0.461,0.54,0.24,0.15,6.4,0.255,60.4,77.0,10985.0,0.81,51.0,3.2,0.02,0.1088,0,LOW
DEF-14472,Sepoy,1,High Altitude (Siachen/Ladakh),101,36.0,6.0,0.85,2,2.0,0.409,-0.218,0.406,0.388,0.556,0.539,,0.165,,,5129.0,,63.0,4.1,0.8119,0.5968,2,HIGH
DEF-14473,Sepoy,1,Field Outpost,93,7.1,,0.45,1,1.0,0.338,,0.399,0.57,,0.263,6.3,,54.9,77.0,,0.71,61.0,2.4,0.1659,0.2324,0,LOW
DEF-14474,Naik,1,Counter-Insurgency,78,10.5,13.0,0.9,3,0.0,0.606,-0.281,,1.0,0.72,0.59,7.0,0.235,59.1,76.0,7304.0,0.78,72.0,,0.5257,0.4689,1,MEDIUM
DEF-14475,Naik,1,Counter-Insurgency,113,18.6,16.0,0.9,2,0.0,,-0.324,0.59,0.713,0.569,0.338,6.3,0.224,59.9,,10167.0,0.77,69.0,2.9,0.4523,0.4769,1,MEDIUM
DEF-14476,Sepoy,1,Peace Station,48,16.9,17.0,0.15,4,,0.408,,0.85,0.653,0.611,0.297,6.6,0.18,45.2,,9901.0,0.48,70.0,,0.4756,0.5042,1,MEDIUM
DEF-14477,Sepoy,1,Peace Station,116,21.5,13.0,0.15,1,0.0,0.562,-0.255,0.295,0.299,,0.43,6.9,0.299,55.5,,11701.0,0.59,,,0.2543,0.3046,0,LOW
DEF-14478,Naik,1,Field Outpost,41,22.0,12.0,0.45,1,0.0,0.639,-0.051,0.502,0.603,0.69,0.437,6.0,0.23,38.8,75.0,4246.0,,60.0,2.8,0.6157,0.4649,1,MEDIUM
DEF-14479,Naik,1,Counter-Insurgency,149,1.7,9.0,0.9,2,0.0,0.292,-0.038,0.417,0.599,0.433,0.171,6.7,,47.2,78.0,8091.0,0.87,52.0,3.3,0.3169,0.4534,1,MEDIUM
DEF-14480,Sepoy,1,High Altitude (Siachen/Ladakh),44,24.8,14.0,0.85,2,0.0,0.533,,0.622,0.501,,0.448,,,,82.0,10038.0,,,2.5,0.7664,0.6244,2,HIGH
DEF-14481,Naik,1,Counter-Insurgency,25,18.3,,0.9,2,0.0,0.502,-0.046,,0.435,0.396,0.227,7.3,0.2,53.4,,9281.0,,65.0,2.7,0.2113,0.1601,0,LOW
DEF-14482,Naik,1,Field Outpost,94,17.2,12.0,0.45,4,0.0,0.139,,0.344,,0.194,0.318,,0.278,50.7,70.0,10716.0,0.69,52.0,,0.3847,0.4461,1,MEDIUM
DEF-14483,Naik,1,Peace Station,71,17.6,13.0,0.15,2,0.0,0.815,-0.292,0.491,0.651,0.403,0.38,4.6,0.24,50.7,70.0,10954.0,0.63,63.0,,0.3188,0.4213,1,MEDIUM
DEF-14484,Sepoy,1,Peace Station,79,0.0,17.0,0.15,2,0.0,0.219,,0.391,0.58,0.257,0.039,,0.21,,60.0,11943.0,,31.0,2.8,0.3416,0.3395,0,LOW
DEF-14485,Havildar,2,Peace Station,52,12.2,10.0,0.15,4,0.0,0.043,,0.311,0.29,0.073,0.008,8.1,0.237,64.4,57.0,6805.0,,22.0,1.3,0.0723,0.1796,0,LOW
DEF-14486,Sepoy,1,High Altitude (Siachen/Ladakh),85,,,0.85,2,0.0,0.098,-0.616,0.702,0.673,0.613,0.306,,,,86.0,9498.0,0.74,94.0,4.2,0.2508,0.2632,0,LOW
DEF-14487,Sepoy,1,Counter-Insurgency,141,,11.0,0.9,1,0.0,0.22,-0.221,0.342,0.663,0.347,0.236,4.4,,65.9,,16085.0,0.69,82.0,3.7,0.6336,0.6064,1,MEDIUM
DEF-14488,Havildar,2,Peace Station,76,9.9,17.0,0.15,3,0.0,0.554,0.198,0.266,,0.27,0.033,7.3,,60.4,63.0,11180.0,0.78,21.0,2.1,0.0399,0.1877,0,LOW
DEF-14489,Naik,1,Counter-Insurgency,21,21.0,13.0,0.9,2,0.0,0.511,,0.273,0.445,0.272,0.346,5.3,0.219,59.0,69.0,12033.0,0.86,87.0,2.5,0.6514,0.502,1,MEDIUM
DEF-14490,Sepoy,1,Field Outpost,64,16.4,9.0,0.45,1,2.0,0.392,0.037,0.216,0.373,0.281,0.286,7.0,0.227,60.0,62.0,8498.0,0.93,69.0,2.6,0.3635,0.4202,1,MEDIUM
DEF-14491,Naik,1,Peace Station,83,17.7,13.0,0.15,1,,0.115,,0.447,0.357,,0.258,7.2,,62.4,75.0,,0.81,69.0,3.3,0.095,0.1926,0,LOW
DEF-14492,Naik,1,Field Outpost,155,10.2,10.0,0.45,1,0.0,0.219,,0.322,0.802,,0.232,7.1,0.239,54.0,77.0,,0.59,,3.2,0.089,0.1999,0,LOW
DEF-14493,Havildar,2,Field Outpost,97,17.2,9.0,0.45,1,0.0,0.08,,0.336,0.72,0.764,0.246,,,59.1,73.0,,0.74,,3.3,0.1735,0.1659,0,LOW
DEF-14494,Havildar,2,Counter-Insurgency,37,12.3,10.0,0.9,4,0.0,0.346,,0.48,,0.464,0.283,7.5,0.193,50.8,73.0,,,61.0,3.4,0.6911,0.5324,1,MEDIUM
DEF-14495,Naik,1,Field Outpost,62,22.1,9.0,0.45,1,0.0,0.131,-0.103,0.3,0.509,0.213,,6.9,0.285,52.7,63.0,6420.0,0.63,66.0,3.0,0.249,0.3112,0,LOW
DEF-14496,Naik,1,Peace Station,100,19.9,,0.15,1,0.0,0.522,,0.404,0.32,0.946,0.239,7.7,0.275,44.9,68.0,8690.0,,100.0,3.2,0.477,0.3796,1,MEDIUM
DEF-14497,Sepoy,1,High Altitude (Siachen/Ladakh),87,15.4,16.0,0.85,2,3.0,0.496,-0.4,0.871,0.403,,0.337,7.0,0.28,,80.0,7539.0,0.78,52.0,1.8,0.2818,0.3662,0,LOW
DEF-14498,Sepoy,1,Counter-Insurgency,90,7.2,17.0,0.9,3,3.0,0.211,-0.45,0.719,0.98,0.513,0.361,6.6,0.199,41.2,83.0,6033.0,0.76,81.0,,0.1986,0.3349,0,LOW
DEF-14499,Sepoy,1,Field Outpost,25,16.3,11.0,0.45,3,0.0,0.549,,0.484,0.549,0.543,0.482,5.5,,35.1,78.0,8004.0,,,3.1,0.666,0.5616,1,MEDIUM
DEF-14500,Naik,1,Peace Station,94,16.1,16.0,0.15,1,0.0,0.338,-0.189,0.47,0.65,0.308,0.182,5.8,0.221,57.5,,9324.0,0.62,55.0,,0.02,0.1836,0,LOW
DEF-14501,Naik,1,Peace Station,73,15.0,10.0,0.15,3,,0.101,-0.556,0.555,0.765,0.711,0.345,5.9,0.171,43.1,79.0,6527.0,,58.0,2.6,0.699,0.5975,1,MEDIUM
DEF-14502,Sepoy,1,Peace Station,96,10.0,3.0,0.15,2,2.0,0.444,0.015,0.265,,,0.248,,0.332,61.6,54.0,8326.0,0.68,21.0,1.7,0.1562,0.2796,0,LOW
DEF-14503,Sepoy,1,Peace Station,71,8.4,9.0,0.15,2,0.0,0.076,-0.198,0.525,0.385,0.261,0.145,7.0,0.29,,70.0,9771.0,0.83,52.0,3.1,0.2181,0.1725,0,LOW
DEF-14504,Naik,1,Counter-Insurgency,58,16.7,11.0,0.9,3,0.0,0.632,-0.189,0.653,1.0,,0.408,,0.264,47.6,70.0,8417.0,0.76,61.0,1.9,0.7136,0.5113,1,MEDIUM
DEF-14505,Sepoy,1,Peace Station,118,6.7,15.0,0.15,1,0.0,0.501,-0.119,0.199,0.21,0.016,0.125,8.4,0.248,58.9,,,0.86,56.0,3.8,0.0778,0.2477,0,LOW
DEF-14506,Havildar,2,Field Outpost,84,11.9,8.0,0.45,3,0.0,0.474,-0.143,,,0.507,0.368,7.7,,44.5,64.0,,0.75,56.0,2.3,0.3553,0.3421,1,MEDIUM
DEF-14507,Sepoy,1,High Altitude (Siachen/Ladakh),28,19.0,13.0,0.85,2,0.0,0.355,,0.515,0.728,1.0,0.492,5.0,0.215,,84.0,8785.0,0.58,69.0,3.4,0.7681,0.4639,1,MEDIUM
DEF-14508,Naik,1,Counter-Insurgency,68,,16.0,0.9,4,0.0,0.318,-0.11,0.574,,0.615,0.151,6.9,0.261,51.9,79.0,8289.0,0.64,84.0,,0.4545,0.3803,1,MEDIUM
DEF-14509,Major,4,Peace Station,52,4.2,11.0,0.15,1,0.0,0.155,0.14,0.224,0.308,0.138,0.0,7.6,,69.1,59.0,8931.0,0.86,29.0,,0.0889,0.082,0,LOW
DEF-14510,Sepoy,1,Field Outpost,48,16.5,10.0,0.45,4,0.0,0.215,-0.29,0.236,0.779,,0.302,6.0,0.22,,67.0,9983.0,0.88,57.0,,0.2362,0.1924,0,LOW
DEF-14511,Naik,1,Peace Station,86,31.3,11.0,0.15,2,1.0,0.723,0.203,,0.547,0.26,0.403,5.8,0.322,51.8,52.0,10728.0,,47.0,,0.414,0.4333,1,MEDIUM
DEF-14512,Sepoy,1,Peace Station,71,19.7,17.0,0.15,2,0.0,0.52,-0.048,0.514,0.791,0.406,0.282,,,,73.0,6567.0,0.65,73.0,2.4,0.7691,0.7301,2,HIGH
DEF-14513,Naik,1,Peace Station,85,11.7,14.0,0.15,2,0.0,0.353,,0.169,,,0.265,5.7,0.257,45.4,72.0,7701.0,0.83,45.0,2.8,0.3751,0.4202,1,MEDIUM
DEF-14514,Naik,1,Field Outpost,109,25.1,11.0,0.45,4,0.0,0.43,0.013,0.354,,0.401,,6.2,0.272,50.5,62.0,8154.0,0.86,52.0,3.8,0.0855,0.1758,0,LOW
DEF-14515,Sepoy,1,Peace Station,61,32.7,12.0,0.15,2,1.0,0.62,-0.161,0.658,0.752,0.57,0.35,,,57.6,75.0,9103.0,0.89,71.0,2.6,0.3525,0.3882,1,MEDIUM
DEF-14516,Naik,1,Field Outpost,106,21.3,16.0,0.45,2,0.0,0.461,,0.422,0.494,0.508,0.313,6.0,0.204,43.8,64.0,7066.0,0.6,129.0,3.3,0.5817,0.6368,1,MEDIUM
DEF-14517,Subedar,3,Peace Station,43,0.0,14.0,0.15,3,0.0,0.7,0.378,0.534,0.259,0.302,0.19,6.6,0.205,48.8,,9879.0,,83.0,2.1,0.0701,0.0967,0,LOW
DEF-14518,Sepoy,1,Counter-Insurgency,122,19.2,15.0,0.9,1,0.0,0.413,-0.303,0.777,0.375,,0.509,5.0,0.285,,80.0,8083.0,0.91,62.0,4.6,0.8049,0.6957,2,HIGH
DEF-14519,Sepoy,1,Field Outpost,46,25.5,13.0,0.45,1,1.0,0.449,,0.406,,0.434,0.443,6.3,0.27,,66.0,10642.0,0.65,,3.1,0.5625,0.4533,1,MEDIUM
DEF-14520,Subedar,3,Counter-Insurgency,31,0.0,16.0,0.9,3,0.0,0.581,0.001,0.388,,,0.052,7.2,0.265,59.5,70.0,10102.0,0.83,,1.5,0.0587,0.0853,0,LOW
DEF-14521,Naik,1,Peace Station,80,22.0,11.0,0.15,1,0.0,0.208,-0.323,,0.669,0.435,0.417,5.5,0.184,50.3,73.0,10137.0,0.64,78.0,3.2,0.7802,0.6108,2,HIGH
DEF-14522,Subedar,3,High Altitude (Siachen/Ladakh),62,12.3,13.0,0.85,3,0.0,0.558,-0.265,0.747,0.454,,0.246,6.3,0.193,51.1,69.0,11803.0,0.55,70.0,3.1,0.7895,0.6213,2,HIGH
DEF-14523,Naik,1,Field Outpost,67,25.2,6.0,0.45,2,0.0,0.517,-0.335,,0.66,,0.473,5.5,0.208,29.9,81.0,8739.0,0.52,77.0,4.8,0.85,0.6706,2,HIGH
DEF-14524,Havildar,2,Peace Station,29,13.4,7.0,0.15,2,2.0,0.595,,0.405,0.484,0.495,0.256,7.6,,35.8,72.0,7182.0,,62.0,3.3,0.1773,0.1097,0,LOW
DEF-14525,Sepoy,1,High Altitude (Siachen/Ladakh),30,16.9,14.0,0.85,1,0.0,0.159,-0.193,0.531,0.75,0.568,0.271,6.0,0.223,53.0,78.0,9226.0,0.74,60.0,,0.3628,0.2451,0,LOW
DEF-14526,Havildar,2,High Altitude (Siachen/Ladakh),51,17.1,13.0,0.85,3,0.0,0.208,-0.137,0.536,,1.0,0.438,5.3,0.198,54.8,74.0,6660.0,0.72,67.0,3.8,0.4802,0.4351,1,MEDIUM
DEF-14527,Subedar,3,Counter-Insurgency,96,20.1,6.0,0.9,3,1.0,0.528,-0.313,,,,,7.4,,30.6,88.0,,0.54,93.0,3.8,0.9009,0.7517,2,HIGH
DEF-14528,Naik,1,High Altitude (Siachen/Ladakh),53,17.8,16.0,0.85,2,0.0,0.439,0.198,0.473,,0.511,0.383,5.5,0.251,39.3,73.0,,0.64,62.0,,0.5497,0.5256,1,MEDIUM
DEF-14529,Sepoy,1,Peace Station,30,6.4,9.0,0.15,1,0.0,0.561,-0.062,0.574,0.383,,0.387,7.0,0.258,,75.0,4801.0,0.67,102.0,3.2,0.1164,0.0245,0,LOW
DEF-14530,Sepoy,1,Peace Station,122,11.8,17.0,0.15,1,0.0,0.649,-0.029,0.444,0.56,0.331,0.015,6.3,,46.5,62.0,11889.0,0.82,56.0,2.0,0.0724,0.261,0,LOW
DEF-14531,Sepoy,1,Field Outpost,29,13.9,15.0,0.45,3,0.0,0.232,,0.445,0.563,0.282,0.161,5.9,0.195,,66.0,5858.0,0.62,68.0,3.5,0.241,0.2245,0,LOW
DEF-14532,Sepoy,1,Peace Station,68,24.5,10.0,0.15,2,0.0,0.449,0.097,,0.779,0.322,0.41,,0.206,,71.0,9406.0,1.0,82.0,2.6,0.4351,0.3414,1,MEDIUM
DEF-14533,Sepoy,1,High Altitude (Siachen/Ladakh),96,18.1,13.0,0.85,1,0.0,0.281,0.35,0.968,0.886,0.611,0.384,6.7,0.207,17.4,71.0,11141.0,0.59,90.0,,0.85,0.6933,2,HIGH
DEF-14534,Naik,1,Field Outpost,49,8.4,12.0,0.45,3,0.0,0.211,0.099,,,0.413,0.175,6.1,0.266,50.5,,,0.67,,3.0,0.2631,0.2501,0,LOW
DEF-14535,Naik,1,Counter-Insurgency,96,6.2,9.0,0.9,3,0.0,0.486,0.145,0.645,0.315,0.466,0.287,,0.254,53.9,68.0,7324.0,0.83,56.0,3.1,0.2665,0.289,0,LOW
DEF-14536,Sepoy,1,Field Outpost,147,19.6,4.0,0.45,1,0.0,0.751,0.203,,,0.401,0.257,6.5,0.292,45.1,68.0,7010.0,0.94,,3.4,0.2157,0.2629,0,LOW
DEF-14537,Naik,1,Field Outpost,94,10.0,14.0,0.45,3,0.0,0.406,-0.122,0.333,0.438,0.386,,6.8,0.169,58.9,60.0,7247.0,0.7,42.0,2.2,0.3949,0.5227,1,MEDIUM
DEF-14538,Sepoy,1,Peace Station,61,20.4,9.0,0.15,3,0.0,0.723,-0.195,,0.584,0.631,0.367,7.0,,,70.0,,0.63,75.0,2.4,0.1632,0.1604,0,LOW
DEF-14539,Sepoy,1,Peace Station,67,13.5,14.0,0.15,4,0.0,0.231,0.073,0.598,,0.407,0.165,7.8,0.301,,60.0,5532.0,0.68,64.0,,0.1787,0.2638,0,LOW
DEF-14540,Sepoy,1,High Altitude (Siachen/Ladakh),13,26.4,9.0,0.85,1,0.0,0.644,-0.216,0.639,0.458,0.415,0.394,7.1,,,61.0,9795.0,0.87,53.0,,0.4097,0.3215,1,MEDIUM
DEF-14541,Naik,1,Counter-Insurgency,45,7.7,13.0,0.9,1,0.0,0.352,-0.401,0.825,0.8,0.33,0.331,7.2,0.195,50.1,60.0,10655.0,0.63,80.0,,0.2982,0.2817,0,LOW
DEF-14542,Sepoy,1,Field Outpost,13,26.2,12.0,0.45,4,0.0,0.476,-0.075,0.596,0.9,0.395,0.467,,0.165,,,,0.54,87.0,3.8,0.8607,0.6538,2,HIGH
DEF-14543,Sepoy,1,High Altitude (Siachen/Ladakh),36,22.4,12.0,0.85,1,1.0,0.631,-0.275,0.819,0.595,0.352,0.232,5.8,0.249,58.7,,6793.0,0.84,,2.1,0.6713,0.5761,1,MEDIUM
DEF-14544,Sepoy,1,Field Outpost,64,10.3,15.0,0.45,2,0.0,,0.441,0.307,0.025,0.421,0.02,8.3,0.255,52.6,67.0,9297.0,,55.0,2.0,0.3768,0.5235,1,MEDIUM
DEF-14545,Havildar,2,Counter-Insurgency,77,6.5,7.0,0.9,2,0.0,,-0.221,,0.694,0.905,0.207,6.5,,47.6,,8503.0,0.8,62.0,4.2,0.5093,0.4228,1,MEDIUM
DEF-14546,Sepoy,1,Peace Station,86,30.4,,0.15,2,1.0,0.415,-0.281,,0.496,0.611,0.592,6.3,,,75.0,9201.0,,77.0,4.7,0.7958,0.6629,2,HIGH
DEF-14547,Naik,1,Field Outpost,173,6.3,10.0,0.45,1,1.0,0.348,,0.447,0.49,0.62,0.219,6.5,,63.1,65.0,11181.0,0.68,56.0,,0.3936,0.5241,1,MEDIUM
DEF-14548,Naik,1,Field Outpost,23,16.6,13.0,0.45,4,0.0,0.481,-0.11,0.825,0.699,0.642,0.427,6.4,0.206,44.3,79.0,6067.0,,,,0.4051,0.3753,1,MEDIUM
DEF-14549,Havildar,2,Field Outpost,35,16.9,11.0,0.45,1,0.0,0.633,0.163,0.337,,,0.18,6.8,0.293,52.5,69.0,,0.79,,2.8,0.3886,0.4122,1,MEDIUM
DEF-14550,Major,4,Peace Station,75,14.1,11.0,0.15,2,1.0,0.307,0.099,0.415,0.367,0.41,0.209,7.4,,72.5,71.0,,,,3.9,0.1288,0.1471,0,LOW
DEF-14551,Sepoy,1,Field Outpost,101,20.6,11.0,0.45,2,,0.522,0.041,,1.0,0.568,0.264,,0.238,,,4383.0,0.52,100.0,2.8,0.2525,0.2196,0,LOW
DEF-14552,Sepoy,1,Field Outpost,42,6.1,10.0,0.45,1,1.0,0.444,-0.569,0.384,0.541,0.39,0.282,5.9,0.247,,73.0,5763.0,,69.0,3.0,0.0611,0.1537,0,LOW
DEF-14553,Subedar,3,Peace Station,71,30.4,13.0,0.15,1,2.0,0.304,-0.576,1.0,0.601,0.632,0.67,5.7,0.185,53.6,78.0,9556.0,0.59,74.0,2.8,0.8078,0.7336,2,HIGH
DEF-14554,Naik,1,High Altitude (Siachen/Ladakh),78,7.0,10.0,0.85,4,0.0,0.053,,0.583,,0.323,0.131,6.5,0.206,50.0,68.0,5098.0,0.7,58.0,3.5,0.296,0.2609,0,LOW
DEF-14555,Naik,1,High Altitude (Siachen/Ladakh),155,12.8,8.0,0.85,2,1.0,0.387,-0.143,,0.358,,,5.4,0.198,43.4,68.0,,0.8,,3.1,0.5749,0.583,1,MEDIUM
DEF-14556,Naik,1,Counter-Insurgency,25,1.8,12.0,0.9,2,0.0,0.72,-0.059,0.454,0.284,0.336,0.062,6.9,,63.8,63.0,,0.74,62.0,2.4,0.4101,0.3247,1,MEDIUM
DEF-14557,Naik,1,Field Outpost,85,22.9,17.0,0.45,3,1.0,0.238,0.167,0.293,0.579,0.687,0.147,7.0,0.224,53.9,,10862.0,0.71,51.0,2.2,0.1911,0.3377,0,LOW
DEF-14558,Major,4,Peace Station,103,30.0,13.0,0.15,1,0.0,0.284,,,0.826,,0.605,5.7,0.226,35.0,74.0,8956.0,0.66,67.0,3.8,0.8102,0.7088,2,HIGH
DEF-14559,Colonel,4,Field Outpost,90,31.1,15.0,0.45,3,0.0,0.289,-0.21,0.541,0.667,0.878,0.473,,0.092,37.9,87.0,4943.0,,76.0,2.5,0.7335,0.7354,2,HIGH
DEF-14560,Havildar,2,Peace Station,130,23.6,15.0,0.15,1,0.0,0.263,0.115,0.657,0.22,0.474,0.44,6.0,0.198,66.9,72.0,5179.0,0.64,42.0,2.0,0.3982,0.437,1,MEDIUM
DEF-14561,Sepoy,1,Field Outpost,30,10.8,10.0,0.45,3,0.0,0.429,-0.612,0.436,,0.355,0.368,,,52.5,,14420.0,,62.0,2.2,0.3627,0.3287,0,LOW
DEF-14562,Subedar,3,Peace Station,11,14.0,,0.15,1,2.0,0.344,0.168,0.913,0.378,0.464,0.375,5.4,0.172,45.9,,10487.0,0.6,53.0,3.7,0.4271,0.4242,1,MEDIUM
DEF-14563,Sepoy,1,Field Outpost,125,11.3,11.0,0.45,3,,0.628,-0.009,0.436,0.463,0.156,0.318,6.8,0.247,,,10503.0,0.64,43.0,3.1,0.1448,0.2261,0,LOW
DEF-14564,Sepoy,1,Peace Station,51,3.7,16.0,0.15,2,0.0,0.408,,0.714,0.814,0.532,0.308,6.4,0.251,,71.0,7976.0,0.82,62.0,2.9,0.2504,0.2965,0,LOW
DEF-14565,Subedar,3,Peace Station,61,11.5,14.0,0.15,1,0.0,,-0.413,0.423,0.286,0.513,0.38,,0.261,57.6,66.0,9032.0,,64.0,2.7,0.3932,0.4441,1,MEDIUM
DEF-14566,Sepoy,1,Counter-Insurgency,66,21.7,15.0,0.9,1,1.0,0.881,,0.546,,,0.227,7.1,0.285,52.5,63.0,1693.0,0.71,47.0,2.5,0.3542,0.3023,0,LOW
DEF-14567,Sepoy,1,Counter-Insurgency,69,6.6,10.0,0.9,1,0.0,0.443,-0.011,0.353,0.384,0.345,0.191,6.9,0.163,,72.0,9939.0,0.72,44.0,3.4,0.3454,0.3506,0,LOW
DEF-14568,Sepoy,1,Field Outpost,109,0.0,16.0,0.45,4,1.0,0.882,0.288,0.816,0.451,0.637,0.144,6.9,0.233,,,5788.0,,62.0,3.9,0.3993,0.5095,1,MEDIUM
DEF-14569,Subedar,3,Peace Station,83,3.3,19.0,0.15,1,0.0,0.17,0.174,,,0.073,0.144,5.8,0.259,59.5,66.0,7475.0,,43.0,2.8,0.074,0.1879,0,LOW
DEF-14570,Naik,1,Counter-Insurgency,24,21.0,9.0,0.9,2,0.0,0.296,-0.09,0.609,0.669,0.571,0.59,,0.193,53.0,76.0,,0.56,77.0,4.3,0.6499,0.5099,1,MEDIUM
DEF-14571,Naik,1,Counter-Insurgency,60,0.0,6.0,0.9,1,1.0,0.635,,0.701,0.92,0.766,,6.9,,45.5,72.0,9573.0,0.75,,3.8,0.4295,0.3355,1,MEDIUM
DEF-14572,Sepoy,1,Counter-Insurgency,77,10.0,15.0,0.9,4,0.0,0.464,-0.044,0.264,0.672,0.678,0.313,7.1,,,72.0,10030.0,0.93,70.0,3.3,0.3192,0.3008,0,LOW
DEF-14573,Havildar,2,Field Outpost,88,10.7,7.0,0.45,2,0.0,0.121,-0.083,0.23,0.393,,0.139,6.8,,54.4,66.0,11393.0,0.89,39.0,2.4,0.2478,0.2136,0,LOW
DEF-14574,Havildar,2,Peace Station,58,16.2,9.0,0.15,1,1.0,0.167,-0.173,0.884,0.503,,0.323,6.2,0.233,51.5,62.0,12282.0,0.51,60.0,2.7,0.2297,0.1837,0,LOW
DEF-14575,Sepoy,1,Peace Station,45,16.0,8.0,0.15,2,0.0,0.455,,0.46,0.384,0.793,0.48,6.3,0.213,54.9,,14490.0,0.7,67.0,4.5,0.0771,0.1386,0,LOW
DEF-14576,Sepoy,1,Counter-Insurgency,112,17.4,13.0,0.9,4,0.0,0.773,-0.451,,,0.99,0.367,6.1,0.209,33.1,71.0,5333.0,0.53,93.0,3.1,0.8443,0.8222,2,HIGH
DEF-14577,Sepoy,1,Counter-Insurgency,50,,14.0,0.9,2,1.0,0.352,0.015,,,,0.26,5.8,0.249,,,8314.0,0.72,69.0,3.2,0.4349,0.3715,1,MEDIUM
DEF-14578,Major,4,Field Outpost,93,6.0,20.0,0.45,2,,0.47,0.009,0.58,0.614,0.5,,,,53.3,75.0,,,83.0,,0.3621,0.562,1,MEDIUM
DEF-14579,Naik,1,Peace Station,107,21.7,10.0,0.15,1,1.0,0.254,-0.407,0.428,0.352,0.477,,5.8,,43.9,68.0,,0.64,90.0,2.9,0.5745,0.5212,1,MEDIUM
DEF-14580,Major,4,Field Outpost,74,0.0,14.0,0.45,1,0.0,0.469,0.147,,0.303,0.583,0.145,7.8,0.218,59.9,56.0,8911.0,0.76,34.0,2.8,0.0744,0.0846,0,LOW
DEF-14581,Sepoy,1,High Altitude (Siachen/Ladakh),41,20.6,10.0,0.85,1,0.0,0.207,-0.739,,0.545,,0.421,,0.308,41.0,82.0,,0.63,,3.5,0.8111,0.7147,2,HIGH
DEF-14582,Havildar,2,High Altitude (Siachen/Ladakh),83,23.7,13.0,0.85,2,,0.351,,,,0.435,0.517,6.5,,51.0,84.0,11896.0,0.67,85.0,3.4,0.4548,0.4242,1,MEDIUM
DEF-14583,Havildar,2,Field Outpost,54,33.9,10.0,0.45,3,2.0,0.114,-0.022,0.254,0.505,0.33,0.604,5.9,,47.4,60.0,9949.0,,108.0,,0.2911,0.2533,0,LOW
DEF-14584,Naik,1,Peace Station,209,7.6,11.0,0.15,3,,0.292,0.176,0.384,0.283,0.091,0.033,8.9,0.223,55.6,,6667.0,,,1.0,0.1548,0.2895,0,LOW
DEF-14585,Major,4,Peace Station,104,9.2,11.0,0.15,3,0.0,0.767,,0.201,0.502,0.357,0.137,7.9,0.228,68.2,68.0,7433.0,0.49,,3.9,0.2569,0.3151,0,LOW
DEF-14586,Sepoy,1,High Altitude (Siachen/Ladakh),102,14.5,11.0,0.85,1,0.0,0.566,0.001,0.604,0.39,0.803,0.351,7.8,,49.5,62.0,11159.0,0.57,54.0,3.4,0.3264,0.2471,0,LOW
DEF-14587,Sepoy,1,High Altitude (Siachen/Ladakh),122,13.8,20.0,0.85,3,0.0,0.341,0.626,0.493,,0.522,,,0.233,,67.0,,0.66,50.0,3.5,0.4106,0.6252,1,MEDIUM
DEF-14588,Naik,1,Peace Station,14,21.1,12.0,0.15,2,0.0,0.232,-0.287,0.757,,0.471,0.475,7.0,0.281,50.6,68.0,13221.0,0.68,55.0,2.7,0.5563,0.5016,1,MEDIUM
DEF-14589,Havildar,2,Peace Station,61,18.4,17.0,0.15,2,4.0,0.147,-0.382,0.789,0.452,0.545,0.315,,0.223,40.5,75.0,7640.0,0.73,74.0,2.5,0.728,0.6095,2,HIGH
DEF-14590,Naik,1,High Altitude (Siachen/Ladakh),118,11.0,7.0,0.85,2,0.0,0.464,0.076,0.439,0.773,0.454,,5.7,0.203,51.1,69.0,8965.0,,,3.5,0.3718,0.4388,1,MEDIUM
DEF-14591,Sepoy,1,Field Outpost,45,13.2,12.0,0.45,1,,,-0.123,,0.776,0.303,0.234,7.0,,,,9815.0,0.7,113.0,3.0,0.1111,0.0644,0,LOW
DEF-14592,Naik,1,Field Outpost,21,21.9,,0.45,1,0.0,0.232,0.372,0.639,,0.376,0.224,6.8,0.225,47.3,,13962.0,0.92,38.0,2.7,0.1574,0.0597,0,LOW
DEF-14593,Sepoy,1,Field Outpost,70,3.2,18.0,0.45,2,0.0,0.036,-0.05,0.331,0.227,0.149,0.083,7.7,0.308,70.7,,9408.0,0.91,36.0,1.8,0.0316,0.2177,0,LOW
DEF-14594,Sepoy,1,High Altitude (Siachen/Ladakh),35,12.0,16.0,0.85,1,0.0,0.289,-0.011,0.52,0.756,0.522,0.521,5.6,0.15,46.9,73.0,,0.77,73.0,2.9,0.5717,0.4938,1,MEDIUM
DEF-14595,Naik,1,High Altitude (Siachen/Ladakh),38,18.7,13.0,0.85,2,0.0,,-0.196,0.474,0.462,0.677,0.293,5.2,0.184,46.7,72.0,4762.0,0.61,79.0,3.5,0.8421,0.6828,2,HIGH
DEF-14596,Havildar,2,Peace Station,58,4.9,16.0,0.15,1,0.0,0.388,,0.605,0.575,,0.258,7.2,0.236,48.8,71.0,13705.0,,82.0,1.9,0.2046,0.301,0,LOW
DEF-14597,Sepoy,1,Field Outpost,28,0.0,9.0,0.45,4,1.0,0.691,,0.355,0.528,0.181,0.162,8.0,0.269,,78.0,11363.0,,93.0,3.2,0.5967,0.4457,1,MEDIUM
DEF-14598,Sepoy,1,Peace Station,56,26.3,7.0,0.15,4,0.0,,0.303,0.271,0.6,0.373,0.541,8.1,,67.9,64.0,7720.0,0.99,55.0,2.2,0.104,0.1281,0,LOW
DEF-14599,Sepoy,1,High Altitude (Siachen/Ladakh),75,13.8,14.0,0.85,4,0.0,0.283,0.008,0.332,0.684,0.421,,5.8,0.243,42.9,78.0,,,75.0,4.1,0.3352,0.3392,0,LOW
DEF-14600,Sepoy,1,High Altitude (Siachen/Ladakh),183,3.3,8.0,0.85,3,0.0,0.557,-0.032,0.487,,0.693,,,,,76.0,7601.0,,94.0,2.1,0.7658,0.6575,2,HIGH
DEF-14601,Havildar,2,Peace Station,47,21.8,16.0,0.15,4,1.0,0.667,-0.506,0.87,0.582,0.693,0.29,5.4,0.155,51.5,,3358.0,,93.0,2.5,0.7654,0.7549,2,HIGH
DEF-14602,Subedar,3,Peace Station,59,12.2,13.0,0.15,3,2.0,0.348,,0.466,,0.173,0.1,,,69.4,70.0,16549.0,0.76,,2.2,0.2349,0.2467,0,LOW
DEF-14603,Sepoy,1,Peace Station,91,5.2,9.0,0.15,4,0.0,,,,0.323,0.477,0.358,8.4,,61.4,69.0,5617.0,,64.0,,0.1772,0.2608,0,LOW
DEF-14604,Havildar,2,Field Outpost,52,17.1,11.0,0.45,2,1.0,0.599,-0.322,,0.775,0.642,0.185,6.7,0.274,39.6,68.0,10199.0,0.69,,2.6,0.5045,0.4636,1,MEDIUM
DEF-14605,Subedar,3,Peace Station,43,14.4,14.0,0.15,3,0.0,0.361,0.109,0.706,0.526,0.521,0.193,7.2,0.188,52.1,74.0,10306.0,0.93,102.0,2.7,0.6251,0.5464,1,MEDIUM
DEF-14606,Havildar,2,High Altitude (Siachen/Ladakh),119,8.8,18.0,0.85,1,0.0,0.287,,0.23,0.43,0.428,0.095,6.7,0.315,56.9,61.0,9611.0,0.94,38.0,2.9,0.1921,0.3365,0,LOW
DEF-14607,Sepoy,1,High Altitude (Siachen/Ladakh),150,7.5,5.0,0.85,2,2.0,0.628,-0.396,,0.734,,0.293,6.4,0.213,,70.0,6703.0,0.84,94.0,2.7,0.4069,0.399,1,MEDIUM
DEF-14608,Major,4,Field Outpost,51,5.3,12.0,0.45,4,0.0,0.618,-0.035,0.692,0.653,0.656,0.255,5.8,,57.1,76.0,12012.0,0.72,97.0,3.2,0.2586,0.2865,0,LOW
DEF-14609,Sepoy,1,Counter-Insurgency,42,20.3,10.0,0.9,2,0.0,0.269,0.091,0.482,0.544,0.537,0.389,6.8,0.193,36.2,62.0,6938.0,0.76,69.0,3.1,0.4797,0.4437,1,MEDIUM
DEF-14610,Sepoy,1,Field Outpost,38,3.4,11.0,0.45,1,1.0,,0.364,,0.659,0.409,0.285,6.1,0.221,45.6,,5818.0,0.82,52.0,3.9,0.2708,0.2873,0,LOW
DEF-14611,Sepoy,1,Counter-Insurgency,93,7.2,6.0,0.9,2,0.0,0.318,0.28,0.379,0.23,0.662,0.076,7.0,,,,10864.0,0.73,34.0,1.7,0.1108,0.1177,0,LOW
DEF-14612,Naik,1,Peace Station,129,14.9,8.0,0.15,3,0.0,0.016,,0.301,,0.329,0.279,7.4,0.231,63.9,,10654.0,0.72,52.0,2.4,0.2853,0.2372,0,LOW
DEF-14613,Sepoy,1,Peace Station,81,26.4,9.0,0.15,3,0.0,0.025,-0.358,,0.634,0.665,0.322,5.3,,,72.0,6909.0,0.73,56.0,3.1,0.4897,0.4003,1,MEDIUM
DEF-14614,Sepoy,1,Field Outpost,95,15.1,,0.45,2,0.0,0.261,,0.269,0.507,0.46,0.241,6.7,0.171,,69.0,5659.0,0.7,41.0,2.7,0.4489,0.3462,1,MEDIUM
DEF-14615,Sepoy,1,Field Outpost,114,19.0,3.0,0.45,1,1.0,0.328,,0.186,0.239,,0.0,7.5,0.252,60.4,,13077.0,0.73,98.0,3.2,0.1824,0.2012,0,LOW
DEF-14616,Havildar,2,Peace Station,152,14.9,10.0,0.15,4,2.0,0.665,-0.193,0.857,0.613,0.621,0.434,6.2,0.183,59.3,80.0,,,63.0,3.2,0.3748,0.4385,1,MEDIUM
DEF-14617,Subedar,3,Field Outpost,83,21.7,8.0,0.45,3,0.0,0.775,-0.218,0.469,0.434,0.641,0.471,5.5,0.277,63.5,75.0,,0.72,65.0,2.9,0.6915,0.6324,1,MEDIUM
DEF-14618,Sepoy,1,Peace Station,50,30.5,13.0,0.15,1,4.0,0.07,0.123,0.322,0.356,0.648,0.406,6.3,0.255,43.9,70.0,8350.0,0.75,53.0,3.3,0.6092,0.498,1,MEDIUM
DEF-14619,Subedar,3,Counter-Insurgency,98,10.3,21.0,0.9,3,0.0,0.258,0.138,,0.512,0.684,0.189,7.5,,53.0,66.0,8063.0,0.83,54.0,3.6,0.0776,0.3119,0,LOW
DEF-14620,Subedar,3,Field Outpost,122,14.1,11.0,0.45,1,0.0,0.506,-0.022,0.146,0.32,0.402,0.172,7.1,0.233,67.5,70.0,,0.82,40.0,2.8,0.2866,0.377,0,LOW
DEF-14621,Havildar,2,Field Outpost,55,15.5,16.0,0.45,1,0.0,0.199,-0.177,0.646,,0.698,0.309,5.7,,37.6,73.0,7222.0,0.74,81.0,3.7,0.4967,0.4624,1,MEDIUM
DEF-14622,Sepoy,1,Counter-Insurgency,14,18.5,14.0,0.9,3,0.0,0.428,-0.052,0.936,0.589,0.487,0.275,5.6,0.151,,79.0,8630.0,,66.0,3.8,0.5212,0.3657,1,MEDIUM
DEF-14623,Naik,1,High Altitude (Siachen/Ladakh),49,15.1,6.0,0.85,3,1.0,0.276,-0.05,,0.473,0.265,0.158,7.3,0.307,41.5,70.0,5942.0,0.83,39.0,2.6,0.4399,0.3896,1,MEDIUM
DEF-14624,Major,4,Field Outpost,28,9.4,8.0,0.45,1,1.0,0.618,0.212,0.51,0.516,0.32,0.235,7.7,0.167,68.1,,,0.69,44.0,2.4,0.1648,0.1951,0,LOW
DEF-14625,Naik,1,Field Outpost,8,13.9,11.0,0.45,1,1.0,0.414,,0.333,,0.353,0.256,8.2,0.294,64.8,66.0,,0.86,,1.7,0.0958,0.0388,0,LOW
DEF-14626,Sepoy,1,Field Outpost,51,,9.0,0.45,1,0.0,0.776,,0.636,0.661,0.896,0.589,5.1,0.051,26.9,,8050.0,0.81,72.0,3.1,0.98,0.781,2,HIGH
DEF-14627,Naik,1,Peace Station,61,16.7,14.0,0.15,4,1.0,0.125,-0.117,,0.918,,0.288,8.2,0.192,54.6,71.0,,0.84,39.0,3.1,0.2845,0.2688,0,LOW
DEF-14628,Naik,1,Peace Station,86,0.0,12.0,0.15,3,0.0,0.487,0.552,0.316,0.407,0.489,0.201,6.6,,53.2,76.0,11683.0,,93.0,,0.1836,0.1732,0,LOW
DEF-14629,Naik,1,Peace Station,94,10.6,8.0,0.15,2,0.0,0.287,-0.148,0.322,0.44,0.356,0.322,,0.209,50.1,68.0,,0.79,169.0,,0.1522,0.2503,0,LOW
DEF-14630,Sepoy,1,High Altitude (Siachen/Ladakh),53,14.1,11.0,0.85,1,2.0,0.147,0.066,,,0.615,0.113,7.0,,,63.0,11786.0,0.68,,3.1,0.169,0.1557,0,LOW
DEF-14631,Sepoy,1,Peace Station,89,12.8,14.0,0.15,1,0.0,0.231,0.41,0.246,0.43,0.372,0.241,7.9,0.307,48.2,,8340.0,0.8,47.0,2.4,0.0992,0.2433,0,LOW
DEF-14632,Havildar,2,Peace Station,85,13.4,12.0,0.15,3,,0.4,0.158,0.135,,0.236,,,,77.8,56.0,10961.0,0.96,24.0,2.5,0.1217,0.1739,0,LOW
DEF-14633,Subedar,3,Peace Station,84,16.4,9.0,0.15,1,0.0,0.73,0.287,0.002,0.16,0.413,,8.4,0.281,58.6,58.0,,0.96,54.0,1.1,0.0686,0.1761,0,LOW
DEF-14634,Sepoy,1,High Altitude (Siachen/Ladakh),39,18.3,19.0,0.85,2,2.0,0.561,-0.006,0.537,0.41,0.489,0.419,7.0,0.284,,72.0,5961.0,0.61,48.0,2.7,0.3875,0.3893,1,MEDIUM
DEF-14635,Major,4,Field Outpost,99,16.2,11.0,0.45,3,0.0,,0.526,0.411,0.423,0.679,0.204,,,43.3,63.0,6645.0,0.72,68.0,2.6,0.3469,0.4384,1,MEDIUM
DEF-14636,Sepoy,1,High Altitude (Siachen/Ladakh),72,22.1,7.0,0.85,1,0.0,0.343,0.533,0.642,,,0.336,6.4,0.199,52.4,,,,108.0,1.5,0.5576,0.4745,1,MEDIUM
DEF-14637,Naik,1,Peace Station,62,1.3,12.0,0.15,1,0.0,0.082,-0.158,0.797,0.24,0.428,0.136,5.6,,47.2,,8226.0,,74.0,2.7,0.2358,0.2299,0,LOW
DEF-14638,Havildar,2,Counter-Insurgency,42,11.9,18.0,0.9,1,0.0,0.567,-0.478,,0.549,0.703,0.431,5.4,0.173,60.4,77.0,8631.0,,,4.1,0.3762,0.3937,1,MEDIUM
DEF-14639,Havildar,2,Field Outpost,52,17.7,12.0,0.45,2,0.0,0.225,-0.009,0.574,0.702,0.949,0.229,5.5,,45.5,66.0,11911.0,0.73,59.0,3.3,0.8542,0.6433,2,HIGH
DEF-14640,Major,4,Field Outpost,107,16.2,12.0,0.45,3,0.0,0.398,-0.183,0.615,0.701,0.549,0.583,5.9,0.165,48.9,75.0,,,172.0,4.1,0.7574,0.8327,2,HIGH
DEF-14641,Sepoy,1,Counter-Insurgency,89,8.5,11.0,0.9,2,0.0,0.384,0.445,0.347,,0.43,,7.2,0.224,50.0,74.0,,0.75,39.0,,0.1592,0.1511,0,LOW
DEF-14642,Subedar,3,Counter-Insurgency,45,9.5,14.0,0.9,1,0.0,0.614,0.114,,0.286,,0.389,6.6,0.207,54.7,73.0,7948.0,0.96,67.0,2.3,0.208,0.149,0,LOW
DEF-14643,Sepoy,1,High Altitude (Siachen/Ladakh),70,6.8,15.0,0.85,2,0.0,0.302,-0.227,0.666,0.567,0.803,0.407,6.0,,,80.0,9891.0,0.81,71.0,2.9,0.4098,0.3844,1,MEDIUM
DEF-14644,Havildar,2,Counter-Insurgency,87,22.3,14.0,0.9,1,0.0,0.425,-0.392,0.623,0.605,0.479,0.587,7.0,0.138,61.1,74.0,10151.0,,57.0,3.8,0.3743,0.4092,1,MEDIUM
DEF-14645,Havildar,2,Field Outpost,47,,17.0,0.45,1,1.0,,-0.14,,0.543,0.363,0.138,6.5,0.264,60.7,70.0,11649.0,0.83,51.0,3.7,0.2197,0.2177,0,LOW
DEF-14646,Naik,1,Peace Station,98,3.1,16.0,0.15,2,0.0,0.407,0.034,0.096,0.16,0.274,0.0,7.6,0.272,63.6,,9666.0,,41.0,1.3,0.1606,0.3271,0,LOW
DEF-14647,Sepoy,1,Peace Station,18,17.6,14.0,0.15,4,0.0,0.375,-0.259,0.458,0.965,0.392,0.415,6.7,0.232,42.8,72.0,,,108.0,4.3,0.2174,0.2122,0,LOW
DEF-14648,Subedar,3,Field Outpost,98,18.6,10.0,0.45,3,2.0,0.031,-0.219,,,0.321,0.341,6.0,0.24,47.8,71.0,6063.0,0.58,54.0,3.8,0.5206,0.4796,1,MEDIUM
DEF-14649,Sepoy,1,Field Outpost,94,0.5,13.0,0.45,3,0.0,0.343,0.112,0.112,0.061,0.475,0.167,7.5,,,,,0.92,,3.3,0.0819,0.1546,0,LOW
DEF-14650,Sepoy,1,Field Outpost,76,19.3,15.0,0.45,3,0.0,0.856,-0.288,0.517,0.564,0.482,0.536,4.3,0.202,,82.0,5121.0,0.53,86.0,4.6,0.8292,0.6816,2,HIGH
DEF-14651,Havildar,2,Counter-Insurgency,57,15.5,9.0,0.9,3,0.0,0.392,-0.022,0.62,0.77,0.472,0.405,5.1,,44.6,74.0,,0.6,70.0,2.3,0.4696,0.3295,1,MEDIUM
DEF-14652,Naik,1,Field Outpost,36,18.4,11.0,0.45,3,0.0,0.512,-0.076,0.679,,0.604,0.546,6.6,,36.9,85.0,,0.71,101.0,4.3,0.4409,0.3174,1,MEDIUM
DEF-14653,Havildar,2,Peace Station,66,14.6,14.0,0.15,2,0.0,0.58,,0.449,0.189,0.696,,8.7,,53.2,66.0,7511.0,,25.0,,0.2302,0.306,0,LOW
DEF-14654,Sepoy,1,Peace Station,84,17.6,17.0,0.15,1,1.0,0.316,,0.391,,0.415,,5.4,0.28,43.3,72.0,10976.0,0.73,72.0,3.4,0.2546,0.3012,0,LOW
DEF-14655,Sepoy,1,Counter-Insurgency,99,,17.0,0.9,1,0.0,0.084,-0.444,0.834,0.531,,0.395,5.9,0.198,,72.0,,,62.0,3.5,0.8513,0.8377,2,HIGH
DEF-14656,Havildar,2,High Altitude (Siachen/Ladakh),41,,12.0,0.85,2,0.0,0.338,-0.227,0.38,0.455,0.534,0.288,7.4,0.233,34.5,72.0,11456.0,0.61,74.0,3.7,0.3456,0.4211,1,MEDIUM
DEF-14657,Naik,1,Field Outpost,51,16.1,9.0,0.45,4,1.0,0.347,,0.325,0.58,0.856,0.4,6.6,,48.3,79.0,8759.0,0.78,49.0,3.1,0.5329,0.4855,1,MEDIUM
DEF-14658,Sepoy,1,High Altitude (Siachen/Ladakh),52,13.3,12.0,0.85,2,0.0,0.53,,0.322,0.381,0.295,,7.0,0.227,,64.0,,0.76,89.0,2.4,0.1038,0.0686,0,LOW
DEF-14659,Havildar,2,High Altitude (Siachen/Ladakh),23,13.3,12.0,0.85,1,,0.514,-0.398,,0.67,1.0,0.686,6.1,0.139,42.2,92.0,,0.62,128.0,,0.7613,0.5814,2,HIGH
DEF-14660,Naik,1,Counter-Insurgency,125,16.0,7.0,0.9,2,,,,0.834,1.0,0.483,,6.8,0.241,33.9,83.0,4687.0,,130.0,3.6,0.6671,0.5842,1,MEDIUM
DEF-14661,Naik,1,Field Outpost,132,21.0,14.0,0.45,2,0.0,0.37,0.165,0.556,,0.755,0.466,6.4,0.157,41.0,,5113.0,0.75,,3.8,0.5981,0.6558,1,MEDIUM
DEF-14662,Naik,1,Field Outpost,38,30.7,,0.45,4,0.0,0.404,-0.125,0.485,0.297,0.459,,5.8,0.271,53.8,,9621.0,0.63,47.0,2.5,0.7474,0.6274,2,HIGH
DEF-14663,Havildar,2,Peace Station,163,18.5,6.0,0.15,1,0.0,,-0.253,,0.621,0.249,0.204,7.0,,58.8,60.0,6445.0,0.87,84.0,2.1,0.3166,0.3645,0,LOW
DEF-14664,Havildar,2,Counter-Insurgency,58,17.2,11.0,0.9,3,2.0,,-0.252,0.585,0.411,0.495,0.501,,0.192,55.2,80.0,9208.0,,86.0,3.0,0.3042,0.3098,0,LOW
DEF-14665,Havildar,2,Counter-Insurgency,98,24.3,11.0,0.9,2,0.0,0.4,,,0.396,0.675,,7.2,0.216,40.9,71.0,7719.0,,67.0,2.5,0.7246,0.6606,2,HIGH
DEF-14666,Sepoy,1,High Altitude (Siachen/Ladakh),95,17.4,12.0,0.85,4,,0.556,-0.313,,0.543,0.532,0.674,,,,78.0,7309.0,0.82,75.0,2.8,0.8146,0.7193,2,HIGH
DEF-14667,Havildar,2,Field Outpost,10,5.0,9.0,0.45,2,0.0,0.804,,0.425,0.669,0.289,,7.2,,57.2,,11560.0,0.76,77.0,3.2,0.0516,0.01,0,LOW
DEF-14668,Naik,1,Field Outpost,68,7.8,9.0,0.45,3,0.0,0.182,0.019,,0.323,0.405,,7.3,0.211,61.9,,4837.0,0.73,74.0,3.3,0.2727,0.2862,0,LOW
DEF-14669,Naik,1,Field Outpost,36,29.5,10.0,0.45,1,0.0,0.15,0.009,0.943,0.829,0.391,0.43,5.5,0.21,43.2,74.0,8607.0,0.78,74.0,4.6,0.3472,0.3212,0,LOW
DEF-14670,Sepoy,1,Peace Station,15,7.9,13.0,0.15,1,0.0,0.27,0.337,0.468,0.188,,0.038,8.7,0.29,53.1,69.0,,0.81,,2.0,0.0889,0.0726,0,LOW
DEF-14671,Subedar,3,Field Outpost,74,18.8,,0.45,1,0.0,0.453,0.071,0.468,0.635,0.389,0.459,7.0,0.243,66.6,73.0,8694.0,0.72,,4.0,0.1695,0.1869,0,LOW
DEF-14672,Havildar,2,Peace Station,91,5.6,13.0,0.15,2,3.0,0.139,0.199,0.383,0.542,0.217,0.294,,0.228,67.1,64.0,8648.0,,36.0,2.5,0.1863,0.2273,0,LOW
DEF-14673,Sepoy,1,Counter-Insurgency,45,24.9,11.0,0.9,2,2.0,0.178,-0.33,0.576,0.626,0.457,,6.3,,,73.0,7513.0,0.72,,,0.532,0.3818,1,MEDIUM
DEF-14674,Sepoy,1,Field Outpost,71,10.1,10.0,0.45,1,0.0,0.598,-0.365,0.437,,0.317,0.087,,0.296,56.5,70.0,9549.0,,57.0,2.6,0.1207,0.1278,0,LOW
DEF-14675,Subedar,3,Counter-Insurgency,129,14.7,8.0,0.9,2,0.0,0.284,-0.305,,0.409,0.577,,,0.265,58.2,67.0,10845.0,0.83,61.0,4.1,0.5609,0.6466,1,MEDIUM
DEF-14676,Sepoy,1,High Altitude (Siachen/Ladakh),58,12.1,15.0,0.85,2,0.0,0.444,,0.383,0.681,,0.383,,0.241,,74.0,8950.0,,94.0,3.3,0.0901,0.1903,0,LOW
DEF-14677,Major,4,Peace Station,27,,16.0,0.15,2,1.0,0.355,0.154,0.606,0.421,0.41,,6.2,,58.1,75.0,6327.0,0.71,53.0,3.6,0.2607,0.32,0,LOW
DEF-14678,Naik,1,Peace Station,104,15.5,15.0,0.15,1,0.0,0.551,0.023,0.482,0.554,0.547,0.546,6.0,0.211,35.9,,5551.0,0.68,94.0,3.6,0.4782,0.5316,1,MEDIUM
DEF-14679,Naik,1,Counter-Insurgency,52,21.7,12.0,0.9,4,0.0,0.363,-0.67,0.895,0.858,0.808,0.499,5.9,0.192,43.4,85.0,13146.0,0.66,77.0,3.3,0.658,0.5675,1,MEDIUM
DEF-14680,Sepoy,1,High Altitude (Siachen/Ladakh),43,,13.0,0.85,2,0.0,0.153,0.239,0.44,0.846,0.293,0.322,5.7,0.209,60.2,74.0,10664.0,,,,0.6391,0.5774,1,MEDIUM
DEF-14681,Sepoy,1,Peace Station,55,16.4,10.0,0.15,1,0.0,0.488,-0.481,1.0,,0.651,0.358,,,,78.0,10706.0,,,,0.6987,0.6139,1,MEDIUM
DEF-14682,Major,4,Peace Station,54,19.5,13.0,0.15,2,0.0,0.276,0.045,0.341,0.446,0.498,0.156,6.4,0.215,62.1,73.0,8376.0,0.67,61.0,2.7,0.2482,0.2765,0,LOW
DEF-14683,Sepoy,1,High Altitude (Siachen/Ladakh),19,20.0,19.0,0.85,1,2.0,0.492,,0.832,0.645,0.669,,,0.166,44.9,82.0,3901.0,0.78,64.0,3.7,0.7902,0.6139,2,HIGH
DEF-14684,Havildar,2,Peace Station,78,10.6,10.0,0.15,2,0.0,0.235,-0.055,,0.303,0.37,0.242,8.6,0.3,69.2,,,0.84,50.0,1.2,0.4402,0.4726,1,MEDIUM
DEF-14685,Sepoy,1,Peace Station,77,10.0,6.0,0.15,1,0.0,0.066,0.402,0.411,0.188,0.137,0.429,,0.333,60.6,62.0,10770.0,,22.0,2.6,0.2171,0.1431,0,LOW
DEF-14686,Sepoy,1,High Altitude (Siachen/Ladakh),56,27.2,9.0,0.85,3,3.0,0.454,,0.87,0.482,0.829,0.353,6.5,0.204,,80.0,5864.0,0.69,,3.7,0.7177,0.5692,1,MEDIUM
DEF-14687,Sepoy,1,High Altitude (Siachen/Ladakh),73,20.0,13.0,0.85,4,0.0,0.064,-0.293,0.406,0.415,0.824,0.379,5.1,0.186,,67.0,2606.0,0.67,72.0,,0.5957,0.5391,1,MEDIUM
DEF-14688,Naik,1,Field Outpost,94,17.4,11.0,0.45,1,1.0,0.464,-0.247,,0.664,0.559,0.472,6.0,0.238,51.4,64.0,9080.0,0.58,69.0,4.2,0.3893,0.2911,1,MEDIUM
DEF-14689,Major,4,Counter-Insurgency,76,7.2,7.0,0.9,1,0.0,0.549,-0.049,0.581,0.541,0.674,0.308,6.2,0.127,47.7,78.0,11774.0,0.71,,3.3,0.681,0.5158,1,MEDIUM
DEF-14690,Sepoy,1,High Altitude (Siachen/Ladakh),42,0.0,9.0,0.85,1,0.0,0.103,0.016,0.92,0.717,0.606,0.096,6.4,0.251,50.1,,7350.0,0.57,,4.3,0.2131,0.1877,0,LOW
DEF-14691,Sepoy,1,Counter-Insurgency,36,11.5,14.0,0.9,2,0.0,0.075,-0.062,,,0.406,0.183,,0.217,68.2,,12872.0,0.74,93.0,4.6,0.3727,0.3458,1,MEDIUM
DEF-14692,Sepoy,1,Peace Station,176,10.2,13.0,0.15,1,0.0,0.063,-0.049,,0.48,0.449,0.299,5.9,0.212,43.2,,9664.0,0.68,89.0,3.6,0.6098,0.7149,1,MEDIUM
DEF-14693,Naik,1,Peace Station,77,11.4,8.0,0.15,3,0.0,0.917,0.323,,0.774,0.763,,6.2,0.296,60.4,65.0,,0.82,52.0,2.6,0.2401,0.1962,0,LOW
DEF-14694,Sepoy,1,Peace Station,60,21.2,10.0,0.15,2,0.0,,-0.325,0.987,0.585,0.564,0.573,,0.135,43.6,85.0,8893.0,,102.0,3.9,0.6956,0.5048,1,MEDIUM
DEF-14695,Subedar,3,Peace Station,88,27.0,13.0,0.15,2,0.0,0.426,-0.084,0.376,,0.228,,6.5,0.188,42.5,74.0,,0.68,62.0,2.1,0.3563,0.4081,1,MEDIUM
DEF-14696,Naik,1,Counter-Insurgency,45,23.4,11.0,0.9,2,1.0,0.271,-0.249,0.703,0.787,0.648,0.543,,,49.8,71.0,11257.0,0.78,,,0.6027,0.572,1,MEDIUM
DEF-14697,Naik,1,Counter-Insurgency,105,8.9,14.0,0.9,4,0.0,0.323,-0.315,0.35,,0.3,0.222,5.8,0.272,56.5,71.0,6626.0,,65.0,,0.3241,0.3373,0,LOW
DEF-14698,Sepoy,1,High Altitude (Siachen/Ladakh),53,18.6,8.0,0.85,1,0.0,0.719,-0.055,0.507,,0.613,0.418,4.9,0.258,,77.0,5157.0,0.73,71.0,2.6,0.6491,0.5062,1,MEDIUM
DEF-14699,Colonel,4,Field Outpost,16,9.9,7.0,0.45,3,0.0,0.303,-0.356,0.435,0.503,,,7.3,0.272,56.3,71.0,,0.64,53.0,3.6,0.0937,0.1429,0,LOW
DEF-14700,Sepoy,1,High Altitude (Siachen/Ladakh),62,0.0,12.0,0.85,2,1.0,,-0.077,0.38,0.382,0.368,0.209,7.0,0.21,,63.0,9111.0,0.75,,2.5,0.1542,0.1825,0,LOW
DEF-14701,Sepoy,1,Field Outpost,33,13.4,14.0,0.45,2,0.0,0.434,-0.113,1.0,,,0.449,,,,79.0,11414.0,0.77,87.0,3.9,0.7738,0.6694,2,HIGH
DEF-14702,Naik,1,Peace Station,58,24.7,10.0,0.15,2,0.0,0.116,-0.006,0.549,0.498,0.346,0.162,6.4,0.287,70.9,63.0,8697.0,0.96,131.0,3.3,0.1413,0.2412,0,LOW
DEF-14703,Naik,1,Field Outpost,53,11.2,12.0,0.45,1,0.0,0.048,-0.201,0.392,0.208,0.419,0.158,7.5,0.202,61.6,68.0,8678.0,0.92,108.0,,0.2685,0.2901,0,LOW
DEF-14704,Sepoy,1,Field Outpost,82,21.1,12.0,0.45,2,1.0,0.198,-0.155,0.904,0.572,0.774,,6.2,0.146,43.0,74.0,7162.0,0.69,,2.2,0.322,0.3216,0,LOW
DEF-14705,Sepoy,1,Peace Station,144,8.3,7.0,0.15,3,1.0,0.194,0.203,0.21,0.264,,0.166,7.7,,67.2,61.0,11877.0,0.72,43.0,3.1,0.0436,0.1729,0,LOW
DEF-14706,Havildar,2,Peace Station,99,19.9,15.0,0.15,1,0.0,0.366,0.152,0.28,0.158,0.409,0.403,7.2,,68.6,62.0,8093.0,0.58,55.0,,0.1776,0.369,0,LOW
DEF-14707,Sepoy,1,Peace Station,77,11.9,12.0,0.15,2,1.0,0.526,,,,0.544,,6.5,0.184,,79.0,12370.0,0.62,,3.7,0.1301,0.1998,0,LOW
DEF-14708,Havildar,2,Field Outpost,70,26.9,14.0,0.45,1,0.0,0.578,-0.361,,1.0,0.413,0.47,7.1,0.245,51.4,,8118.0,0.77,90.0,3.6,0.3258,0.3971,1,MEDIUM
DEF-14709,Naik,1,Peace Station,79,,16.0,0.15,2,0.0,0.22,0.535,0.899,,0.426,0.345,,0.25,47.6,66.0,7374.0,,112.0,2.8,0.306,0.3785,0,LOW
DEF-14710,Sepoy,1,High Altitude (Siachen/Ladakh),135,9.4,14.0,0.85,3,1.0,0.44,,0.429,0.679,0.781,0.193,6.8,,59.5,68.0,5894.0,0.66,50.0,2.3,0.3375,0.4589,1,MEDIUM
DEF-14711,Naik,1,Field Outpost,87,26.5,16.0,0.45,2,0.0,0.731,-0.409,0.714,,0.761,0.464,,0.195,59.9,,,,76.0,4.2,0.5009,0.5133,1,MEDIUM
DEF-14712,Sepoy,1,Field Outpost,17,9.1,14.0,0.45,1,0.0,0.553,,,0.541,0.604,,8.4,0.305,59.9,66.0,7112.0,0.8,36.0,2.8,0.3391,0.3071,0,LOW
DEF-14713,Havildar,2,High Altitude (Siachen/Ladakh),34,15.8,11.0,0.85,1,0.0,0.624,,0.548,0.289,0.401,0.314,6.4,,53.4,,9803.0,0.66,46.0,2.9,0.4915,0.4105,1,MEDIUM
DEF-14714,Naik,1,Field Outpost,115,9.2,14.0,0.45,3,1.0,0.758,-0.103,0.488,0.674,,0.274,5.8,0.204,37.7,72.0,12625.0,0.63,,2.4,0.427,0.4963,1,MEDIUM
DEF-14715,Sepoy,1,Field Outpost,76,21.9,9.0,0.45,1,0.0,0.331,0.309,0.145,0.142,0.338,,,0.297,52.5,,,0.97,38.0,2.1,0.4984,0.4194,1,MEDIUM
DEF-14716,Naik,1,Counter-Insurgency,133,25.0,11.0,0.9,1,0.0,0.355,-0.167,0.561,0.668,,0.496,6.9,,51.0,,10124.0,,88.0,4.4,0.1514,0.1856,0,LOW
DEF-14717,Colonel,4,Field Outpost,96,8.3,13.0,0.45,2,0.0,0.518,0.055,,,0.577,0.384,6.2,0.184,36.4,85.0,8220.0,,146.0,3.3,0.543,0.5957,1,MEDIUM
DEF-14718,Sepoy,1,Counter-Insurgency,69,18.6,10.0,0.9,1,0.0,0.117,-0.137,1.0,0.891,1.0,0.425,,,33.5,76.0,8833.0,0.61,78.0,2.8,0.4433,0.3285,1,MEDIUM
DEF-14719,Subedar,3,Field Outpost,68,19.4,12.0,0.45,3,0.0,0.486,-0.028,0.4,0.363,0.419,0.309,6.1,0.221,36.7,71.0,,0.71,55.0,3.2,0.4836,0.4008,1,MEDIUM
DEF-14720,Sepoy,1,Peace Station,45,15.1,10.0,0.15,1,2.0,0.746,-0.257,0.399,0.427,0.514,0.159,6.5,0.194,40.8,63.0,12268.0,,68.0,,0.5463,0.4049,1,MEDIUM
DEF-14721,Sepoy,1,Field Outpost,57,27.0,15.0,0.45,2,0.0,0.28,0.032,,0.48,0.835,0.681,,0.23,,78.0,12102.0,,91.0,4.2,0.601,0.5053,1,MEDIUM
DEF-14722,Sepoy,1,Peace Station,29,26.9,12.0,0.15,1,0.0,0.521,-0.038,0.466,0.283,0.23,0.297,5.3,0.249,,63.0,10311.0,0.76,51.0,2.0,0.3966,0.42,1,MEDIUM
DEF-14723,Sepoy,1,Peace Station,39,6.8,11.0,0.15,2,2.0,0.081,0.155,0.101,0.399,0.162,0.0,7.6,0.264,65.5,58.0,10501.0,,44.0,2.8,0.0757,0.144,0,LOW
DEF-14724,Sepoy,1,Peace Station,33,24.3,12.0,0.15,2,0.0,0.115,-0.204,0.342,0.31,,,6.4,,,63.0,10883.0,0.67,55.0,4.0,0.0434,0.0618,0,LOW
DEF-14725,Sepoy,1,Peace Station,64,18.3,11.0,0.15,3,0.0,0.337,,0.749,0.799,,,5.9,0.235,,81.0,,0.5,87.0,3.2,0.7488,0.714,2,HIGH
DEF-14726,Subedar,3,High Altitude (Siachen/Ladakh),48,16.1,9.0,0.85,2,0.0,0.546,-0.337,,0.716,0.392,,5.0,0.215,40.1,,5469.0,0.71,,3.6,0.689,0.6089,1,MEDIUM
DEF-14727,Havildar,2,High Altitude (Siachen/Ladakh),21,12.0,8.0,0.85,1,1.0,0.816,-0.12,0.61,,,,6.4,,53.4,,11770.0,,57.0,3.4,0.7384,0.6058,2,HIGH
DEF-14728,Havildar,2,Counter-Insurgency,88,1.4,10.0,0.9,1,0.0,0.382,0.745,0.103,0.149,,0.137,6.7,,40.5,64.0,5324.0,,29.0,,0.2656,0.3298,0,LOW
DEF-14729,Sepoy,1,Peace Station,51,16.4,13.0,0.15,4,0.0,0.197,-0.432,0.357,0.457,0.465,0.258,7.3,,,65.0,,0.73,,2.2,0.1965,0.3217,0,LOW
DEF-14730,Sepoy,1,High Altitude (Siachen/Ladakh),103,16.6,12.0,0.85,2,0.0,0.725,-0.334,,0.849,0.301,0.386,6.2,,,71.0,5135.0,0.75,57.0,0.8,0.2888,0.3622,0,LOW
DEF-14731,Sepoy,1,Peace Station,85,31.0,15.0,0.15,2,0.0,0.463,0.035,0.561,0.968,0.723,,,0.149,,80.0,,0.62,64.0,3.7,0.8272,0.8001,2,HIGH
DEF-14732,Havildar,2,Field Outpost,187,8.3,10.0,0.45,4,,0.84,,0.613,0.43,0.214,,,0.224,58.3,72.0,9009.0,0.81,87.0,2.7,0.1551,0.3903,0,LOW
DEF-14733,Subedar,3,Counter-Insurgency,64,0.3,11.0,0.9,1,0.0,0.54,0.093,0.557,,0.716,0.257,7.3,0.166,35.2,69.0,,,51.0,3.0,0.2089,0.2753,0,LOW
DEF-14734,Sepoy,1,Peace Station,46,4.0,17.0,0.15,2,0.0,0.356,-0.304,0.584,,,0.0,6.6,0.301,60.1,67.0,11502.0,0.78,107.0,1.6,0.1114,0.2053,0,LOW
DEF-14735,Sepoy,1,Counter-Insurgency,38,27.5,11.0,0.9,1,0.0,0.422,-0.329,,,0.667,0.436,,0.219,,78.0,,0.89,103.0,,0.4738,0.2965,1,MEDIUM
DEF-14736,Naik,1,High Altitude (Siachen/Ladakh),93,10.2,19.0,0.85,1,0.0,0.4,-0.105,,,0.317,0.257,,0.262,67.0,70.0,11030.0,,,,0.4279,0.5457,1,MEDIUM
DEF-14737,Sepoy,1,High Altitude (Siachen/Ladakh),98,25.6,12.0,0.85,1,0.0,0.602,,0.879,,0.381,0.532,6.2,,46.7,74.0,7274.0,0.8,,3.2,0.6097,0.5717,1,MEDIUM
DEF-14738,Sepoy,1,High Altitude (Siachen/Ladakh),65,14.1,11.0,0.85,3,0.0,0.55,,0.399,0.685,0.444,0.267,6.6,0.235,46.3,73.0,5117.0,0.63,61.0,2.8,0.4373,0.4002,1,MEDIUM
DEF-14739,Naik,1,High Altitude (Siachen/Ladakh),75,5.7,15.0,0.85,1,0.0,0.197,-0.553,,0.308,0.712,0.227,6.7,0.208,71.1,70.0,8492.0,0.68,74.0,2.0,0.4856,0.5189,1,MEDIUM
DEF-14740,Havildar,2,Counter-Insurgency,117,31.0,8.0,0.9,1,0.0,0.75,-0.099,0.688,0.557,0.41,0.442,5.4,,57.0,65.0,9232.0,0.53,82.0,2.0,0.7171,0.6825,2,HIGH
DEF-14741,Sepoy,1,High Altitude (Siachen/Ladakh),96,25.2,14.0,0.85,1,0.0,,,,0.485,0.589,,6.1,,,75.0,13485.0,0.68,72.0,,0.3124,0.4422,1,MEDIUM
DEF-14742,Sepoy,1,Field Outpost,78,12.5,14.0,0.45,1,0.0,0.459,0.102,0.282,0.458,0.205,0.031,6.7,0.331,,64.0,,0.97,75.0,2.6,0.1892,0.2799,0,LOW
DEF-14743,Colonel,4,Field Outpost,29,22.5,12.0,0.45,3,0.0,0.389,-0.346,0.404,,0.401,0.415,6.0,0.304,34.2,76.0,5367.0,0.77,58.0,3.3,0.2736,0.3273,0,LOW
DEF-14744,Sepoy,1,Peace Station,39,15.0,23.0,0.15,2,0.0,0.518,-0.093,0.402,0.326,0.156,0.212,,0.218,,74.0,8561.0,0.71,93.0,2.9,0.2409,0.3131,0,LOW
DEF-14745,Sepoy,1,Counter-Insurgency,52,17.7,10.0,0.9,4,0.0,0.451,0.157,0.653,0.33,0.583,0.444,6.3,0.179,,80.0,12019.0,0.64,57.0,,0.4852,0.5067,1,MEDIUM
DEF-14746,Sepoy,1,Counter-Insurgency,54,29.0,6.0,0.9,3,0.0,0.571,-1.0,1.0,0.688,0.792,0.441,5.7,0.119,,91.0,,0.63,169.0,4.1,0.9344,0.7575,2,HIGH
DEF-14747,Sepoy,1,Field Outpost,42,1.1,11.0,0.45,3,0.0,0.138,,0.499,0.679,0.649,,7.4,0.252,,75.0,11245.0,,128.0,3.0,0.3012,0.2858,0,LOW
DEF-14748,Sepoy,1,High Altitude (Siachen/Ladakh),39,11.0,5.0,0.85,1,,0.557,0.079,,0.555,0.484,0.0,,,50.2,76.0,8044.0,0.72,49.0,3.6,0.0546,0.138,0,LOW
DEF-14749,Havildar,2,Counter-Insurgency,55,14.2,12.0,0.9,1,0.0,0.186,-0.197,0.263,0.554,,0.436,6.4,0.21,42.6,72.0,12446.0,,63.0,2.3,0.2157,0.2448,0,LOW
DEF-14750,Sepoy,1,Peace Station,71,16.8,14.0,0.15,2,0.0,0.274,0.943,0.169,0.264,0.197,0.123,6.0,0.286,60.3,71.0,7755.0,0.69,89.0,1.6,0.164,0.1765,0,LOW
DEF-14751,Sepoy,1,Field Outpost,86,3.4,17.0,0.45,2,0.0,0.222,0.393,0.102,0.353,0.339,,,,60.3,,5481.0,,34.0,3.4,0.1186,0.2206,0,LOW
DEF-14752,Naik,1,Field Outpost,20,21.8,9.0,0.45,2,0.0,0.623,0.045,0.71,0.311,,0.131,6.4,0.29,53.6,,7025.0,0.79,,3.1,0.7857,0.6283,2,HIGH
DEF-14753,Naik,1,High Altitude (Siachen/Ladakh),48,4.2,5.0,0.85,1,0.0,0.788,0.411,0.211,0.357,0.186,0.147,8.1,0.144,59.5,67.0,,0.78,32.0,2.4,0.1046,0.1393,0,LOW
DEF-14754,Subedar,3,Field Outpost,21,3.4,11.0,0.45,4,0.0,0.219,0.127,0.374,0.384,0.229,0.422,7.3,,60.3,70.0,10336.0,0.68,75.0,,0.2912,0.2207,0,LOW
DEF-14755,Subedar,3,High Altitude (Siachen/Ladakh),64,11.9,,0.85,1,0.0,0.282,-0.052,0.844,,0.548,0.435,7.3,0.196,59.1,76.0,10282.0,0.53,57.0,3.4,0.3833,0.3525,1,MEDIUM
DEF-14756,Sepoy,1,Field Outpost,64,30.1,8.0,0.45,1,1.0,0.065,,0.676,0.637,0.597,0.716,6.2,,,88.0,1584.0,0.54,83.0,3.5,0.7413,0.5562,1,MEDIUM
DEF-14757,Havildar,2,Peace Station,61,35.6,11.0,0.15,2,1.0,0.694,-0.175,0.374,0.565,0.572,0.498,6.8,0.219,49.2,68.0,,,60.0,3.9,0.3442,0.3077,0,LOW
DEF-14758,Naik,1,Peace Station,55,18.2,6.0,0.15,1,0.0,0.121,,0.528,0.322,0.568,0.165,7.3,,67.4,73.0,,,42.0,1.9,0.1611,0.1431,0,LOW
DEF-14759,Colonel,4,Peace Station,49,12.0,13.0,0.15,1,0.0,0.33,0.173,0.05,,0.117,0.127,,0.306,59.9,62.0,10791.0,,21.0,1.8,0.0856,0.1053,0,LOW
DEF-14760,Naik,1,Peace Station,61,15.3,,0.15,1,0.0,0.206,0.269,0.564,0.479,0.718,0.299,5.1,0.222,47.5,64.0,4162.0,0.53,80.0,,0.1255,0.1351,0,LOW
DEF-14761,Colonel,4,Field Outpost,87,16.8,18.0,0.45,1,0.0,0.433,0.395,0.589,0.316,0.183,0.109,6.8,,47.2,61.0,5490.0,0.71,43.0,1.7,0.2165,0.4492,0,LOW
DEF-14762,Havildar,2,High Altitude (Siachen/Ladakh),51,26.5,9.0,0.85,1,2.0,0.583,0.149,0.275,0.765,,0.499,,0.209,53.8,73.0,7917.0,0.76,,,0.5898,0.3945,1,MEDIUM
DEF-14763,Sepoy,1,Peace Station,31,3.6,11.0,0.15,1,0.0,0.345,-0.011,0.754,0.382,,0.04,8.5,0.249,,69.0,11011.0,0.96,,2.2,0.105,0.115,0,LOW
DEF-14764,Naik,1,Field Outpost,75,24.2,12.0,0.45,2,0.0,0.315,-0.012,0.392,0.131,0.23,,6.0,0.307,52.0,60.0,9713.0,0.92,,2.2,0.4727,0.4874,1,MEDIUM
DEF-14765,Colonel,4,Field Outpost,99,1.9,15.0,0.45,2,,0.646,,0.316,0.136,0.252,0.162,6.8,,52.4,59.0,8003.0,0.78,31.0,2.8,0.1329,0.286,0,LOW
DEF-14766,Subedar,3,Peace Station,30,9.9,6.0,0.15,2,0.0,0.209,,0.547,,0.237,0.287,7.8,0.205,71.0,66.0,,0.77,,3.5,0.1089,0.1143,0,LOW
DEF-14767,Sepoy,1,Field Outpost,27,14.0,10.0,0.45,2,,0.107,-0.251,0.46,0.403,0.852,0.464,7.3,0.167,,,8802.0,0.6,154.0,3.7,0.5432,0.4909,1,MEDIUM
DEF-14768,Havildar,2,High Altitude (Siachen/Ladakh),29,17.5,9.0,0.85,1,0.0,0.405,,,0.48,0.399,0.439,,0.213,47.5,82.0,7487.0,0.79,102.0,,0.8034,0.6833,2,HIGH
DEF-14769,Sepoy,1,Peace Station,60,14.0,8.0,0.15,1,0.0,0.315,0.253,0.644,0.712,0.306,0.392,,,52.9,64.0,9239.0,,79.0,3.3,0.1577,0.2702,0,LOW
DEF-14770,Sepoy,1,Peace Station,150,15.5,15.0,0.15,3,0.0,0.465,,0.422,0.272,,0.221,7.5,0.262,,66.0,9751.0,,,2.5,0.1073,0.3955,0,LOW
DEF-14771,Sepoy,1,Counter-Insurgency,137,14.3,13.0,0.9,2,4.0,0.272,0.231,,0.437,,0.289,6.5,0.25,54.7,76.0,,,72.0,3.1,0.3596,0.3507,1,MEDIUM
DEF-14772,Sepoy,1,High Altitude (Siachen/Ladakh),75,1.1,12.0,0.85,1,2.0,0.6,-0.063,0.521,0.526,0.483,,5.8,,,,5607.0,0.61,56.0,,0.3906,0.3948,1,MEDIUM
DEF-14773,Havildar,2,Field Outpost,28,18.9,16.0,0.45,4,0.0,0.198,-0.428,0.442,,,0.418,6.9,0.267,36.1,76.0,,0.68,72.0,2.8,0.3754,0.3117,0,LOW
DEF-14774,Sepoy,1,Field Outpost,136,20.9,9.0,0.45,2,1.0,0.306,0.081,0.834,0.614,0.697,0.555,5.5,0.236,44.9,73.0,,0.64,,3.7,0.7975,0.7901,2,HIGH
DEF-14775,Havildar,2,High Altitude (Siachen/Ladakh),140,25.4,7.0,0.85,1,0.0,0.349,-0.084,0.466,0.535,0.848,0.472,6.2,0.209,37.2,65.0,7410.0,0.66,174.0,,0.62,0.5595,1,MEDIUM
DEF-14776,Sepoy,1,High Altitude (Siachen/Ladakh),38,29.7,10.0,0.85,4,0.0,0.158,-0.002,0.705,0.514,0.784,0.582,5.9,0.206,,71.0,10696.0,0.64,98.0,3.6,0.6925,0.5989,1,MEDIUM
DEF-14777,Sepoy,1,Peace Station,65,17.5,7.0,0.15,1,0.0,0.47,0.25,0.582,0.242,0.252,0.115,,0.278,51.4,56.0,8209.0,0.64,64.0,1.1,0.2786,0.2961,0,LOW
DEF-14778,Sepoy,1,Field Outpost,98,26.0,7.0,0.45,4,0.0,0.72,-0.245,0.428,0.689,0.657,0.299,6.4,0.23,,73.0,9228.0,0.75,67.0,2.8,0.4292,0.4417,1,MEDIUM
DEF-14779,Sepoy,1,Field Outpost,127,14.2,14.0,0.45,1,0.0,0.209,-0.39,0.691,0.65,0.42,0.427,7.9,0.24,,68.0,10747.0,,50.0,2.7,0.4886,0.4851,1,MEDIUM
DEF-14780,Sepoy,1,Peace Station,59,1.7,,0.15,1,0.0,0.73,0.376,0.083,0.237,0.099,0.0,8.4,0.274,,,11333.0,0.83,91.0,2.2,0.121,0.148,0,LOW
DEF-14781,Sepoy,1,Counter-Insurgency,104,22.2,,0.9,2,0.0,0.361,,1.0,,1.0,0.797,5.7,0.162,,87.0,7295.0,0.41,110.0,3.8,0.9508,0.8789,2,HIGH
DEF-14782,Naik,1,Field Outpost,79,20.3,12.0,0.45,1,0.0,0.183,,0.398,0.597,0.421,0.236,6.8,0.281,59.4,65.0,8637.0,,43.0,3.5,0.0885,0.186,0,LOW
DEF-14783,Sepoy,1,Field Outpost,77,14.0,9.0,0.45,1,0.0,0.47,-0.502,,0.349,,0.096,6.9,0.201,72.5,,,0.97,,3.3,0.2147,0.2027,0,LOW
DEF-14784,Sepoy,1,Counter-Insurgency,73,13.5,15.0,0.9,3,,0.113,-0.189,0.675,0.883,,0.364,5.8,0.127,31.8,81.0,9182.0,,77.0,4.1,0.8048,0.654,2,HIGH
DEF-14785,Sepoy,1,Peace Station,154,18.1,,0.15,1,0.0,,0.019,0.84,0.614,0.743,0.409,6.2,0.316,34.0,74.0,4984.0,0.78,55.0,2.9,0.3801,0.4728,1,MEDIUM
DEF-14786,Subedar,3,Peace Station,67,11.1,15.0,0.15,4,0.0,0.307,0.385,0.626,0.554,0.275,,7.6,,61.5,75.0,8626.0,0.7,,4.2,0.1402,0.2392,0,LOW
DEF-14787,Subedar,3,High Altitude (Siachen/Ladakh),85,17.8,18.0,0.85,2,1.0,0.113,-0.153,0.634,,0.296,0.599,6.6,,52.5,,2925.0,0.67,47.0,4.2,0.5078,0.5447,1,MEDIUM
DEF-14788,Naik,1,Field Outpost,155,6.2,10.0,0.45,3,0.0,,-0.02,,0.33,0.628,,,0.247,41.3,73.0,6728.0,0.88,60.0,,0.3064,0.3403,0,LOW
DEF-14789,Sepoy,1,High Altitude (Siachen/Ladakh),89,7.1,15.0,0.85,2,0.0,0.185,,0.81,,0.639,0.372,6.2,,58.1,71.0,,0.84,,1.9,0.652,0.6145,1,MEDIUM
DEF-14790,Sepoy,1,Peace Station,47,2.8,17.0,0.15,2,0.0,0.146,0.277,0.53,,,0.298,5.8,0.226,,,12052.0,0.76,56.0,3.6,0.0251,0.1388,0,LOW
DEF-14791,Major,4,Field Outpost,63,33.1,14.0,0.45,1,,,-0.374,0.879,0.555,0.51,0.595,5.3,0.261,49.5,67.0,6562.0,0.47,68.0,4.1,0.8223,0.66,2,HIGH
DEF-14792,Sepoy,1,Peace Station,40,14.6,,0.15,2,0.0,0.133,-0.436,0.485,0.78,0.908,0.399,6.0,,,74.0,8771.0,0.82,65.0,,0.3453,0.2033,0,LOW
DEF-14793,Sepoy,1,High Altitude (Siachen/Ladakh),62,24.3,15.0,0.85,1,1.0,,-0.448,,0.748,0.717,0.629,4.3,0.081,42.9,,9797.0,0.49,,4.1,0.9449,0.7216,2,HIGH
DEF-14794,Sepoy,1,Peace Station,59,4.7,10.0,0.15,1,0.0,,,0.173,0.46,0.376,0.173,8.5,0.271,44.2,67.0,9648.0,0.6,37.0,3.0,0.1817,0.1846,0,LOW
DEF-14795,Sepoy,1,Field Outpost,52,12.5,13.0,0.45,1,,0.491,0.069,0.896,0.37,0.299,0.34,6.2,0.207,49.6,76.0,10038.0,0.93,,3.3,0.2825,0.2659,0,LOW
DEF-14796,Sepoy,1,High Altitude (Siachen/Ladakh),73,18.7,16.0,0.85,1,1.0,0.829,,0.819,0.769,0.672,,5.0,0.134,,78.0,8018.0,0.72,59.0,2.5,0.7859,0.7991,2,HIGH
DEF-14797,Havildar,2,Counter-Insurgency,23,,12.0,0.9,1,0.0,0.581,0.487,0.599,0.626,0.629,0.169,,0.191,49.3,72.0,9342.0,,53.0,2.8,0.1789,0.1007,0,LOW
DEF-14798,Sepoy,1,High Altitude (Siachen/Ladakh),173,8.9,13.0,0.85,3,,0.57,0.006,0.225,0.243,0.417,0.092,7.5,0.277,,69.0,11906.0,0.73,34.0,2.0,0.4807,0.5667,1,MEDIUM
DEF-14799,Naik,1,Field Outpost,60,10.6,12.0,0.45,1,1.0,,-0.041,0.479,0.401,0.479,0.362,5.8,0.211,53.1,76.0,14053.0,0.64,,2.2,0.2587,0.2091,0,LOW
DEF-14800,Sepoy,1,Field Outpost,65,7.3,16.0,0.45,1,0.0,0.455,-0.488,0.611,,0.612,0.29,5.0,0.257,,70.0,2637.0,0.51,85.0,3.3,0.4523,0.4553,1,MEDIUM
DEF-14801,Sepoy,1,High Altitude (Siachen/Ladakh),135,13.0,11.0,0.85,4,4.0,0.486,-0.229,,,0.876,0.402,7.5,,,,8947.0,0.67,69.0,2.9,0.2972,0.382,0,LOW
DEF-14802,Subedar,3,Counter-Insurgency,88,5.3,18.0,0.9,2,0.0,0.259,-0.073,,0.886,0.549,0.18,7.0,,65.8,66.0,3569.0,,51.0,2.9,0.4623,0.4378,1,MEDIUM
DEF-14803,Sepoy,1,Counter-Insurgency,51,1.8,9.0,0.9,4,0.0,0.043,0.13,0.398,0.533,0.336,0.326,,0.311,,76.0,12501.0,,52.0,3.2,0.1955,0.1998,0,LOW
DEF-14804,Havildar,2,Counter-Insurgency,55,16.2,10.0,0.9,4,0.0,0.583,-0.604,0.494,1.0,,0.441,,0.205,54.6,75.0,4019.0,0.75,75.0,3.1,0.4451,0.3789,1,MEDIUM
DEF-14805,Naik,1,High Altitude (Siachen/Ladakh),115,19.7,13.0,0.85,1,0.0,0.449,-0.657,1.0,1.0,1.0,,6.5,0.136,51.0,86.0,2579.0,0.66,93.0,,0.5436,0.5206,1,MEDIUM
DEF-14806,Sepoy,1,Peace Station,123,4.3,16.0,0.15,4,,0.613,-0.447,0.201,0.624,0.242,0.075,7.5,0.244,,69.0,18835.0,0.87,37.0,1.9,0.114,0.2842,0,LOW
DEF-14807,Major,4,High Altitude (Siachen/Ladakh),48,8.3,9.0,0.85,1,1.0,0.449,-0.629,0.444,0.86,0.684,0.307,5.9,0.139,53.8,,8247.0,,67.0,,0.1939,0.232,0,LOW
DEF-14808,Sepoy,1,High Altitude (Siachen/Ladakh),133,13.2,15.0,0.85,4,0.0,0.217,0.503,,0.454,0.422,0.167,6.6,0.285,,65.0,10380.0,0.85,30.0,2.2,0.4603,0.628,1,MEDIUM
DEF-14809,Subedar,3,Counter-Insurgency,24,28.5,13.0,0.9,2,0.0,0.713,-0.586,0.727,0.751,,0.518,5.7,0.154,44.1,83.0,15124.0,,,3.1,0.8848,0.6492,2,HIGH
DEF-14810,Sepoy,1,Counter-Insurgency,143,0.0,15.0,0.9,2,,0.164,0.254,0.976,0.64,,0.386,6.1,,,,,0.61,112.0,3.4,0.7041,0.8916,2,HIGH
DEF-14811,Subedar,3,Field Outpost,80,17.8,15.0,0.45,3,0.0,0.172,-0.464,0.656,,0.541,0.278,6.0,0.199,49.9,72.0,11113.0,,114.0,3.2,0.4858,0.5095,1,MEDIUM
DEF-14812,Sepoy,1,High Altitude (Siachen/Ladakh),132,19.8,9.0,0.85,3,0.0,0.502,,,,,0.481,5.3,0.143,,81.0,10637.0,0.57,133.0,4.3,0.617,0.5418,1,MEDIUM
DEF-14813,Naik,1,Peace Station,93,7.9,7.0,0.15,2,0.0,0.274,0.015,0.572,0.48,0.644,0.458,6.1,0.228,63.9,60.0,7110.0,0.82,46.0,2.8,0.2444,0.2867,0,LOW
DEF-14814,Havildar,2,Field Outpost,50,11.0,8.0,0.45,2,0.0,0.599,-0.074,,0.678,0.444,0.229,6.4,0.252,51.4,82.0,6658.0,0.76,91.0,2.3,0.1062,0.0499,0,LOW
DEF-14815,Major,4,Field Outpost,62,16.8,13.0,0.45,1,1.0,0.438,-0.421,0.409,0.286,,0.239,6.1,0.272,73.6,79.0,3831.0,0.94,48.0,2.7,0.4016,0.3934,1,MEDIUM
DEF-14816,Subedar,3,Counter-Insurgency,51,13.7,13.0,0.9,3,0.0,0.789,,,0.662,0.394,0.184,7.7,0.271,44.1,67.0,10520.0,,73.0,3.4,0.1342,0.2053,0,LOW
DEF-14817,Havildar,2,Counter-Insurgency,42,28.4,18.0,0.9,1,3.0,0.372,,0.601,0.579,0.869,0.693,4.9,0.199,39.4,73.0,9332.0,0.5,97.0,2.9,0.9656,0.8386,2,HIGH
DEF-14818,Subedar,3,High Altitude (Siachen/Ladakh),86,14.9,13.0,0.85,3,0.0,0.374,-0.095,0.403,,,,,0.194,58.4,69.0,11620.0,0.77,45.0,2.8,0.1799,0.25,0,LOW
DEF-14819,Sepoy,1,Peace Station,19,21.3,7.0,0.15,2,0.0,0.121,-0.008,,0.433,0.305,0.521,5.4,0.227,,76.0,8897.0,,52.0,,0.6881,0.6257,1,MEDIUM
DEF-14820,Sepoy,1,Field Outpost,60,17.8,12.0,0.45,1,0.0,0.266,-0.093,0.542,0.483,0.426,0.495,7.9,0.299,62.6,66.0,6873.0,0.73,65.0,3.5,0.1387,0.2512,0,LOW
DEF-14821,Sepoy,1,High Altitude (Siachen/Ladakh),69,19.9,11.0,0.85,2,0.0,0.532,-0.172,,0.317,,,,0.176,49.1,75.0,,0.6,71.0,,0.5129,0.4732,1,MEDIUM
DEF-14822,Sepoy,1,Peace Station,20,,17.0,0.15,3,1.0,0.341,0.2,0.505,0.158,0.563,0.0,7.4,0.282,67.8,67.0,10475.0,,23.0,1.5,0.02,0.0888,0,LOW
DEF-14823,Sepoy,1,Peace Station,79,15.7,8.0,0.15,4,0.0,0.838,0.3,0.163,0.364,,,6.9,,59.4,66.0,5501.0,,58.0,3.5,0.2193,0.243,0,LOW
DEF-14824,Naik,1,Counter-Insurgency,93,13.4,12.0,0.9,1,0.0,0.281,,0.723,0.722,0.685,0.433,6.5,0.238,41.5,71.0,10755.0,,,,0.7823,0.7324,2,HIGH
DEF-14825,Sepoy,1,Peace Station,85,7.9,13.0,0.15,4,0.0,0.367,-0.218,0.685,,0.375,0.19,,0.177,,81.0,8808.0,0.73,55.0,2.0,0.5562,0.5215,1,MEDIUM
DEF-14826,Naik,1,Peace Station,85,21.9,15.0,0.15,4,,0.393,-0.589,,,0.489,0.294,7.2,0.165,57.5,76.0,9769.0,0.78,70.0,2.8,0.2591,0.2586,0,LOW
DEF-14827,Sepoy,1,Field Outpost,70,0.0,11.0,0.45,3,0.0,0.133,0.362,0.158,,0.248,0.039,6.8,0.335,,74.0,,,44.0,,0.1209,0.2119,0,LOW
DEF-14828,Sepoy,1,Counter-Insurgency,35,25.4,14.0,0.9,3,0.0,0.285,-0.128,0.758,1.0,0.876,,5.0,0.085,39.1,87.0,7208.0,0.39,89.0,4.0,0.7924,0.5855,2,HIGH
DEF-14829,Naik,1,High Altitude (Siachen/Ladakh),149,0.0,15.0,0.85,2,0.0,0.618,-0.106,0.177,0.777,,0.119,5.4,0.206,71.9,58.0,8152.0,0.83,33.0,2.6,0.1588,0.3193,0,LOW
DEF-14830,Havildar,2,Counter-Insurgency,8,12.7,8.0,0.9,1,0.0,0.552,0.203,0.45,0.364,0.961,0.181,6.3,0.201,57.8,69.0,,0.6,64.0,2.4,0.3167,0.2468,0,LOW
DEF-14831,Havildar,2,High Altitude (Siachen/Ladakh),59,22.0,13.0,0.85,2,0.0,0.583,,0.496,,,0.422,7.2,0.239,42.6,70.0,12073.0,0.72,49.0,1.8,0.6901,0.6157,1,MEDIUM
DEF-14832,Naik,1,Field Outpost,49,3.9,11.0,0.45,3,1.0,0.226,-0.292,0.381,,0.239,0.176,6.0,,65.1,72.0,7488.0,,76.0,3.6,0.1562,0.2245,0,LOW
DEF-14833,Sepoy,1,Counter-Insurgency,69,17.6,8.0,0.9,4,2.0,0.29,-0.843,0.514,0.408,0.476,0.434,6.5,0.112,,72.0,8423.0,0.62,66.0,3.6,0.5155,0.4301,1,MEDIUM
DEF-14834,Naik,1,Field Outpost,41,16.7,16.0,0.45,2,2.0,0.421,-0.396,0.758,1.0,,0.557,6.0,,40.6,73.0,8889.0,0.78,,3.5,0.2726,0.2692,0,LOW
DEF-14835,Sepoy,1,Field Outpost,118,16.8,14.0,0.45,3,1.0,0.141,,0.672,0.839,0.595,0.375,6.1,,,,,,75.0,4.0,0.5193,0.6194,1,MEDIUM
DEF-14836,Sepoy,1,Field Outpost,24,11.0,11.0,0.45,3,1.0,0.633,,,0.244,0.284,0.185,8.1,0.238,73.2,69.0,6160.0,,24.0,1.6,0.02,0.0383,0,LOW
DEF-14837,Sepoy,1,High Altitude (Siachen/Ladakh),46,10.0,16.0,0.85,1,1.0,0.338,-0.022,0.767,0.319,0.773,0.097,6.4,,59.4,65.0,7934.0,0.79,74.0,,0.4533,0.4562,1,MEDIUM
DEF-14838,Sepoy,1,Counter-Insurgency,57,0.7,8.0,0.9,1,2.0,0.191,,,0.528,,0.309,,0.275,,,12376.0,0.81,62.0,2.6,0.2348,0.2727,0,LOW
DEF-14839,Sepoy,1,Field Outpost,86,13.1,14.0,0.45,3,1.0,0.589,0.01,0.643,0.538,0.763,0.424,5.6,0.189,46.7,72.0,8479.0,0.71,69.0,4.5,0.7075,0.7129,2,HIGH
DEF-14840,Major,4,Field Outpost,86,21.8,9.0,0.45,1,0.0,0.357,-0.269,0.671,,0.521,0.544,7.1,0.159,48.8,78.0,7585.0,0.73,59.0,4.0,0.553,0.4319,1,MEDIUM
DEF-14841,Major,4,Counter-Insurgency,108,10.1,14.0,0.9,1,0.0,,0.254,0.764,0.496,0.232,0.241,5.8,0.158,51.2,75.0,8739.0,0.72,39.0,3.8,0.2392,0.3722,0,LOW
DEF-14842,Sepoy,1,Peace Station,100,10.5,10.0,0.15,2,0.0,0.598,,0.585,0.321,0.47,0.197,7.0,0.257,50.7,66.0,6118.0,0.76,45.0,2.8,0.245,0.2641,0,LOW
DEF-14843,Sepoy,1,High Altitude (Siachen/Ladakh),59,27.5,15.0,0.85,3,0.0,0.643,,,0.949,,0.753,5.8,0.183,,77.0,7846.0,,80.0,,0.8776,0.7204,2,HIGH
DEF-14844,Sepoy,1,Field Outpost,104,12.6,13.0,0.45,2,0.0,0.147,0.271,0.637,0.28,1.0,,7.3,,,66.0,,,59.0,,0.5228,0.5559,1,MEDIUM
DEF-14845,Sepoy,1,Field Outpost,60,17.0,9.0,0.45,3,0.0,0.429,0.207,,0.85,0.759,0.295,8.3,0.229,62.3,,7724.0,0.8,51.0,2.6,0.1344,0.1616,0,LOW
DEF-14846,Major,4,Field Outpost,22,18.6,12.0,0.45,1,0.0,0.372,-0.191,,0.36,,0.333,6.7,0.209,51.1,,8671.0,0.74,52.0,1.8,0.3465,0.2932,0,LOW
DEF-14847,Sepoy,1,Field Outpost,24,12.6,6.0,0.45,1,0.0,0.204,0.671,0.143,0.515,0.334,0.335,6.7,0.178,,,,,39.0,3.0,0.105,0.083,0,LOW
DEF-14848,Havildar,2,High Altitude (Siachen/Ladakh),56,19.8,13.0,0.85,2,0.0,0.381,-0.114,0.56,,0.435,0.276,4.8,0.243,45.5,,,,98.0,2.6,0.6687,0.5593,1,MEDIUM
DEF-14849,Sepoy,1,Counter-Insurgency,33,22.4,14.0,0.9,3,1.0,0.301,,0.592,0.444,0.54,0.642,5.6,0.134,,71.0,9522.0,,66.0,3.4,0.3537,0.3455,1,MEDIUM
DEF-14850,Colonel,4,Field Outpost,62,21.7,6.0,0.45,2,0.0,0.412,0.02,0.432,,0.428,0.523,5.6,0.206,59.3,75.0,7349.0,0.7,65.0,3.8,0.1391,0.0792,0,LOW
DEF-14851,Sepoy,1,High Altitude (Siachen/Ladakh),102,22.6,13.0,0.85,1,0.0,0.137,-0.151,0.522,0.559,0.938,0.354,5.7,0.224,42.9,72.0,7287.0,0.35,88.0,3.7,0.7925,0.7332,2,HIGH
DEF-14852,Havildar,2,High Altitude (Siachen/Ladakh),53,0.0,12.0,0.85,2,1.0,0.301,0.287,,0.677,0.337,,7.2,,40.0,,11720.0,,53.0,2.6,0.3256,0.239,0,LOW
DEF-14853,Sepoy,1,Peace Station,17,4.0,17.0,0.15,3,0.0,0.446,0.022,0.488,,0.378,,,0.234,65.3,61.0,5370.0,,79.0,2.1,0.2119,0.1941,0,LOW
DEF-14854,Naik,1,Field Outpost,89,9.6,11.0,0.45,1,0.0,0.135,0.119,0.237,0.23,0.398,0.16,7.5,0.294,62.6,68.0,9292.0,,,2.0,0.1127,0.1562,0,LOW
DEF-14855,Sepoy,1,High Altitude (Siachen/Ladakh),49,7.2,15.0,0.85,1,0.0,0.614,-0.199,1.0,0.653,,0.363,7.1,0.213,,85.0,11606.0,,85.0,3.2,0.3762,0.4276,1,MEDIUM
DEF-14856,Sepoy,1,Peace Station,57,7.9,18.0,0.15,2,1.0,0.262,0.149,,0.477,0.388,0.188,7.0,,,,10355.0,0.84,51.0,2.2,0.0864,0.1563,0,LOW
DEF-14857,Major,4,Field Outpost,201,21.6,14.0,0.45,1,0.0,0.2,0.226,0.818,0.552,0.568,0.443,6.7,0.216,50.7,75.0,,,63.0,3.9,0.3667,0.489,1,MEDIUM
DEF-14858,Subedar,3,Counter-Insurgency,108,14.9,13.0,0.9,2,0.0,0.559,,0.632,0.49,0.526,0.213,7.2,0.196,45.0,77.0,10260.0,0.58,85.0,2.6,0.3953,0.4815,1,MEDIUM
DEF-14859,Subedar,3,Field Outpost,123,,9.0,0.45,1,2.0,0.235,-0.209,0.665,,,0.139,6.3,,52.2,74.0,8762.0,0.85,73.0,3.1,0.3895,0.4673,1,MEDIUM
DEF-14860,Naik,1,Peace Station,54,12.1,11.0,0.15,1,2.0,,0.127,0.604,0.398,0.288,0.115,5.7,0.224,51.1,71.0,,1.0,81.0,3.1,0.0859,0.1767,0,LOW
DEF-14861,Havildar,2,Peace Station,177,10.6,11.0,0.15,1,0.0,0.576,0.097,0.164,,,0.046,6.4,0.312,52.5,66.0,10783.0,,35.0,2.3,0.2891,0.4242,0,LOW
DEF-14862,Sepoy,1,Peace Station,38,11.9,5.0,0.15,1,1.0,0.265,,,0.76,0.831,0.412,,0.2,,68.0,13091.0,,51.0,2.6,0.2676,0.2835,0,LOW
DEF-14863,Sepoy,1,Field Outpost,23,25.8,17.0,0.45,1,0.0,0.371,0.13,0.26,,,0.401,5.4,0.224,41.6,73.0,2607.0,,78.0,2.4,0.5208,0.3721,1,MEDIUM
DEF-14864,Sepoy,1,Peace Station,194,0.0,15.0,0.15,3,0.0,0.358,0.036,0.506,,,,7.2,0.261,56.3,76.0,7598.0,0.75,47.0,3.3,0.1992,0.3647,0,LOW
DEF-14865,Naik,1,Peace Station,17,24.8,7.0,0.15,1,0.0,0.444,-0.137,0.607,0.966,0.508,0.536,,,43.9,72.0,7973.0,0.65,,3.3,0.3427,0.2133,0,LOW
DEF-14866,Sepoy,1,Field Outpost,50,33.5,16.0,0.45,2,0.0,0.133,0.13,0.348,0.619,0.425,0.555,7.6,0.278,55.8,64.0,5077.0,,53.0,2.2,0.1486,0.2057,0,LOW
DEF-14867,Sepoy,1,Field Outpost,90,24.8,13.0,0.45,3,0.0,,0.045,0.661,,0.464,0.383,5.1,,,74.0,7068.0,0.6,65.0,2.4,0.6384,0.569,1,MEDIUM
DEF-14868,Naik,1,Peace Station,54,5.6,,0.15,1,1.0,0.021,0.371,0.439,0.337,,0.261,,0.298,49.2,58.0,15135.0,,40.0,2.4,0.1086,0.144,0,LOW
DEF-14869,Havildar,2,Peace Station,44,9.9,13.0,0.15,1,0.0,0.197,0.084,0.533,0.521,0.525,0.328,5.5,,57.9,65.0,4175.0,,74.0,3.9,0.1145,0.0922,0,LOW
DEF-14870,Sepoy,1,Peace Station,67,22.8,4.0,0.15,2,0.0,0.467,-0.094,0.69,0.868,0.589,,,0.24,43.2,69.0,7427.0,0.52,65.0,2.7,0.3741,0.3457,1,MEDIUM
DEF-14871,Sepoy,1,Peace Station,65,11.9,16.0,0.15,1,0.0,0.321,,0.697,0.496,1.0,0.672,5.0,0.253,,,8823.0,,79.0,,0.7739,0.7009,2,HIGH
DEF-14872,Sepoy,1,Peace Station,72,9.7,12.0,0.15,2,0.0,0.227,-0.316,0.467,0.477,0.352,0.24,5.9,0.15,,64.0,,0.72,65.0,4.7,0.3223,0.3358,0,LOW
DEF-14873,Sepoy,1,Field Outpost,130,,,0.45,3,0.0,0.208,-0.306,0.389,,0.453,0.354,6.6,,,77.0,10047.0,0.78,79.0,3.4,0.3156,0.3621,0,LOW
DEF-14874,Sepoy,1,Field Outpost,93,4.5,8.0,0.45,1,1.0,0.285,-0.322,0.594,,0.804,0.588,6.8,0.263,49.1,84.0,,0.79,119.0,,0.3818,0.3355,1,MEDIUM
DEF-14875,Naik,1,Peace Station,58,12.9,7.0,0.15,2,3.0,0.086,-0.161,,0.515,0.348,,7.1,,50.1,,9238.0,0.93,77.0,2.7,0.2115,0.0858,0,LOW
DEF-14876,Naik,1,High Altitude (Siachen/Ladakh),77,3.7,19.0,0.85,4,2.0,,-0.379,0.521,0.858,0.488,0.289,,,51.4,,9759.0,0.58,,,0.3485,0.3974,1,MEDIUM
DEF-14877,Naik,1,Field Outpost,6,20.1,7.0,0.45,1,0.0,0.632,-0.621,0.636,0.561,,0.46,5.9,0.099,51.1,84.0,,0.58,,3.8,0.6326,0.5302,1,MEDIUM
DEF-14878,Sepoy,1,Peace Station,61,6.8,18.0,0.15,1,3.0,0.493,,0.487,0.403,0.251,0.137,6.8,0.265,48.5,74.0,8095.0,0.77,39.0,3.0,0.023,0.01,0,LOW
DEF-14879,Havildar,2,Peace Station,81,14.4,16.0,0.15,2,0.0,0.303,,0.186,0.469,0.512,0.141,,0.235,66.0,,,,51.0,2.5,0.2574,0.2959,0,LOW
DEF-14880,Sepoy,1,Counter-Insurgency,41,10.2,7.0,0.9,4,0.0,0.698,-0.094,0.524,0.793,0.6,0.204,7.6,0.311,,63.0,11789.0,0.9,49.0,,0.2313,0.246,0,LOW
DEF-14881,Naik,1,Counter-Insurgency,51,17.2,4.0,0.9,1,0.0,0.747,-0.18,0.595,0.526,0.905,0.48,6.5,0.303,55.8,70.0,,0.66,61.0,3.9,0.7376,0.6712,2,HIGH
DEF-14882,Havildar,2,Peace Station,109,21.0,17.0,0.15,1,1.0,0.402,-0.028,,0.579,0.485,0.409,6.4,0.221,46.2,77.0,,0.69,76.0,,0.5308,0.5181,1,MEDIUM
DEF-14883,Sepoy,1,Peace Station,33,16.4,15.0,0.15,1,0.0,0.855,0.179,,0.393,,0.307,7.7,0.285,,,9239.0,0.7,37.0,2.9,0.5118,0.2824,1,MEDIUM
DEF-14884,Sepoy,1,Field Outpost,110,8.0,11.0,0.45,1,0.0,0.122,0.245,,0.054,0.355,0.0,7.6,,,59.0,7253.0,,72.0,2.5,0.1983,0.2395,0,LOW
DEF-14885,Subedar,3,Field Outpost,155,9.2,18.0,0.45,1,1.0,0.851,-0.12,,0.395,0.744,0.336,4.4,0.148,41.7,79.0,,,93.0,3.8,0.7973,0.7935,2,HIGH
DEF-14886,Sepoy,1,Field Outpost,52,,11.0,0.45,1,0.0,0.439,-0.315,0.804,0.947,0.839,0.479,5.4,0.116,37.0,81.0,9017.0,,97.0,4.4,0.8927,0.7265,2,HIGH
DEF-14887,Naik,1,Field Outpost,33,22.1,16.0,0.45,2,0.0,0.381,-0.106,0.787,0.657,0.371,0.321,,0.214,44.7,66.0,,0.92,54.0,,0.5982,0.5153,1,MEDIUM
DEF-14888,Sepoy,1,Peace Station,42,,11.0,0.15,4,0.0,0.039,0.435,,0.193,0.361,0.261,7.4,,,59.0,7315.0,0.96,26.0,,0.0321,0.1038,0,LOW
DEF-14889,Naik,1,Peace Station,149,9.1,12.0,0.15,3,1.0,0.618,,0.161,0.442,0.305,0.053,8.2,0.271,57.0,65.0,9230.0,0.97,30.0,,0.4702,0.5132,1,MEDIUM
DEF-14890,Sepoy,1,Field Outpost,32,,9.0,0.45,3,0.0,0.401,0.11,0.176,,0.668,0.0,8.0,0.27,58.8,,7150.0,0.82,21.0,1.4,0.0374,0.0435,0,LOW
DEF-14891,Sepoy,1,Counter-Insurgency,33,,15.0,0.9,1,0.0,0.269,-0.761,0.579,0.421,0.78,0.479,5.4,,,,3946.0,0.88,106.0,,0.8649,0.8155,2,HIGH
DEF-14892,Naik,1,Peace Station,17,8.0,18.0,0.15,1,1.0,0.166,-0.123,,0.222,,0.076,,0.257,54.1,69.0,,0.81,40.0,2.6,0.1486,0.1936,0,LOW
DEF-14893,Sepoy,1,High Altitude (Siachen/Ladakh),50,23.0,15.0,0.85,2,3.0,0.094,-0.627,0.735,0.909,0.574,0.502,7.0,0.2,,,4700.0,0.77,83.0,4.4,0.6341,0.5955,1,MEDIUM
DEF-14894,Sepoy,1,Field Outpost,73,21.0,8.0,0.45,2,0.0,0.278,0.233,0.723,0.497,0.39,0.344,,0.244,62.1,,,,46.0,3.5,0.2162,0.2207,0,LOW
DEF-14895,Sepoy,1,Peace Station,138,25.5,,0.15,2,0.0,0.274,-0.057,0.54,0.93,0.599,0.396,,,,79.0,13807.0,0.62,,3.8,0.6423,0.6037,1,MEDIUM
DEF-14896,Sepoy,1,Counter-Insurgency,53,20.5,19.0,0.9,1,0.0,0.886,-0.28,,0.751,0.518,0.162,5.7,0.234,,72.0,8564.0,,64.0,2.5,0.7186,0.6665,2,HIGH
DEF-14897,Sepoy,1,Field Outpost,88,12.2,10.0,0.45,2,0.0,0.215,-0.084,0.255,0.42,0.439,0.321,,0.283,48.3,68.0,3631.0,,42.0,2.9,0.1901,0.2677,0,LOW
DEF-14898,Sepoy,1,Field Outpost,43,14.1,11.0,0.45,1,1.0,0.556,-0.71,0.74,0.683,1.0,0.503,,0.134,,80.0,,0.54,89.0,4.1,0.4323,0.4001,1,MEDIUM
DEF-14899,Subedar,3,Field Outpost,29,14.2,13.0,0.45,2,2.0,0.48,-0.312,0.695,0.438,0.532,0.223,7.1,,41.8,73.0,,0.67,93.0,3.0,0.3998,0.3632,1,MEDIUM
DEF-14900,Sepoy,1,Peace Station,127,11.7,15.0,0.15,1,1.0,0.24,0.071,0.54,,0.541,0.344,,,,70.0,10505.0,0.72,69.0,2.5,0.2054,0.3727,0,LOW
DEF-14901,Naik,1,Field Outpost,72,0.2,13.0,0.45,3,0.0,0.612,0.444,0.744,0.22,0.404,0.152,,0.278,61.2,,6176.0,0.77,41.0,2.6,0.1242,0.1957,0,LOW
DEF-14902,Sepoy,1,Field Outpost,93,0.0,9.0,0.45,1,0.0,0.638,0.01,0.432,0.392,0.408,0.005,,,,,,0.74,43.0,1.8,0.334,0.2791,0,LOW
DEF-14903,Sepoy,1,Peace Station,71,20.5,13.0,0.15,4,0.0,0.232,-0.053,0.513,0.65,,0.363,6.0,0.179,44.3,,,,52.0,3.0,0.2818,0.2875,0,LOW
DEF-14904,Subedar,3,Field Outpost,22,12.5,12.0,0.45,3,0.0,0.119,,,0.505,0.465,0.305,6.2,0.213,56.2,,8327.0,0.76,94.0,3.2,0.3543,0.3331,0,LOW
DEF-14905,Sepoy,1,Peace Station,108,22.2,14.0,0.15,3,1.0,0.884,,0.587,0.56,0.277,0.658,6.9,0.217,,75.0,5939.0,0.56,61.0,2.8,0.2623,0.361,0,LOW
DEF-14906,Major,4,Peace Station,41,10.8,9.0,0.15,4,0.0,0.577,-0.055,,0.526,0.465,0.288,6.1,0.167,38.2,75.0,7539.0,,94.0,2.7,0.2062,0.1203,0,LOW
DEF-14907,Sepoy,1,High Altitude (Siachen/Ladakh),85,14.0,11.0,0.85,1,0.0,0.414,-0.065,0.556,,,0.277,7.2,,,70.0,7514.0,0.82,47.0,3.0,0.3131,0.3201,0,LOW
DEF-14908,Havildar,2,Peace Station,30,21.9,8.0,0.15,2,0.0,,0.036,,0.453,0.503,,,,51.5,64.0,12634.0,,60.0,3.5,0.4281,0.4146,1,MEDIUM
DEF-14909,Naik,1,Field Outpost,32,27.2,21.0,0.45,3,0.0,0.472,-0.266,0.531,0.643,,0.518,,,39.9,68.0,11595.0,,,,0.83,0.7076,2,HIGH
DEF-14910,Subedar,3,Counter-Insurgency,43,11.3,16.0,0.9,1,0.0,0.801,-0.609,0.707,0.497,0.841,0.506,5.3,0.221,56.3,83.0,8948.0,,88.0,2.5,0.765,0.6756,2,HIGH
DEF-14911,Naik,1,Peace Station,36,5.5,9.0,0.15,2,1.0,0.329,0.083,0.589,0.56,0.378,,6.7,0.299,55.6,,,,55.0,3.4,0.1153,0.151,0,LOW
DEF-14912,Naik,1,Field Outpost,28,24.3,9.0,0.45,1,0.0,0.536,-0.077,0.496,0.319,0.598,0.267,6.5,,49.5,68.0,,0.77,75.0,2.7,0.1382,0.0387,0,LOW
DEF-14913,Sepoy,1,Field Outpost,191,11.6,14.0,0.45,2,0.0,,-0.151,0.421,,,0.152,5.9,0.196,,68.0,,0.63,45.0,,0.4805,0.6101,1,MEDIUM
DEF-14914,Sepoy,1,Field Outpost,65,9.9,14.0,0.45,4,0.0,0.383,-0.133,0.609,0.31,0.356,0.456,7.5,0.165,,,4691.0,0.67,56.0,,0.5592,0.5432,1,MEDIUM
DEF-14915,Subedar,3,Field Outpost,20,10.6,13.0,0.45,2,0.0,0.497,,0.737,,0.309,0.28,,0.219,49.8,68.0,14355.0,0.71,63.0,,0.2308,0.2415,0,LOW
DEF-14916,Sepoy,1,Field Outpost,29,7.9,8.0,0.45,1,0.0,0.229,,0.383,0.406,0.533,0.143,6.5,,60.5,65.0,9350.0,0.8,76.0,3.2,0.0542,0.109,0,LOW
DEF-14917,Sepoy,1,Peace Station,38,20.6,13.0,0.15,4,0.0,0.309,-0.176,0.307,0.497,0.779,0.314,5.4,,38.9,77.0,4532.0,,51.0,2.6,0.5124,0.453,1,MEDIUM
DEF-14918,Havildar,2,Peace Station,48,2.6,10.0,0.15,1,,0.228,0.045,0.405,0.548,0.573,0.366,7.7,,54.9,64.0,5551.0,0.86,57.0,2.6,0.0957,0.0625,0,LOW
DEF-14919,Sepoy,1,High Altitude (Siachen/Ladakh),96,,12.0,0.85,3,0.0,0.712,,0.455,0.584,0.345,0.453,6.7,0.187,35.9,88.0,6291.0,,73.0,3.8,0.7764,0.696,2,HIGH
DEF-14920,Major,4,Peace Station,73,16.1,9.0,0.15,4,1.0,0.355,,0.387,0.878,0.238,,6.8,0.216,57.2,72.0,11743.0,0.79,44.0,1.5,0.1586,0.1005,0,LOW
DEF-14921,Havildar,2,High Altitude (Siachen/Ladakh),64,8.9,11.0,0.85,3,0.0,0.118,-0.076,,0.345,0.349,,7.2,0.269,33.6,68.0,8764.0,0.64,54.0,3.2,0.572,0.58,1,MEDIUM
DEF-14922,Naik,1,High Altitude (Siachen/Ladakh),23,,11.0,0.85,2,0.0,,,,0.583,,0.793,5.9,0.188,43.0,75.0,,0.55,80.0,3.4,0.7991,0.6528,2,HIGH
DEF-14923,Subedar,3,Peace Station,87,21.6,9.0,0.15,3,0.0,0.271,-0.055,0.383,0.304,0.413,,5.6,0.201,58.3,73.0,8452.0,0.77,,,0.4363,0.3382,1,MEDIUM
DEF-14924,Sepoy,1,Peace Station,22,10.1,18.0,0.15,2,0.0,0.63,0.022,,0.225,0.185,,6.5,0.232,,,,0.77,51.0,2.7,0.2654,0.1809,0,LOW
DEF-14925,Sepoy,1,Peace Station,57,13.1,7.0,0.15,2,0.0,0.305,-0.009,,0.404,,0.322,4.8,,45.0,79.0,9566.0,,50.0,,0.6422,0.5152,1,MEDIUM
DEF-14926,Naik,1,Field Outpost,76,21.6,9.0,0.45,1,0.0,0.19,-0.133,0.427,,0.353,0.243,7.8,0.233,54.7,69.0,14585.0,,58.0,2.4,0.0914,0.0898,0,LOW
DEF-14927,Sepoy,1,High Altitude (Siachen/Ladakh),78,14.7,15.0,0.85,1,0.0,0.146,0.137,0.457,0.852,0.535,0.284,6.3,0.152,,71.0,8202.0,0.66,67.0,3.9,0.5142,0.5337,1,MEDIUM
DEF-14928,Havildar,2,Peace Station,70,25.9,17.0,0.15,3,0.0,0.233,0.141,0.721,0.943,0.537,0.573,,0.127,53.3,84.0,11180.0,0.61,94.0,3.3,0.7394,0.7424,2,HIGH
DEF-14929,Subedar,3,Peace Station,72,18.8,14.0,0.15,2,0.0,0.73,,,0.15,,0.455,7.6,0.288,63.6,61.0,6959.0,0.79,28.0,1.8,0.0354,0.1894,0,LOW
DEF-14930,Sepoy,1,Field Outpost,69,16.1,12.0,0.45,2,0.0,0.411,-0.15,,0.228,0.606,0.322,,0.278,49.5,71.0,8708.0,0.72,48.0,,0.5877,0.5763,1,MEDIUM
DEF-14931,Sepoy,1,Peace Station,26,16.1,18.0,0.15,2,0.0,0.12,-0.477,0.703,1.0,0.451,0.608,6.0,,48.8,66.0,6278.0,0.61,84.0,2.4,0.2547,0.1464,0,LOW
DEF-14932,Major,4,Field Outpost,25,40.8,,0.45,3,1.0,0.178,-0.696,1.0,0.701,0.548,0.794,4.6,,36.2,71.0,11213.0,0.79,107.0,4.2,0.98,0.7515,2,HIGH
DEF-14933,Sepoy,1,Field Outpost,102,5.3,13.0,0.45,3,2.0,0.377,0.366,0.54,0.259,0.478,0.078,7.2,,44.4,59.0,11381.0,0.9,86.0,,0.1569,0.1723,0,LOW
DEF-14934,Naik,1,Peace Station,103,4.7,9.0,0.15,1,1.0,0.176,,0.608,0.325,0.415,0.091,,0.261,51.7,65.0,11287.0,,33.0,2.7,0.1726,0.2209,0,LOW
DEF-14935,Sepoy,1,Field Outpost,32,11.9,5.0,0.45,1,1.0,0.148,-0.139,0.475,0.129,0.327,0.168,8.1,,60.1,59.0,10026.0,0.86,72.0,2.4,0.0251,0.0295,0,LOW
DEF-14936,Subedar,3,Field Outpost,71,25.9,6.0,0.45,1,0.0,0.656,-0.207,0.352,0.484,0.46,0.225,6.8,0.317,67.6,63.0,9773.0,0.98,64.0,3.6,0.1564,0.1382,0,LOW
DEF-14937,Naik,1,Peace Station,80,0.0,14.0,0.15,2,0.0,0.491,-0.193,0.258,0.131,0.599,0.045,6.5,0.26,58.8,67.0,5847.0,0.93,40.0,2.0,0.0529,0.1488,0,LOW
DEF-14938,Havildar,2,Peace Station,64,,14.0,0.15,1,0.0,0.33,0.271,0.485,0.362,0.451,0.147,6.3,0.272,46.5,62.0,,,66.0,,0.02,0.1275,0,LOW
DEF-14939,Havildar,2,Field Outpost,111,10.6,16.0,0.45,3,0.0,0.317,0.168,0.602,0.39,0.814,0.192,5.6,0.233,55.2,,,0.85,110.0,3.8,0.4261,0.4384,1,MEDIUM
DEF-14940,Sepoy,1,Field Outpost,49,32.0,18.0,0.45,1,0.0,0.142,-0.395,0.68,0.849,0.551,0.726,4.1,0.233,28.1,,,0.77,82.0,2.2,0.9651,0.8526,2,HIGH
DEF-14941,Sepoy,1,Peace Station,51,14.2,15.0,0.15,1,1.0,,0.056,0.355,,0.361,0.06,7.1,,77.8,72.0,,0.79,79.0,1.9,0.3924,0.2635,0,LOW
DEF-14942,Havildar,2,Peace Station,111,4.1,11.0,0.15,3,0.0,0.294,-0.617,0.508,,0.247,0.277,,,49.3,71.0,7508.0,0.84,77.0,2.5,0.2441,0.2133,0,LOW
DEF-14943,Sepoy,1,Peace Station,26,21.0,7.0,0.15,1,0.0,,-0.472,0.55,0.606,0.501,0.611,7.5,0.261,45.6,68.0,10002.0,0.84,54.0,3.0,0.1362,0.174,0,LOW
DEF-14944,Havildar,2,Peace Station,100,28.1,14.0,0.15,2,0.0,0.15,-0.182,,0.752,0.2,0.178,,0.234,49.7,55.0,5616.0,0.69,69.0,2.2,0.3414,0.3722,1,MEDIUM
DEF-14945,Major,4,Field Outpost,141,8.6,13.0,0.45,4,0.0,0.211,0.265,,,0.321,0.029,6.5,0.269,53.8,63.0,7792.0,,35.0,2.9,0.0243,0.245,0,LOW
DEF-14946,Naik,1,Peace Station,86,17.9,11.0,0.15,2,1.0,0.395,0.464,0.317,0.756,,0.339,,0.198,46.2,69.0,,,54.0,,0.4265,0.3797,1,MEDIUM
DEF-14947,Havildar,2,Field Outpost,62,15.3,,0.45,3,0.0,0.097,0.013,0.898,0.423,0.738,0.514,6.1,0.273,52.9,,6055.0,,71.0,3.5,0.3593,0.3417,1,MEDIUM
DEF-14948,Havildar,2,Peace Station,27,18.9,10.0,0.15,3,2.0,,-0.03,0.368,0.39,0.421,0.152,5.8,0.245,47.3,62.0,,0.57,99.0,2.1,0.4142,0.3288,1,MEDIUM
DEF-14949,Havildar,2,Field Outpost,71,10.1,8.0,0.45,1,0.0,0.151,0.081,0.204,,,0.182,7.5,0.277,56.9,75.0,11019.0,0.7,71.0,1.8,0.1018,0.0627,0,LOW
DEF-14950,Sepoy,1,High Altitude (Siachen/Ladakh),40,19.3,8.0,0.85,2,,0.293,-0.2,0.646,0.83,0.447,0.425,5.1,0.172,35.2,76.0,,,,3.7,0.9475,0.6698,2,HIGH
DEF-14951,Sepoy,1,Field Outpost,54,21.1,15.0,0.45,1,0.0,0.567,-0.247,0.42,0.465,0.864,0.485,,0.204,,82.0,8684.0,0.64,112.0,3.5,0.4184,0.4116,1,MEDIUM
DEF-14952,Sepoy,1,Peace Station,79,20.1,11.0,0.15,1,0.0,0.165,-0.166,0.467,0.351,0.566,0.434,7.7,0.161,50.1,73.0,7144.0,0.72,60.0,3.2,0.3368,0.3879,1,MEDIUM
DEF-14953,Naik,1,Peace Station,37,0.2,10.0,0.15,1,3.0,0.244,-0.235,0.184,0.45,0.224,0.0,8.7,0.276,61.7,60.0,9787.0,1.0,33.0,2.9,0.0749,0.1282,0,LOW
DEF-14954,Naik,1,Peace Station,30,1.8,11.0,0.15,2,0.0,0.484,-0.09,0.255,0.671,0.211,,7.5,,61.8,,9775.0,0.86,66.0,3.4,0.1538,0.1327,0,LOW
DEF-14955,Havildar,2,Field Outpost,46,8.1,13.0,0.45,3,0.0,0.373,,0.367,0.767,0.86,,6.5,0.225,71.3,66.0,5992.0,0.88,50.0,2.4,0.3816,0.3897,1,MEDIUM
DEF-14956,Sepoy,1,Peace Station,133,16.3,15.0,0.15,3,0.0,0.126,-0.346,0.847,0.547,0.499,0.113,6.1,0.193,58.2,70.0,10318.0,,,3.3,0.5679,0.7053,1,MEDIUM
DEF-14957,Naik,1,Peace Station,80,18.8,15.0,0.15,2,0.0,0.165,-0.017,0.413,0.689,0.499,0.408,6.9,0.188,42.1,69.0,6987.0,0.75,66.0,2.1,0.4481,0.4401,1,MEDIUM
DEF-14958,Sepoy,1,Counter-Insurgency,40,5.0,24.0,0.9,1,0.0,0.205,0.071,0.372,0.55,0.301,0.136,7.9,0.301,,81.0,4848.0,,59.0,2.9,0.3126,0.2821,0,LOW
DEF-14959,Havildar,2,Peace Station,42,16.8,19.0,0.15,2,0.0,0.56,0.215,0.385,,,,4.9,,58.1,68.0,2176.0,0.73,66.0,4.4,0.6166,0.593,1,MEDIUM
DEF-14960,Naik,1,Counter-Insurgency,120,22.0,19.0,0.9,3,0.0,0.312,-0.154,,0.657,0.458,0.392,5.8,0.193,62.1,70.0,,,61.0,,0.2175,0.3507,0,LOW
DEF-14961,Sepoy,1,Counter-Insurgency,25,19.7,12.0,0.9,1,2.0,0.444,,,0.47,0.945,0.407,5.8,0.176,,,8198.0,,69.0,3.7,0.4353,0.3654,1,MEDIUM
DEF-14962,Sepoy,1,High Altitude (Siachen/Ladakh),131,,10.0,0.85,1,1.0,0.378,0.116,0.994,,0.631,0.441,5.7,0.173,53.8,78.0,2902.0,,96.0,,0.4517,0.4731,1,MEDIUM
DEF-14963,Havildar,2,Counter-Insurgency,36,10.9,11.0,0.9,2,0.0,,,0.431,,0.488,0.344,,0.22,45.2,63.0,8902.0,0.57,110.0,3.8,0.2237,0.1284,0,LOW
DEF-14964,Naik,1,Peace Station,128,3.0,8.0,0.15,2,1.0,0.607,0.709,0.256,0.384,0.089,0.0,7.6,0.329,54.8,,8050.0,0.71,39.0,3.2,0.2622,0.3849,0,LOW
DEF-14965,Sepoy,1,Peace Station,102,28.8,12.0,0.15,3,0.0,0.396,0.295,0.306,0.407,0.594,,6.7,0.249,,,9964.0,,56.0,4.1,0.2768,0.298,0,LOW
DEF-14966,Major,4,Peace Station,33,18.0,11.0,0.15,2,0.0,0.399,-0.023,0.442,0.7,0.25,0.147,6.7,0.224,44.7,73.0,8191.0,,78.0,2.9,0.2247,0.1244,0,LOW
DEF-14967,Havildar,2,Peace Station,93,0.3,11.0,0.15,1,1.0,0.534,0.005,,0.343,0.378,0.107,6.6,,58.3,68.0,4985.0,0.75,59.0,3.7,0.1929,0.2479,0,LOW
DEF-14968,Major,4,Peace Station,21,24.4,11.0,0.15,1,0.0,0.306,-0.398,0.439,0.863,0.313,,8.0,0.272,56.5,69.0,11322.0,,60.0,2.9,0.0297,0.01,0,LOW
DEF-14969,Sepoy,1,High Altitude (Siachen/Ladakh),113,19.6,13.0,0.85,4,0.0,0.214,-0.664,0.319,0.849,0.323,0.481,5.3,,43.3,74.0,5967.0,,53.0,3.9,0.5457,0.5722,1,MEDIUM
DEF-14970,Naik,1,Peace Station,32,24.2,14.0,0.15,1,0.0,0.453,-0.1,0.651,,0.512,0.282,4.9,,41.1,83.0,10338.0,0.86,111.0,4.6,0.5348,0.4715,1,MEDIUM
DEF-14971,Subedar,3,Peace Station,113,9.3,18.0,0.15,1,3.0,0.503,-0.008,0.402,0.309,0.601,0.215,8.5,0.16,55.6,72.0,,0.79,99.0,,0.1724,0.3046,0,LOW
DEF-14972,Naik,1,High Altitude (Siachen/Ladakh),26,10.4,14.0,0.85,3,0.0,0.294,0.098,1.0,0.845,,,6.0,0.246,37.1,73.0,8539.0,,67.0,3.2,0.8576,0.7639,2,HIGH
DEF-14973,Havildar,2,Peace Station,34,7.1,20.0,0.15,2,0.0,0.288,,,,0.433,,,,45.4,66.0,,0.69,81.0,4.3,0.2883,0.31,0,LOW
DEF-14974,Sepoy,1,Field Outpost,149,32.0,10.0,0.45,2,0.0,0.039,-0.504,,,,0.378,,0.274,67.7,61.0,10571.0,0.7,61.0,2.7,0.2372,0.2666,0,LOW
DEF-14975,Sepoy,1,Peace Station,85,9.7,9.0,0.15,2,0.0,0.351,,0.584,0.757,0.375,,7.1,,39.9,69.0,,0.82,86.0,,0.4814,0.3986,1,MEDIUM
DEF-14976,Sepoy,1,High Altitude (Siachen/Ladakh),36,,16.0,0.85,4,0.0,0.426,0.501,0.328,0.336,0.292,0.163,6.0,0.178,,,,,115.0,3.3,0.1768,0.2577,0,LOW
DEF-14977,Sepoy,1,Field Outpost,75,8.5,8.0,0.45,1,1.0,0.262,-0.416,0.535,,0.454,0.168,5.3,0.228,,76.0,7641.0,0.56,59.0,3.4,0.2707,0.2471,0,LOW
DEF-14978,Sepoy,1,Field Outpost,74,11.2,17.0,0.45,2,1.0,0.477,0.071,0.451,0.722,0.485,0.409,5.3,0.17,,,11861.0,,70.0,3.3,0.605,0.5993,1,MEDIUM
DEF-14979,Sepoy,1,Peace Station,55,27.2,18.0,0.15,2,1.0,0.362,0.016,0.31,0.752,0.278,0.394,7.6,0.289,,85.0,5744.0,0.84,80.0,,0.1922,0.2563,0,LOW
DEF-14980,Major,4,Counter-Insurgency,74,16.4,18.0,0.9,1,0.0,,-0.124,0.532,0.424,0.559,0.463,6.3,0.271,47.2,71.0,10477.0,,72.0,4.3,0.3953,0.4404,1,MEDIUM
DEF-14981,Sepoy,1,Peace Station,120,,11.0,0.15,2,0.0,0.44,,,0.655,0.258,0.306,6.4,0.217,,62.0,7182.0,0.92,35.0,,0.1426,0.1955,0,LOW
DEF-14982,Naik,1,High Altitude (Siachen/Ladakh),100,16.4,16.0,0.85,3,0.0,0.194,-0.467,0.813,,0.993,0.328,6.5,0.248,52.5,77.0,8792.0,0.5,57.0,4.1,0.5007,0.5588,1,MEDIUM
DEF-14983,Havildar,2,Counter-Insurgency,87,12.5,9.0,0.9,2,0.0,0.474,-0.417,0.378,,0.374,0.321,6.0,0.209,49.9,76.0,10227.0,0.82,61.0,,0.3134,0.2899,0,LOW
DEF-14984,Naik,1,Field Outpost,35,5.1,9.0,0.45,3,0.0,0.289,,0.564,0.622,0.699,0.0,7.5,0.279,55.3,67.0,7013.0,,51.0,,0.1167,0.1355,0,LOW
DEF-14985,Sepoy,1,Field Outpost,26,27.5,15.0,0.45,2,0.0,0.242,-0.485,0.698,0.511,0.426,0.468,6.1,0.217,,78.0,15078.0,0.66,69.0,3.3,0.4705,0.3898,1,MEDIUM
DEF-14986,Havildar,2,Peace Station,61,22.4,12.0,0.15,3,0.0,0.593,-0.002,0.884,0.724,0.456,0.38,6.5,0.256,49.9,75.0,5413.0,0.81,53.0,,0.1442,0.1941,0,LOW
DEF-14987,Naik,1,Field Outpost,102,23.2,15.0,0.45,3,1.0,0.683,0.439,0.68,,0.438,0.412,6.4,0.239,50.9,73.0,12950.0,,49.0,3.3,0.2991,0.3516,0,LOW
DEF-14988,Havildar,2,Counter-Insurgency,15,21.9,13.0,0.9,2,0.0,,,,0.682,0.406,0.531,5.7,,42.7,80.0,9790.0,0.57,66.0,3.3,0.5938,0.49,1,MEDIUM
DEF-14989,Havildar,2,Peace Station,48,8.0,9.0,0.15,3,,0.473,-0.013,0.382,,,0.003,7.6,0.228,59.1,58.0,6102.0,,36.0,2.1,0.3721,0.4205,1,MEDIUM
DEF-14990,Major,4,Counter-Insurgency,84,16.3,13.0,0.9,2,0.0,0.712,0.054,0.87,0.614,0.728,0.343,5.3,0.235,40.3,77.0,3549.0,0.57,66.0,4.9,0.8137,0.6853,2,HIGH
DEF-14991,Naik,1,High Altitude (Siachen/Ladakh),130,23.2,10.0,0.85,2,1.0,0.378,0.027,0.605,0.645,0.386,0.426,4.8,0.227,35.7,78.0,6578.0,0.68,68.0,3.6,0.7286,0.6414,2,HIGH
DEF-14992,Sepoy,1,Field Outpost,10,22.0,12.0,0.45,2,0.0,0.537,0.054,0.199,0.43,0.359,0.307,7.7,0.233,61.0,,11028.0,,66.0,2.6,0.2835,0.3473,0,LOW
DEF-14993,Naik,1,Field Outpost,61,15.3,14.0,0.45,1,1.0,0.505,,0.556,0.505,0.525,0.167,8.0,0.236,54.0,64.0,,,48.0,2.3,0.4821,0.4472,1,MEDIUM
DEF-14994,Sepoy,1,Peace Station,45,30.8,17.0,0.15,3,0.0,0.331,-0.593,0.621,0.469,0.504,0.549,6.9,,,76.0,,,57.0,2.5,0.2833,0.2791,0,LOW
DEF-14995,Subedar,3,Peace Station,64,18.5,12.0,0.15,1,0.0,0.254,,0.855,0.714,0.929,0.521,7.1,0.165,39.4,63.0,7988.0,0.73,69.0,4.2,0.5913,0.594,1,MEDIUM
DEF-14996,Sepoy,1,Peace Station,87,25.2,10.0,0.15,2,0.0,0.04,-0.07,0.761,0.91,0.501,0.533,,0.187,,,6207.0,0.63,84.0,3.7,0.9038,0.7695,2,HIGH
DEF-14997,Sepoy,1,Field Outpost,19,15.7,10.0,0.45,1,0.0,0.497,0.085,0.38,0.34,0.397,0.26,,0.26,60.6,72.0,7181.0,,84.0,2.1,0.1732,0.1689,0,LOW
DEF-14998,Havildar,2,Counter-Insurgency,34,,12.0,0.9,2,1.0,0.738,-0.088,0.591,0.312,0.718,0.162,6.4,0.305,55.5,72.0,5510.0,0.85,50.0,2.3,0.6899,0.5056,1,MEDIUM
DEF-14999,Naik,1,Field Outpost,37,22.2,12.0,0.45,4,1.0,0.474,-0.627,0.937,0.512,0.652,0.561,4.9,,33.2,,9640.0,,96.0,3.8,0.7495,0.5907,2,HIGH
